{"type": "FeatureCollection", "name": "exposed_infrastructure", "features": [{"type": "Feature", "geometry": {"type": "MultiLineString", "coordinates": [[[77.70996314732997, 8.764165358775829], [77.71000428818775, 8.764218453444977]], [[77.71005482964482, 8.764283680100597], [77.71007391342681, 8.764308308808635]]]}, "properties": {"feature_type": "road", "sub_type": "primary"}}, {"type": "Feature", "geometry": {"type": "LineString", "coordinates": [[77.7092012757667, 8.762236404258557], [77.70922329643942, 8.762336339971167]]}, "properties": {"feature_type": "road", "sub_type": "primary"}}, {"type": "Feature", "geometry": {"type": "LineString", "coordinates": [[77.6847342135514, 8.71054624601993], [77.6847568, 8.710578999999997], [77.6847726, 8.7106296], [77.68477277759138, 8.710636330465677]]}, "properties": {"feature_type": "road", "sub_type": "unclassified"}}, {"type": "Feature", "geometry": {"type": "LineString", "coordinates": [[77.69356168456292, 8.74210845813272], [77.693534, 8.742308599999998], [77.69350953094377, 8.74247025393361]]}, "properties": {"feature_type": "road", "sub_type": "secondary"}}, {"type": "Feature", "geometry": {"type": "LineString", "coordinates": [[77.6936718195951, 8.73876449553454], [77.69364254188024, 8.739306840938207]]}, "properties": {"feature_type": "road", "sub_type": "secondary"}}, {"type": "Feature", "geometry": {"type": "LineString", "coordinates": [[77.72198870312417, 8.749946681134793], [77.7219905, 8.749961899999999], [77.721969, 8.750100699999999], [77.7219313, 8.750225000000002], [77.72189938833046, 8.750308740318756]]}, "properties": {"feature_type": "road", "sub_type": "secondary"}}, {"type": "Feature", "geometry": {"type": "MultiLineString", "coordinates": [[[77.69737050971953, 8.718136810855132], [77.6973702905357, 8.718137013656644]], [[77.69728029460072, 8.718220283060292], [77.69727187983477, 8.71822806888223]], [[77.69719007944092, 8.718303755255814], [77.69717346908502, 8.71831912409638]]]}, "properties": {"feature_type": "road", "sub_type": "secondary"}}, {"type": "Feature", "geometry": {"type": "LineString", "coordinates": [[77.71306122334651, 8.715359462317577], [77.71306456728935, 8.71531453272968]]}, "properties": {"feature_type": "road", "sub_type": "secondary"}}, {"type": "Feature", "geometry": {"type": "LineString", "coordinates": [[77.71312512265838, 8.714500906048043], [77.71313857944489, 8.714320100124175]]}, "properties": {"feature_type": "road", "sub_type": "secondary"}}, {"type": "Feature", "geometry": {"type": "LineString", "coordinates": [[77.71317894988687, 8.713777682364325], [77.71319240672835, 8.713596876448287]]}, "properties": {"feature_type": "road", "sub_type": "secondary"}}, {"type": "Feature", "geometry": {"type": "MultiLineString", "coordinates": [[[77.71330288669277, 8.711094644890178], [77.71327582194318, 8.711066343571028]], [[77.71321138511642, 8.710998962640126], [77.71301835942924, 8.710797117396778]]]}, "properties": {"feature_type": "road", "sub_type": "secondary"}}, {"type": "Feature", "geometry": {"type": "LineString", "coordinates": [[77.67573208155657, 8.714700295901785], [77.6758217550222, 8.7147655633717]]}, "properties": {"feature_type": "road", "sub_type": "tertiary"}}, {"type": "Feature", "geometry": {"type": "LineString", "coordinates": [[77.67389793710358, 8.709538366452614], [77.6739015, 8.709589499999998], [77.67389935792605, 8.709628714164381]]}, "properties": {"feature_type": "road", "sub_type": "tertiary"}}, {"type": "Feature", "geometry": {"type": "LineString", "coordinates": [[77.67392187670352, 8.708453905481822], [77.6738571, 8.708635299999996], [77.6738463, 8.7087884], [77.67385377271987, 8.708906173214588]]}, "properties": {"feature_type": "road", "sub_type": "tertiary"}}, {"type": "Feature", "geometry": {"type": "LineString", "coordinates": [[77.67585438233594, 8.706360313207117], [77.6758281, 8.7063823], [77.67575070000001, 8.7064568], [77.6756606, 8.706583899999998], [77.67562999199377, 8.706634731969938]]}, "properties": {"feature_type": "road", "sub_type": "tertiary"}}, {"type": "Feature", "geometry": {"type": "LineString", "coordinates": [[77.6775751478774, 8.705702754310186], [77.677516, 8.7057169], [77.6773205, 8.705788500000002], [77.67712229610063, 8.705873052560817]]}, "properties": {"feature_type": "road", "sub_type": "tertiary"}}, {"type": "Feature", "geometry": {"type": "LineString", "coordinates": [[77.74963731488357, 8.716226065480848], [77.7496755, 8.716168200000002], [77.7499330708314, 8.715708351785606]]}, "properties": {"feature_type": "road", "sub_type": "secondary"}}, {"type": "Feature", "geometry": {"type": "MultiLineString", "coordinates": [[[77.75003632864188, 8.715500358027592], [77.75010541326837, 8.715319153272587]], [[77.75011172213148, 8.715302605504716], [77.7501476, 8.715208499999997], [77.75036676385974, 8.714775147267186]]]}, "properties": {"feature_type": "road", "sub_type": "secondary"}}, {"type": "Feature", "geometry": {"type": "LineString", "coordinates": [[77.66291512582573, 8.725822905009204], [77.66327838972619, 8.725821471447082]]}, "properties": {"feature_type": "road", "sub_type": "tertiary"}}, {"type": "Feature", "geometry": {"type": "LineString", "coordinates": [[77.75517359690508, 8.736856227483282], [77.75515774215542, 8.736876614225896]]}, "properties": {"feature_type": "road", "sub_type": "tertiary"}}, {"type": "Feature", "geometry": {"type": "LineString", "coordinates": [[77.75589324761282, 8.735921998112726], [77.7558580313312, 8.735968003337769]]}, "properties": {"feature_type": "road", "sub_type": "tertiary"}}, {"type": "Feature", "geometry": {"type": "MultiLineString", "coordinates": [[[77.68304753914771, 8.746610599352387], [77.6831838, 8.746637599999998], [77.68349846410466, 8.746693082274772]], [[77.68352396274908, 8.74669757823963], [77.68368033812946, 8.746725150573662]]]}, "properties": {"feature_type": "road", "sub_type": "secondary"}}, {"type": "Feature", "geometry": {"type": "MultiLineString", "coordinates": [[[77.68109276331373, 8.746714810154188], [77.681155, 8.7468016], [77.6811771, 8.746818599999997], [77.68120270000001, 8.7468283], [77.68122885575129, 8.746825400660203]], [[77.68134224944774, 8.74680339960332], [77.6817015, 8.7467287], [77.68177302176309, 8.746718150337633]], [[77.68183113574818, 8.746709578350492], [77.6824746281861, 8.746614660688968]], [[77.68249883674056, 8.746611613154935], [77.68295287933788, 8.746602080893721]]]}, "properties": {"feature_type": "road", "sub_type": "secondary"}}, {"type": "Feature", "geometry": {"type": "LineString", "coordinates": [[77.6905522, 8.741266599999998], [77.69058497483334, 8.741226058631328]]}, "properties": {"feature_type": "road", "sub_type": "unclassified"}}, {"type": "Feature", "geometry": {"type": "LineString", "coordinates": [[77.6817015, 8.7467287], [77.68165839791648, 8.746620445406565]]}, "properties": {"feature_type": "road", "sub_type": "residential"}}, {"type": "Feature", "geometry": {"type": "LineString", "coordinates": [[77.7361779, 8.724088], [77.73646328009573, 8.72407653751532]]}, "properties": {"feature_type": "road", "sub_type": "residential"}}, {"type": "Feature", "geometry": {"type": "LineString", "coordinates": [[77.7501476, 8.715208499999997], [77.75029346560783, 8.715319565995793]]}, "properties": {"feature_type": "road", "sub_type": "residential"}}, {"type": "Feature", "geometry": {"type": "LineString", "coordinates": [[77.74938131411722, 8.714765207911963], [77.7489276311136, 8.71481515523309]]}, "properties": {"feature_type": "road", "sub_type": "residential"}}, {"type": "Feature", "geometry": {"type": "MultiLineString", "coordinates": [[[77.74531032817126, 8.741711880331327], [77.74526373220917, 8.741827475439031]], [[77.74522113302383, 8.741933219548862], [77.7452091, 8.7419631], [77.74518902939833, 8.742008722027524]], [[77.74513184133701, 8.742141389261977], [77.74511059461862, 8.742189995679945]]]}, "properties": {"feature_type": "road", "sub_type": "secondary"}}, {"type": "Feature", "geometry": {"type": "LineString", "coordinates": [[77.74575310495376, 8.740558992720764], [77.7457408, 8.7406041], [77.74557800905814, 8.74106095048239]]}, "properties": {"feature_type": "road", "sub_type": "secondary"}}, {"type": "Feature", "geometry": {"type": "MultiLineString", "coordinates": [[[77.7460635459908, 8.739291807704111], [77.7460459, 8.739348800000002], [77.74603640316984, 8.73938235693359]], [[77.74590690494072, 8.73992541047329], [77.745893, 8.7399876], [77.745819, 8.7402967], [77.74579955160979, 8.74037795105907]]]}, "properties": {"feature_type": "road", "sub_type": "secondary"}}, {"type": "Feature", "geometry": {"type": "MultiLineString", "coordinates": [[[77.74621011186754, 8.737212639321907], [77.74627662401194, 8.7372503468284]], [[77.74638663927048, 8.737934178857039], [77.7463686, 8.738148699999998], [77.74636383657756, 8.738205401413078]], [[77.74633097569348, 8.738476696903252], [77.7462651, 8.738728199999999], [77.7462275, 8.738848799999998], [77.7461699, 8.739010699999998], [77.7460916, 8.7392012], [77.7460635459908, 8.739291807704111]]]}, "properties": {"feature_type": "road", "sub_type": "secondary"}}, {"type": "Feature", "geometry": {"type": "LineString", "coordinates": [[77.74518254235448, 8.73666333177113], [77.7451941, 8.7366679], [77.74552000000001, 8.736804100000002], [77.7456392, 8.7368751], [77.74575657756968, 8.736944869490552]]}, "properties": {"feature_type": "road", "sub_type": "secondary"}}, {"type": "Feature", "geometry": {"type": "LineString", "coordinates": [[77.7433676488087, 8.735697239807589], [77.7434255, 8.735733400000003], [77.74345036791718, 8.735749730932543]]}, "properties": {"feature_type": "road", "sub_type": "secondary"}}, {"type": "Feature", "geometry": {"type": "LineString", "coordinates": [[77.74374108656671, 8.743464858848279], [77.74359789447098, 8.743498482051267]]}, "properties": {"feature_type": "road", "sub_type": "residential"}}, {"type": "Feature", "geometry": {"type": "LineString", "coordinates": [[77.74441466167654, 8.743418505767167], [77.7442449, 8.743411999999998], [77.7440891, 8.743418299999998], [77.74405141668423, 8.743421626372884]]}, "properties": {"feature_type": "road", "sub_type": "residential"}}, {"type": "Feature", "geometry": {"type": "LineString", "coordinates": [[77.75489836807431, 8.73647712261541], [77.7549411, 8.7364748]]}, "properties": {"feature_type": "road", "sub_type": "residential"}}, {"type": "Feature", "geometry": {"type": "LineString", "coordinates": [[77.75281902279956, 8.737756159079574], [77.7528909, 8.7377669], [77.7530405, 8.7378409], [77.75306114830424, 8.737885727499954]]}, "properties": {"feature_type": "road", "sub_type": "tertiary"}}, {"type": "Feature", "geometry": {"type": "LineString", "coordinates": [[77.74990593306164, 8.736800611833553], [77.75008758048908, 8.736803006952618]]}, "properties": {"feature_type": "road", "sub_type": "tertiary"}}, {"type": "Feature", "geometry": {"type": "MultiLineString", "coordinates": [[[77.74944460173627, 8.735924247014248], [77.7493619, 8.735982299999998], [77.74935517614408, 8.736000342566227]], [[77.74928208120282, 8.736196482977816], [77.74926611337995, 8.736239330459426]]]}, "properties": {"feature_type": "road", "sub_type": "tertiary"}}, {"type": "Feature", "geometry": {"type": "LineString", "coordinates": [[77.75044032513215, 8.735369299233083], [77.75043124314482, 8.735374973105941]]}, "properties": {"feature_type": "road", "sub_type": "tertiary"}}, {"type": "Feature", "geometry": {"type": "LineString", "coordinates": [[77.7452091, 8.7419631], [77.7452213617273, 8.741964441133797]]}, "properties": {"feature_type": "road", "sub_type": "residential"}}, {"type": "Feature", "geometry": {"type": "LineString", "coordinates": [[77.7421984797757, 8.744740973878065], [77.74222, 8.7445432], [77.7422383112385, 8.74437927456582]]}, "properties": {"feature_type": "road", "sub_type": "residential"}}, {"type": "Feature", "geometry": {"type": "LineString", "coordinates": [[77.74222, 8.7445432], [77.74197067562974, 8.744521779023588]]}, "properties": {"feature_type": "road", "sub_type": "residential"}}, {"type": "Feature", "geometry": {"type": "LineString", "coordinates": [[77.7460916, 8.7392012], [77.74592746002602, 8.739175194876212]]}, "properties": {"feature_type": "road", "sub_type": "residential"}}, {"type": "Feature", "geometry": {"type": "LineString", "coordinates": [[77.74264773012052, 8.74401489765604], [77.7426443, 8.7440594], [77.74263373009455, 8.744195704407527]]}, "properties": {"feature_type": "road", "sub_type": "residential"}}, {"type": "Feature", "geometry": {"type": "LineString", "coordinates": [[77.75480581123617, 8.736239940768366], [77.7550301, 8.7362001]]}, "properties": {"feature_type": "road", "sub_type": "residential"}}, {"type": "Feature", "geometry": {"type": "MultiLineString", "coordinates": [[[77.745893, 8.7399876], [77.74593345163522, 8.739993156008516]], [[77.74647891394369, 8.740070460614502], [77.7465619, 8.740083199999999], [77.7466252, 8.739572500000001], [77.74662680665854, 8.7395587804667]], [[77.74663739658416, 8.739468351280713], [77.7466469, 8.739387200000001], [77.7466631, 8.739307300000002], [77.74666712133691, 8.739287430942339]]]}, "properties": {"feature_type": "road", "sub_type": "residential"}}, {"type": "Feature", "geometry": {"type": "LineString", "coordinates": [[77.74666712133691, 8.739287430942339], [77.7467071, 8.7390899], [77.7467214, 8.7390589], [77.74684163159114, 8.738744051091821]]}, "properties": {"feature_type": "road", "sub_type": "residential"}}, {"type": "Feature", "geometry": {"type": "LineString", "coordinates": [[77.74936990738411, 8.737370424193482], [77.7494012, 8.7374418], [77.74943624140006, 8.737460294937817]]}, "properties": {"feature_type": "road", "sub_type": "residential"}}, {"type": "Feature", "geometry": {"type": "LineString", "coordinates": [[77.74927198246199, 8.737039863982183], [77.74929978671192, 8.737099876510333]]}, "properties": {"feature_type": "road", "sub_type": "residential"}}, {"type": "Feature", "geometry": {"type": "MultiLineString", "coordinates": [[[77.74982045735935, 8.737528685552192], [77.7499076, 8.7375364], [77.75018399267478, 8.737566162948124]], [[77.75045664733614, 8.73759470668539], [77.75104390000001, 8.737645999999998]]]}, "properties": {"feature_type": "road", "sub_type": "residential"}}, {"type": "Feature", "geometry": {"type": "LineString", "coordinates": [[77.73710927356223, 8.702040777122992], [77.7371089, 8.702091199999998], [77.73693902648735, 8.702102564180937]]}, "properties": {"feature_type": "road", "sub_type": "residential"}}, {"type": "Feature", "geometry": {"type": "LineString", "coordinates": [[77.7406790156169, 8.704422381231302], [77.74013403433528, 8.704403887267338]]}, "properties": {"feature_type": "road", "sub_type": "residential"}}, {"type": "Feature", "geometry": {"type": "MultiLineString", "coordinates": [[[77.73694978114047, 8.70358191152638], [77.73676976072679, 8.703579225455515]], [[77.73667732808664, 8.703577846241805], [77.7365603, 8.703576100000001]]]}, "properties": {"feature_type": "road", "sub_type": "residential"}}, {"type": "Feature", "geometry": {"type": "MultiLineString", "coordinates": [[[77.73595093699129, 8.703587732863717], [77.7363141181333, 8.703580799779013]], [[77.73640491339981, 8.703579066454203], [77.7365603, 8.703576100000001]]]}, "properties": {"feature_type": "road", "sub_type": "residential"}}, {"type": "Feature", "geometry": {"type": "LineString", "coordinates": [[77.6870865, 8.736936799999999], [77.68724277179848, 8.736900265364346]]}, "properties": {"feature_type": "road", "sub_type": "residential"}}, {"type": "Feature", "geometry": {"type": "LineString", "coordinates": [[77.68812103013222, 8.739707495998374], [77.6880979, 8.739773799999998], [77.68808346683952, 8.739798119201268]]}, "properties": {"feature_type": "road", "sub_type": "residential"}}, {"type": "Feature", "geometry": {"type": "LineString", "coordinates": [[77.68816998792326, 8.739553355230804], [77.6881631, 8.7395869], [77.68812103013222, 8.739707495998374]]}, "properties": {"feature_type": "road", "sub_type": "residential"}}, {"type": "Feature", "geometry": {"type": "LineString", "coordinates": [[77.6874713, 8.7377853], [77.6876253, 8.737739699999999], [77.68768473687592, 8.737722746701964]]}, "properties": {"feature_type": "road", "sub_type": "residential"}}, {"type": "Feature", "geometry": {"type": "LineString", "coordinates": [[77.70501481716332, 8.745542093682444], [77.7050429, 8.7455764], [77.7051076, 8.745650499999998], [77.70517220987455, 8.745730252827483]]}, "properties": {"feature_type": "road", "sub_type": "unclassified"}}, {"type": "Feature", "geometry": {"type": "LineString", "coordinates": [[77.69361482110928, 8.742379148683016], [77.693534, 8.742308599999998]]}, "properties": {"feature_type": "road", "sub_type": "residential"}}, {"type": "Feature", "geometry": {"type": "LineString", "coordinates": [[77.70153343947348, 8.741353180357311], [77.70144262086511, 8.741353311392748]]}, "properties": {"feature_type": "road", "sub_type": "residential"}}, {"type": "Feature", "geometry": {"type": "LineString", "coordinates": [[77.70931606478358, 8.737502165555089], [77.7090863, 8.737525]]}, "properties": {"feature_type": "road", "sub_type": "residential"}}, {"type": "Feature", "geometry": {"type": "LineString", "coordinates": [[77.72706246783756, 8.749729431748847], [77.72705920232376, 8.749458393995248]]}, "properties": {"feature_type": "road", "sub_type": "residential"}}, {"type": "Feature", "geometry": {"type": "MultiLineString", "coordinates": [[[77.74217176463574, 8.689535612459558], [77.74217112974857, 8.689445264139565]], [[77.74238305210808, 8.689020123877052], [77.7427043, 8.689022700000002], [77.74270953172261, 8.688899269984134]]]}, "properties": {"feature_type": "road", "sub_type": "residential"}}, {"type": "Feature", "geometry": {"type": "LineString", "coordinates": [[77.7434336817857, 8.689255465698054], [77.743432, 8.689204099999998], [77.7434188, 8.688800999999998], [77.74341594596179, 8.68871347663955]]}, "properties": {"feature_type": "road", "sub_type": "residential"}}, {"type": "Feature", "geometry": {"type": "LineString", "coordinates": [[77.71375699935561, 8.764372218432822], [77.71383980616594, 8.763829495478683]]}, "properties": {"feature_type": "road", "sub_type": "residential"}}, {"type": "Feature", "geometry": {"type": "LineString", "coordinates": [[77.74406992062454, 8.74445635348163], [77.74367, 8.744404200000002], [77.74363450000001, 8.744399], [77.74360441115583, 8.744388430817473]]}, "properties": {"feature_type": "road", "sub_type": "residential"}}, {"type": "Feature", "geometry": {"type": "MultiLineString", "coordinates": [[[77.74360156408596, 8.744188690767187], [77.74360284104544, 8.744174017855077]], [[77.74361730049263, 8.744007871535164], [77.7436197, 8.743980300000002], [77.7436209, 8.7439601], [77.7436168, 8.7439474], [77.7436038, 8.7439392], [77.7435465, 8.743939699999999], [77.7435303, 8.7439378], [77.7435188, 8.743928600000002], [77.7435146, 8.743914399999998], [77.743514, 8.7438817], [77.74350988946136, 8.74373759223896]]]}, "properties": {"feature_type": "road", "sub_type": "residential"}}, {"type": "Feature", "geometry": {"type": "LineString", "coordinates": [[77.7118737621447, 8.764620467936657], [77.711965, 8.764635099999998], [77.71214650488727, 8.764657590400528]]}, "properties": {"feature_type": "road", "sub_type": "unclassified"}}, {"type": "Feature", "geometry": {"type": "LineString", "coordinates": [[77.71414265323381, 8.701618174699503], [77.71409050000001, 8.7016128]]}, "properties": {"feature_type": "road", "sub_type": "residential"}}, {"type": "Feature", "geometry": {"type": "LineString", "coordinates": [[77.71405410941735, 8.701932431964156], [77.7140092, 8.7019282]]}, "properties": {"feature_type": "road", "sub_type": "residential"}}, {"type": "Feature", "geometry": {"type": "LineString", "coordinates": [[77.7154396, 8.698275599999999], [77.71563040000001, 8.6984457], [77.715814, 8.6985673], [77.71584620967033, 8.698593350996601]]}, "properties": {"feature_type": "road", "sub_type": "residential"}}, {"type": "Feature", "geometry": {"type": "MultiLineString", "coordinates": [[[77.71500878011169, 8.698404292193295], [77.71502722373886, 8.69835578439749]], [[77.71504322827198, 8.698313691552517], [77.715076, 8.6982275], [77.71507754741518, 8.698223091833915]]]}, "properties": {"feature_type": "road", "sub_type": "secondary"}}, {"type": "Feature", "geometry": {"type": "LineString", "coordinates": [[77.71517294305562, 8.69795134664856], [77.71523656177918, 8.697770183045202]]}, "properties": {"feature_type": "road", "sub_type": "secondary"}}, {"type": "Feature", "geometry": {"type": "LineString", "coordinates": [[77.715814, 8.6985673], [77.71584577667265, 8.69853329694861]]}, "properties": {"feature_type": "road", "sub_type": "residential"}}, {"type": "Feature", "geometry": {"type": "MultiLineString", "coordinates": [[[77.71584836888475, 8.697856171409978], [77.71575080843849, 8.697956276096564]], [[77.71567101849772, 8.698038146801292], [77.7154396, 8.698275599999999], [77.71539019758893, 8.6983198990442]]]}, "properties": {"feature_type": "road", "sub_type": "tertiary"}}, {"type": "Feature", "geometry": {"type": "LineString", "coordinates": [[77.7150241649338, 8.697931398237724], [77.71508188576202, 8.697951996427815]]}, "properties": {"feature_type": "road", "sub_type": "residential"}}, {"type": "Feature", "geometry": {"type": "LineString", "coordinates": [[77.73890948612573, 8.757865958284318], [77.7388387, 8.757820999999996], [77.7386160159525, 8.757700703092617]]}, "properties": {"feature_type": "road", "sub_type": "unclassified"}}, {"type": "Feature", "geometry": {"type": "LineString", "coordinates": [[77.71378044056698, 8.6942567295013], [77.7137769, 8.6942341], [77.71376634593227, 8.694166475063598]]}, "properties": {"feature_type": "road", "sub_type": "residential"}}, {"type": "Feature", "geometry": {"type": "LineString", "coordinates": [[77.71346013150809, 8.696608241489795], [77.7134926091617, 8.696336945099336]]}, "properties": {"feature_type": "road", "sub_type": "residential"}}, {"type": "Feature", "geometry": {"type": "LineString", "coordinates": [[77.71179788549509, 8.695355119647735], [77.7118632811778, 8.695173943575897]]}, "properties": {"feature_type": "road", "sub_type": "unclassified"}}, {"type": "Feature", "geometry": {"type": "LineString", "coordinates": [[77.71182771365916, 8.695407644163977], [77.7120997230811, 8.69535018745987]]}, "properties": {"feature_type": "road", "sub_type": "residential"}}, {"type": "Feature", "geometry": {"type": "LineString", "coordinates": [[77.71372630035518, 8.694244971360943], [77.7137769, 8.6942341], [77.71410778087537, 8.694164040701718]]}, "properties": {"feature_type": "road", "sub_type": "residential"}}, {"type": "Feature", "geometry": {"type": "LineString", "coordinates": [[77.71381320237806, 8.69651536884777], [77.71382270343396, 8.696424946180194]]}, "properties": {"feature_type": "road", "sub_type": "residential"}}, {"type": "Feature", "geometry": {"type": "LineString", "coordinates": [[77.71228580239675, 8.69597034987307], [77.71219624579, 8.695984766300533]]}, "properties": {"feature_type": "road", "sub_type": "residential"}}, {"type": "Feature", "geometry": {"type": "LineString", "coordinates": [[77.71348636548146, 8.698595862936648], [77.71339034460834, 8.69868690269324]]}, "properties": {"feature_type": "road", "sub_type": "residential"}}, {"type": "Feature", "geometry": {"type": "MultiLineString", "coordinates": [[[77.70859031247726, 8.69981362665689], [77.7085033063533, 8.699805988841531]], [[77.70849944614396, 8.699805649973337], [77.70813598078276, 8.699773743009953]], [[77.70786338173248, 8.699749812546788], [77.70768164901831, 8.699733858790099]]]}, "properties": {"feature_type": "road", "sub_type": "residential"}}, {"type": "Feature", "geometry": {"type": "MultiLineString", "coordinates": [[[77.710604, 8.6999259], [77.71049810223921, 8.699925193674202]], [[77.70922641538617, 8.699874836184568], [77.70886291788104, 8.699838449241497]]]}, "properties": {"feature_type": "road", "sub_type": "residential"}}, {"type": "Feature", "geometry": {"type": "LineString", "coordinates": [[77.71167219519985, 8.702494064732038], [77.711647, 8.7023069]]}, "properties": {"feature_type": "road", "sub_type": "residential"}}, {"type": "Feature", "geometry": {"type": "MultiLineString", "coordinates": [[[77.71131733683785, 8.70019677060955], [77.7111797, 8.700227899999998], [77.71104525997136, 8.700245354698643]], [[77.71084038995875, 8.700602537708601], [77.71090045489314, 8.700873174954438]]]}, "properties": {"feature_type": "road", "sub_type": "residential"}}, {"type": "Feature", "geometry": {"type": "MultiLineString", "coordinates": [[[77.71358321944643, 8.699594866733433], [77.7135494, 8.699613899999997], [77.7134891, 8.699622899999996], [77.7131725, 8.6997159], [77.7130388, 8.6997438], [77.71291947527493, 8.699774520221784]], [[77.71276751803107, 8.699813641648042], [77.7125925, 8.6998587], [77.7121365, 8.699960799999998], [77.7114808, 8.7001598], [77.71131733683785, 8.70019677060955]], [[77.71132941982172, 8.70187491940423], [77.7113817, 8.701967699999999], [77.711473, 8.702084400000002], [77.711647, 8.7023069]]]}, "properties": {"feature_type": "road", "sub_type": "residential"}}, {"type": "Feature", "geometry": {"type": "LineString", "coordinates": [[77.70904892562159, 8.700448711830958], [77.7094441, 8.700505900000001], [77.70950336092848, 8.700502911883918]]}, "properties": {"feature_type": "road", "sub_type": "residential"}}, {"type": "Feature", "geometry": {"type": "LineString", "coordinates": [[77.70777672446064, 8.70032725127692], [77.70836890000001, 8.7003503], [77.70877621446137, 8.700409245823304]]}, "properties": {"feature_type": "road", "sub_type": "residential"}}, {"type": "Feature", "geometry": {"type": "LineString", "coordinates": [[77.70668670973996, 8.700284887232836], [77.7073181, 8.7003094], [77.7075042207325, 8.700316644541239]]}, "properties": {"feature_type": "road", "sub_type": "residential"}}, {"type": "Feature", "geometry": {"type": "MultiLineString", "coordinates": [[[77.7106661, 8.700033599999994], [77.710604, 8.6999259], [77.710492011634, 8.69970146897998]], [[77.71035723269542, 8.699431363824388], [77.7103084, 8.6993335], [77.71018918750075, 8.698890430056352]]]}, "properties": {"feature_type": "road", "sub_type": "residential"}}, {"type": "Feature", "geometry": {"type": "LineString", "coordinates": [[77.71247433488927, 8.696931122437508], [77.7125344, 8.6969195]]}, "properties": {"feature_type": "road", "sub_type": "residential"}}, {"type": "Feature", "geometry": {"type": "LineString", "coordinates": [[77.71138350616498, 8.69677377442647], [77.71156531732031, 8.69680088376904]]}, "properties": {"feature_type": "road", "sub_type": "residential"}}, {"type": "Feature", "geometry": {"type": "LineString", "coordinates": [[77.7101425662336, 8.700995075943851], [77.7105054441471, 8.700945257808526]]}, "properties": {"feature_type": "road", "sub_type": "residential"}}, {"type": "Feature", "geometry": {"type": "LineString", "coordinates": [[77.7110298944252, 8.698110617918992], [77.71075772170008, 8.69814569657467]]}, "properties": {"feature_type": "road", "sub_type": "residential"}}, {"type": "Feature", "geometry": {"type": "MultiLineString", "coordinates": [[[77.71320720194318, 8.697820218435082], [77.7131287, 8.697838900000002], [77.71230020489647, 8.697970878599312]], [[77.71202805428813, 8.698008961098548], [77.7113722, 8.698066499999998], [77.71135326846216, 8.698068939991787]]]}, "properties": {"feature_type": "road", "sub_type": "residential"}}, {"type": "Feature", "geometry": {"type": "LineString", "coordinates": [[77.70742330133524, 8.701692177429345], [77.70760490328252, 8.701689806893459]]}, "properties": {"feature_type": "road", "sub_type": "residential"}}, {"type": "Feature", "geometry": {"type": "LineString", "coordinates": [[77.71313406902166, 8.70027398507579], [77.7132156, 8.7001996], [77.7136753635508, 8.699780224033354]]}, "properties": {"feature_type": "road", "sub_type": "residential"}}, {"type": "Feature", "geometry": {"type": "LineString", "coordinates": [[77.71229493994377, 8.69723962424653], [77.7126087, 8.6972286], [77.7128346, 8.697210200000002], [77.71293030072214, 8.697198578015978]]}, "properties": {"feature_type": "road", "sub_type": "residential"}}, {"type": "Feature", "geometry": {"type": "MultiLineString", "coordinates": [[[77.71132720277119, 8.701567028872727], [77.71178047445262, 8.701459528701001]], [[77.71214308493963, 8.701372617720354], [77.7126844, 8.7012425], [77.71277766440515, 8.701222155027954]], [[77.71350332797122, 8.701109992579909], [77.7137027, 8.7011078], [77.7142141, 8.7011329]]]}, "properties": {"feature_type": "road", "sub_type": "residential"}}, {"type": "Feature", "geometry": {"type": "LineString", "coordinates": [[77.70785705185205, 8.698869381734394], [77.7081764, 8.698878300000002], [77.7082172, 8.698879400000001], [77.70831118697676, 8.69888207402369]]}, "properties": {"feature_type": "road", "sub_type": "residential"}}, {"type": "Feature", "geometry": {"type": "MultiLineString", "coordinates": [[[77.71021801349895, 8.698860396476642], [77.7103117, 8.698861399999998], [77.71058097117077, 8.698821940652746]], [[77.71075782819452, 8.698796023691086], [77.71076239698176, 8.698795354171299]], [[77.7109437989454, 8.698765461418834], [77.71130657853703, 8.698702317741029]]]}, "properties": {"feature_type": "road", "sub_type": "residential"}}, {"type": "Feature", "geometry": {"type": "MultiLineString", "coordinates": [[[77.71130657853703, 8.698702317741029], [77.71139727339973, 8.698686531773237]], [[77.71176007457174, 8.69862642442413], [77.7120487, 8.698580500000002]]]}, "properties": {"feature_type": "road", "sub_type": "residential"}}, {"type": "Feature", "geometry": {"type": "MultiLineString", "coordinates": [[[77.71251155007204, 8.702098449749007], [77.7127932, 8.7020375], [77.71332775283423, 8.701948569857581]], [[77.71369090384347, 8.701936707159115], [77.7140092, 8.7019282]]]}, "properties": {"feature_type": "road", "sub_type": "residential"}}, {"type": "Feature", "geometry": {"type": "LineString", "coordinates": [[77.70509300000002, 8.7025301], [77.70515901041117, 8.70252014732447]]}, "properties": {"feature_type": "road", "sub_type": "residential"}}, {"type": "Feature", "geometry": {"type": "LineString", "coordinates": [[77.71015183438787, 8.70228275511921], [77.7103812, 8.7022433], [77.71042389495342, 8.702231669805402]]}, "properties": {"feature_type": "road", "sub_type": "residential"}}, {"type": "Feature", "geometry": {"type": "LineString", "coordinates": [[77.71133019067784, 8.70198196857601], [77.7113817, 8.701967699999999]]}, "properties": {"feature_type": "road", "sub_type": "residential"}}, {"type": "Feature", "geometry": {"type": "LineString", "coordinates": [[77.71084631290783, 8.697837597317251], [77.7111095, 8.697800199999998], [77.71129989730818, 8.697774083207518]]}, "properties": {"feature_type": "road", "sub_type": "residential"}}, {"type": "Feature", "geometry": {"type": "MultiLineString", "coordinates": [[[77.71129989730818, 8.697774083207518], [77.7115265, 8.697743000000001], [77.71175361327117, 8.697728888945182]], [[77.71220055820946, 8.697701481085893], [77.7125174, 8.6976822], [77.71302427026296, 8.697637577349377]]]}, "properties": {"feature_type": "road", "sub_type": "residential"}}, {"type": "Feature", "geometry": {"type": "MultiLineString", "coordinates": [[[77.70906867132997, 8.703193144768285], [77.70915937657307, 8.703178623048128]], [[77.70938269944382, 8.703142869430009], [77.70943149222127, 8.703135057770426]]]}, "properties": {"feature_type": "road", "sub_type": "residential"}}, {"type": "Feature", "geometry": {"type": "LineString", "coordinates": [[77.71052004545494, 8.70297355348081], [77.710778, 8.702937399999998], [77.71106445759463, 8.702911717839573]]}, "properties": {"feature_type": "road", "sub_type": "residential"}}, {"type": "Feature", "geometry": {"type": "MultiLineString", "coordinates": [[[77.71132199496707, 8.700843756098944], [77.71141273086766, 8.7008336018586]], [[77.71177561517499, 8.700784766610889], [77.71181779139722, 8.700776280831672]], [[77.7119569703257, 8.700748278250552], [77.71231968044462, 8.700675301302187]], [[77.71340782788054, 8.700458941707888], [77.713581, 8.700435500000001], [77.71368013269367, 8.700442083766077]]]}, "properties": {"feature_type": "road", "sub_type": "residential"}}, {"type": "Feature", "geometry": {"type": "MultiLineString", "coordinates": [[[77.71131435291495, 8.699782295811024], [77.711216, 8.699808499999998], [77.7109049, 8.699903200000001], [77.7107687, 8.699972799999998], [77.7106661, 8.700033599999994], [77.71067765024114, 8.700061566737924]], [[77.71068075561277, 8.700069085810512], [77.71075206448937, 8.700241746700291]]]}, "properties": {"feature_type": "road", "sub_type": "residential"}}, {"type": "Feature", "geometry": {"type": "MultiLineString", "coordinates": [[[77.71315405840537, 8.699321072457797], [77.7128913, 8.699404300000001], [77.7128072, 8.699434599999996], [77.7127094, 8.6994655], [77.71267427523541, 8.699475690803602]], [[77.71216888323218, 8.699599162346516], [77.7117531, 8.699665399999997], [77.71131435291495, 8.699782295811024]]]}, "properties": {"feature_type": "road", "sub_type": "residential"}}, {"type": "Feature", "geometry": {"type": "MultiLineString", "coordinates": [[[77.70837463773714, 8.707701841082315], [77.7083046, 8.707699800000002], [77.70819297801386, 8.707696571119971]], [[77.7080113184277, 8.707691323135649], [77.7078041, 8.707685400000003], [77.7076294, 8.707680399999997], [77.707479, 8.707676000000001], [77.70746633993046, 8.707675633046016]], [[77.70701219071283, 8.707662512781845], [77.70692136094523, 8.707659901478666]], [[77.7068593384215, 8.70767860877948], [77.70686496256974, 8.707859279464225]]]}, "properties": {"feature_type": "road", "sub_type": "residential"}}, {"type": "Feature", "geometry": {"type": "MultiLineString", "coordinates": [[[77.70949767579323, 8.70043139412349], [77.7094441, 8.700505900000001], [77.70943521847089, 8.700522194219584]], [[77.70941298407277, 8.700562985857724], [77.70938577636748, 8.700612901607693]]]}, "properties": {"feature_type": "road", "sub_type": "secondary"}}, {"type": "Feature", "geometry": {"type": "MultiLineString", "coordinates": [[[77.71084839812534, 8.697801472051307], [77.71084608557675, 8.697806006950586]], [[77.71062970819555, 8.698164450600375], [77.71057666462023, 8.698223483969764]], [[77.71054799783707, 8.698255387858968], [77.71030640346069, 8.698524263281675]], [[77.71024494049887, 8.698618967403785], [77.71021671719201, 8.698680237268293]], [[77.710089376857, 8.69898149623389], [77.7099949, 8.699237100000001], [77.7098856, 8.6993811], [77.7097221, 8.699581900000002], [77.70969177971573, 8.699797525088275]]]}, "properties": {"feature_type": "road", "sub_type": "secondary"}}, {"type": "Feature", "geometry": {"type": "MultiLineString", "coordinates": [[[77.71126827518992, 8.696894929458729], [77.7112318, 8.6969929], [77.7111706, 8.6971097], [77.71114564369896, 8.69716686848809]], [[77.71111442547519, 8.69723838141918], [77.71110607705754, 8.697257505496282]], [[77.71102502690937, 8.697434259947322], [77.7110229225825, 8.697438808166282]]]}, "properties": {"feature_type": "road", "sub_type": "secondary"}}, {"type": "Feature", "geometry": {"type": "LineString", "coordinates": [[77.71130098623343, 8.69680434130123], [77.71129308861653, 8.696828034150661]]}, "properties": {"feature_type": "road", "sub_type": "secondary"}}, {"type": "Feature", "geometry": {"type": "MultiLineString", "coordinates": [[[77.71184356537005, 8.710215439588303], [77.71189880000001, 8.710246999999999], [77.71193471587236, 8.710262496153437]], [[77.71193523474517, 8.710262720024687], [77.71211690512831, 8.710341102897114]], [[77.71214124524796, 8.710351604590423], [77.71220799977667, 8.710380406227303]]]}, "properties": {"feature_type": "road", "sub_type": "unclassified"}}, {"type": "Feature", "geometry": {"type": "LineString", "coordinates": [[77.70781456513035, 8.707581449265575], [77.7078041, 8.707685400000003], [77.70776094523946, 8.70794325248918]]}, "properties": {"feature_type": "road", "sub_type": "residential"}}, {"type": "Feature", "geometry": {"type": "MultiLineString", "coordinates": [[[77.70831140495379, 8.70757790929401], [77.7083046, 8.707699800000002], [77.70828783108149, 8.707849143075736]], [[77.70828506444026, 8.707873782636176], [77.70827767746017, 8.707939570696084]]]}, "properties": {"feature_type": "road", "sub_type": "residential"}}, {"type": "Feature", "geometry": {"type": "LineString", "coordinates": [[77.70718638392952, 8.70785699015255], [77.7071956679236, 8.707676213331656]]}, "properties": {"feature_type": "road", "sub_type": "residential"}}, {"type": "Feature", "geometry": {"type": "LineString", "coordinates": [[77.7111706, 8.6971097], [77.71065965457655, 8.69713692206959]]}, "properties": {"feature_type": "road", "sub_type": "residential"}}, {"type": "Feature", "geometry": {"type": "LineString", "coordinates": [[77.70947538818564, 8.696614150798359], [77.7094913, 8.696613399999999], [77.70983855043116, 8.696604389435295]]}, "properties": {"feature_type": "road", "sub_type": "residential"}}, {"type": "Feature", "geometry": {"type": "LineString", "coordinates": [[77.70802294989986, 8.696682681265957], [77.70865839192534, 8.696652699849642]]}, "properties": {"feature_type": "road", "sub_type": "residential"}}, {"type": "Feature", "geometry": {"type": "LineString", "coordinates": [[77.7038944034825, 8.703457461636779], [77.70391747931426, 8.703452836307118]]}, "properties": {"feature_type": "road", "sub_type": "residential"}}, {"type": "Feature", "geometry": {"type": "LineString", "coordinates": [[77.70391747931426, 8.703452836307118], [77.7039905, 8.703438200000003], [77.70407574688895, 8.70341890499629]]}, "properties": {"feature_type": "road", "sub_type": "residential"}}, {"type": "Feature", "geometry": {"type": "MultiLineString", "coordinates": [[[77.7076611783396, 8.696378480607548], [77.70747631052876, 8.696433625199637]], [[77.70735086772983, 8.696471043729725], [77.70729508250821, 8.69648768397697]]]}, "properties": {"feature_type": "road", "sub_type": "residential"}}, {"type": "Feature", "geometry": {"type": "LineString", "coordinates": [[77.70757216673896, 8.697136038369152], [77.70729990438545, 8.697158699222166]]}, "properties": {"feature_type": "road", "sub_type": "residential"}}, {"type": "Feature", "geometry": {"type": "LineString", "coordinates": [[77.70938000581901, 8.69597804875073], [77.70929312741035, 8.696005444776441]]}, "properties": {"feature_type": "road", "sub_type": "residential"}}, {"type": "Feature", "geometry": {"type": "LineString", "coordinates": [[77.70806226041377, 8.697640601209894], [77.7081013, 8.697937800000002]]}, "properties": {"feature_type": "road", "sub_type": "residential"}}, {"type": "Feature", "geometry": {"type": "MultiLineString", "coordinates": [[[77.70789030725183, 8.696557560952975], [77.70786569991473, 8.696377025373657]], [[77.70784111565011, 8.696196489620204], [77.70783765645629, 8.69617107577503]], [[77.7078288288786, 8.696106221701594], [77.7078132, 8.6959914], [77.70780426486215, 8.695925685789138]]]}, "properties": {"feature_type": "road", "sub_type": "residential"}}, {"type": "Feature", "geometry": {"type": "MultiLineString", "coordinates": [[[77.70728937243534, 8.695692997340222], [77.7068999, 8.695766799999996], [77.70683594923557, 8.695778911216438]], [[77.70629184054195, 8.695881955957574], [77.7062293, 8.6958938]]]}, "properties": {"feature_type": "road", "sub_type": "residential"}}, {"type": "Feature", "geometry": {"type": "LineString", "coordinates": [[77.70536034162737, 8.70407506213135], [77.70540726967558, 8.70434579469302]]}, "properties": {"feature_type": "road", "sub_type": "residential"}}, {"type": "Feature", "geometry": {"type": "LineString", "coordinates": [[77.70526665247097, 8.70353359573356], [77.7052982, 8.703715799999998], [77.70531350731976, 8.703804328873819]]}, "properties": {"feature_type": "road", "sub_type": "residential"}}, {"type": "Feature", "geometry": {"type": "LineString", "coordinates": [[77.7051943, 8.7031151], [77.70520390000001, 8.7031707], [77.70520423145233, 8.70317261779757]]}, "properties": {"feature_type": "road", "sub_type": "residential"}}, {"type": "Feature", "geometry": {"type": "MultiLineString", "coordinates": [[[77.70830676192291, 8.698266637172512], [77.70827815087837, 8.698271551767167]], [[77.70821606531719, 8.698282216360463], [77.70813, 8.698296999999998], [77.7080505, 8.698309299999998], [77.70767167746949, 8.698346766082903]]]}, "properties": {"feature_type": "road", "sub_type": "residential"}}, {"type": "Feature", "geometry": {"type": "LineString", "coordinates": [[77.70880978144575, 8.697815990832341], [77.70866693460108, 8.697840844723844]]}, "properties": {"feature_type": "road", "sub_type": "residential"}}, {"type": "Feature", "geometry": {"type": "LineString", "coordinates": [[77.7081227610717, 8.697935082526897], [77.7081013, 8.697937800000002], [77.70775985809064, 8.69798116490699]]}, "properties": {"feature_type": "road", "sub_type": "residential"}}, {"type": "Feature", "geometry": {"type": "LineString", "coordinates": [[77.7051943, 8.7031151], [77.70507254157008, 8.703124322175055]]}, "properties": {"feature_type": "road", "sub_type": "residential"}}, {"type": "Feature", "geometry": {"type": "LineString", "coordinates": [[77.70449397822952, 8.690889311118237], [77.7046047, 8.690523800000001], [77.7046192, 8.6904758], [77.70463326908705, 8.69043654383776]]}, "properties": {"feature_type": "road", "sub_type": "unclassified"}}, {"type": "Feature", "geometry": {"type": "LineString", "coordinates": [[77.703802, 8.691616], [77.70380903837942, 8.691563797181049]]}, "properties": {"feature_type": "road", "sub_type": "residential"}}, {"type": "Feature", "geometry": {"type": "LineString", "coordinates": [[77.7019768923022, 8.689331388893981], [77.7019005, 8.689234099999998], [77.70188526054731, 8.689216271014354]]}, "properties": {"feature_type": "road", "sub_type": "unclassified"}}, {"type": "Feature", "geometry": {"type": "LineString", "coordinates": [[77.70121646228625, 8.687388697265659], [77.7012029, 8.687325199999998], [77.70116734172039, 8.68720833386981]]}, "properties": {"feature_type": "road", "sub_type": "unclassified"}}, {"type": "Feature", "geometry": {"type": "LineString", "coordinates": [[77.70303355076591, 8.690447902264275], [77.70292443216088, 8.690358321075262]]}, "properties": {"feature_type": "road", "sub_type": "unclassified"}}, {"type": "Feature", "geometry": {"type": "MultiLineString", "coordinates": [[[77.70489457395844, 8.690985154380844], [77.70480368925784, 8.69097433786814]], [[77.7044402846503, 8.690949780755872], [77.70434950981269, 8.690954281541453]]]}, "properties": {"feature_type": "road", "sub_type": "unclassified"}}, {"type": "Feature", "geometry": {"type": "LineString", "coordinates": [[77.7033635672867, 8.692758174265833], [77.7033106, 8.692762500000002], [77.70314920000001, 8.692773199999998], [77.703, 8.692788199999999], [77.7028944, 8.6927904], [77.70281895655349, 8.692790972992464]]}, "properties": {"feature_type": "road", "sub_type": "residential"}}, {"type": "Feature", "geometry": {"type": "LineString", "coordinates": [[77.70136067564442, 8.692043440235], [77.7008607, 8.692105400000003], [77.7005187, 8.6921462]]}, "properties": {"feature_type": "road", "sub_type": "residential"}}, {"type": "Feature", "geometry": {"type": "LineString", "coordinates": [[77.7037424, 8.691769199999998], [77.7031373, 8.6918738], [77.702517, 8.6919323], [77.70244961249553, 8.69193827364538]]}, "properties": {"feature_type": "road", "sub_type": "residential"}}, {"type": "Feature", "geometry": {"type": "LineString", "coordinates": [[77.7046047, 8.690523800000001], [77.70489134067464, 8.690534488963346]]}, "properties": {"feature_type": "road", "sub_type": "residential"}}, {"type": "Feature", "geometry": {"type": "LineString", "coordinates": [[77.69925938618175, 8.686318297922197], [77.6992086, 8.6861868], [77.699185, 8.6861256], [77.69913154662827, 8.68595777963208]]}, "properties": {"feature_type": "road", "sub_type": "residential"}}, {"type": "Feature", "geometry": {"type": "LineString", "coordinates": [[77.6997554741728, 8.70880288141986], [77.6995463, 8.7088074], [77.69948308140867, 8.708808817749073]]}, "properties": {"feature_type": "road", "sub_type": "residential"}}, {"type": "Feature", "geometry": {"type": "LineString", "coordinates": [[77.69918384878102, 8.717726922656034], [77.6993918, 8.7176873], [77.69945592260282, 8.717675674961987]]}, "properties": {"feature_type": "road", "sub_type": "residential"}}, {"type": "Feature", "geometry": {"type": "MultiLineString", "coordinates": [[[77.7478879140642, 8.746446960422809], [77.7477591964714, 8.74650769268499]], [[77.74716389653454, 8.746790840701738], [77.74698871703902, 8.746874695592004]]]}, "properties": {"feature_type": "road", "sub_type": "trunk"}}, {"type": "Feature", "geometry": {"type": "LineString", "coordinates": [[77.74901846641102, 8.74586608187156], [77.74897363792195, 8.745890351623007]]}, "properties": {"feature_type": "road", "sub_type": "trunk"}}, {"type": "Feature", "geometry": {"type": "LineString", "coordinates": [[77.74999111099717, 8.745136198674645], [77.7499882, 8.745139799999999], [77.7497868433835, 8.745325101236547]]}, "properties": {"feature_type": "road", "sub_type": "trunk"}}, {"type": "Feature", "geometry": {"type": "MultiLineString", "coordinates": [[[77.74933532395885, 8.745674697927193], [77.74932226350572, 8.745683170726245]], [[77.74852134844203, 8.746135216776842], [77.74851099068806, 8.746140824356011]]]}, "properties": {"feature_type": "road", "sub_type": "trunk"}}, {"type": "Feature", "geometry": {"type": "MultiLineString", "coordinates": [[[77.75257114881792, 8.741102496170269], [77.75254699073474, 8.741142134404182]], [[77.75248141430733, 8.741249731223393], [77.7522151223628, 8.74168665851893]]]}, "properties": {"feature_type": "road", "sub_type": "trunk"}}, {"type": "Feature", "geometry": {"type": "LineString", "coordinates": [[77.75337665812336, 8.739780824087303], [77.75328902277231, 8.73992461572726]]}, "properties": {"feature_type": "road", "sub_type": "trunk"}}, {"type": "Feature", "geometry": {"type": "LineString", "coordinates": [[77.6918239204765, 8.742496259275411], [77.6915795858046, 8.742303266230032]]}, "properties": {"feature_type": "road", "sub_type": "secondary"}}, {"type": "Feature", "geometry": {"type": "LineString", "coordinates": [[77.69080120165506, 8.743754501059163], [77.690798, 8.743955399999999], [77.69084020051935, 8.744386718511358]]}, "properties": {"feature_type": "road", "sub_type": "primary"}}, {"type": "Feature", "geometry": {"type": "LineString", "coordinates": [[77.75044143042298, 8.735284547033118], [77.7503302952392, 8.735104649477664]]}, "properties": {"feature_type": "road", "sub_type": "tertiary"}}, {"type": "Feature", "geometry": {"type": "LineString", "coordinates": [[77.73619179975924, 8.723912862987946], [77.7361779, 8.724088], [77.73617745334468, 8.724093672856]]}, "properties": {"feature_type": "road", "sub_type": "unclassified"}}, {"type": "Feature", "geometry": {"type": "LineString", "coordinates": [[77.64618838437713, 8.697729991153905], [77.6461751, 8.6977282], [77.6460555, 8.6977238], [77.6458896, 8.697708200000001]]}, "properties": {"feature_type": "road", "sub_type": "tertiary"}}, {"type": "Feature", "geometry": {"type": "LineString", "coordinates": [[77.65154479359245, 8.697511056845281], [77.65145390564585, 8.69750033366523]]}, "properties": {"feature_type": "road", "sub_type": "tertiary"}}, {"type": "Feature", "geometry": {"type": "LineString", "coordinates": [[77.65942335733882, 8.654611412139193], [77.6594205, 8.6546427], [77.6594245, 8.654683799999999], [77.659438, 8.654711600000004], [77.6594701, 8.654735499999997], [77.6595157, 8.654754], [77.65959850324882, 8.654768999558057]]}, "properties": {"feature_type": "road", "sub_type": "unclassified"}}, {"type": "Feature", "geometry": {"type": "LineString", "coordinates": [[77.64499353739582, 8.670343773495228], [77.6449902, 8.670234], [77.6449728, 8.669665399999998], [77.64498248975244, 8.669440251139394]]}, "properties": {"feature_type": "road", "sub_type": "unclassified"}}, {"type": "Feature", "geometry": {"type": "LineString", "coordinates": [[77.68430264253155, 8.678382193281951], [77.6842779, 8.6786435], [77.68426323695228, 8.678834256118032]]}, "properties": {"feature_type": "road", "sub_type": "unclassified"}}, {"type": "Feature", "geometry": {"type": "LineString", "coordinates": [[77.68017004021266, 8.673080176020116], [77.68015850477062, 8.673086965791999]]}, "properties": {"feature_type": "road", "sub_type": "residential"}}, {"type": "Feature", "geometry": {"type": "LineString", "coordinates": [[77.67699442056033, 8.726173549838105], [77.67669830000001, 8.7262073], [77.67663146540772, 8.72621778756155]]}, "properties": {"feature_type": "road", "sub_type": "primary"}}, {"type": "Feature", "geometry": {"type": "LineString", "coordinates": [[77.69522461081975, 8.711646608328433], [77.6952156, 8.7115972], [77.6952031, 8.711484400000002], [77.6952076, 8.7113932], [77.6952145, 8.7113525], [77.6952245, 8.7113112], [77.6952436, 8.711271800000002], [77.6952673, 8.711230900000002], [77.6953168, 8.711168800000001], [77.69532258969792, 8.711161596182396]]}, "properties": {"feature_type": "road", "sub_type": "unclassified"}}, {"type": "Feature", "geometry": {"type": "LineString", "coordinates": [[77.6775042, 8.732264899999997], [77.67756975918374, 8.732463293451753]]}, "properties": {"feature_type": "road", "sub_type": "residential"}}, {"type": "Feature", "geometry": {"type": "LineString", "coordinates": [[77.68010376182318, 8.71646366272299], [77.68001288921212, 8.716455588192783]]}, "properties": {"feature_type": "road", "sub_type": "residential"}}, {"type": "Feature", "geometry": {"type": "LineString", "coordinates": [[77.74265568943818, 8.757387029602368], [77.7427566, 8.757498899999998], [77.74281265648554, 8.757566595793124]]}, "properties": {"feature_type": "road", "sub_type": "secondary"}}, {"type": "Feature", "geometry": {"type": "LineString", "coordinates": [[77.74257471862336, 8.757297264512335], [77.74265568943818, 8.757387029602368]]}, "properties": {"feature_type": "road", "sub_type": "secondary"}}, {"type": "Feature", "geometry": {"type": "LineString", "coordinates": [[77.70027756917509, 8.709261475661197], [77.7002749, 8.709300999999998], [77.70026012339336, 8.709351955463273]]}, "properties": {"feature_type": "road", "sub_type": "secondary"}}, {"type": "Feature", "geometry": {"type": "LineString", "coordinates": [[77.71400737733751, 8.70193527740176], [77.7140092, 8.7019282], [77.71409050000001, 8.7016128], [77.714148, 8.701389700000002], [77.7142141, 8.7011329], [77.71424080000001, 8.701028999999998], [77.7142870682222, 8.700849023051676]]}, "properties": {"feature_type": "road", "sub_type": "secondary"}}, {"type": "Feature", "geometry": {"type": "LineString", "coordinates": [[77.75466365315572, 8.74311448138636], [77.7545558, 8.742776399999999], [77.75454909870672, 8.742753907729439]]}, "properties": {"feature_type": "road", "sub_type": "tertiary"}}, {"type": "Feature", "geometry": {"type": "MultiLineString", "coordinates": [[[77.75680747995693, 8.75656126533343], [77.7568196, 8.756496600000002], [77.75681621482634, 8.756380498466905]], [[77.7568109472089, 8.75619983371698], [77.7568048, 8.755989], [77.7568263, 8.755906799999998], [77.75690458787503, 8.755747392930475]]]}, "properties": {"feature_type": "road", "sub_type": "tertiary"}}, {"type": "Feature", "geometry": {"type": "LineString", "coordinates": [[77.75739985254793, 8.754659562343004], [77.75750572937653, 8.754297384016102]]}, "properties": {"feature_type": "road", "sub_type": "tertiary"}}, {"type": "Feature", "geometry": {"type": "LineString", "coordinates": [[77.7577506709334, 8.753847990725307], [77.7577798, 8.7537979], [77.75779906568935, 8.753662783977287]]}, "properties": {"feature_type": "road", "sub_type": "tertiary"}}, {"type": "Feature", "geometry": {"type": "LineString", "coordinates": [[77.75781828542912, 8.753391589244421], [77.75781940743653, 8.753210878021093]]}, "properties": {"feature_type": "road", "sub_type": "tertiary"}}, {"type": "Feature", "geometry": {"type": "LineString", "coordinates": [[77.71055862588021, 8.695716278488844], [77.7109793, 8.6959812], [77.7109978106035, 8.695993305256636]]}, "properties": {"feature_type": "road", "sub_type": "primary"}}, {"type": "Feature", "geometry": {"type": "MultiLineString", "coordinates": [[[77.71247768736475, 8.696886310546724], [77.7125344, 8.6969195], [77.71256517929123, 8.696936180479957]], [[77.71263777776934, 8.696975524365364], [77.712811, 8.6970694], [77.71292989504731, 8.697142243745208]]]}, "properties": {"feature_type": "road", "sub_type": "primary"}}, {"type": "Feature", "geometry": {"type": "MultiLineString", "coordinates": [[[77.70815781663984, 8.693393220977917], [77.70854773824976, 8.69389177834283]], [[77.70886426065714, 8.694291747470698], [77.70891415923377, 8.694335700665235]]]}, "properties": {"feature_type": "road", "sub_type": "primary"}}, {"type": "Feature", "geometry": {"type": "LineString", "coordinates": [[77.7073530364848, 8.69191438522162], [77.7077533, 8.692876000000002], [77.70781454251467, 8.692954305736677]]}, "properties": {"feature_type": "road", "sub_type": "primary"}}, {"type": "Feature", "geometry": {"type": "MultiLineString", "coordinates": [[[77.70465817946983, 8.686822142994894], [77.70468332654119, 8.686853595749746]], [[77.7047300127474, 8.686911988602109], [77.7047664, 8.686957499999998], [77.70477497163515, 8.686970593954065]], [[77.70485432746344, 8.687091817148428], [77.70486678354392, 8.687110844925286]]]}, "properties": {"feature_type": "road", "sub_type": "primary"}}, {"type": "Feature", "geometry": {"type": "LineString", "coordinates": [[77.70157265179736, 8.683605024229115], [77.70178918125829, 8.683770403125765]]}, "properties": {"feature_type": "road", "sub_type": "primary"}}, {"type": "Feature", "geometry": {"type": "LineString", "coordinates": [[77.69655350597408, 8.680129729989005], [77.69673599835454, 8.680253225887279]]}, "properties": {"feature_type": "road", "sub_type": "primary"}}, {"type": "Feature", "geometry": {"type": "LineString", "coordinates": [[77.73816042352136, 8.757497398444105], [77.7380586, 8.757458199999999], [77.73796378441664, 8.757421045452398]]}, "properties": {"feature_type": "road", "sub_type": "unclassified"}}, {"type": "Feature", "geometry": {"type": "LineString", "coordinates": [[77.73843365596792, 8.757602583049264], [77.73825150099225, 8.757532460006443]]}, "properties": {"feature_type": "road", "sub_type": "unclassified"}}, {"type": "Feature", "geometry": {"type": "LineString", "coordinates": [[77.73796378441664, 8.757421045452398], [77.73773739558008, 8.75733233231285]]}, "properties": {"feature_type": "road", "sub_type": "unclassified"}}, {"type": "Feature", "geometry": {"type": "MultiLineString", "coordinates": [[[77.68530225203959, 8.681342111100498], [77.6851469, 8.681318799999998], [77.68502960171085, 8.681309528123553]], [[77.68492370100061, 8.681088532023635], [77.68496265798878, 8.680907543579236]]]}, "properties": {"feature_type": "road", "sub_type": "unclassified"}}, {"type": "Feature", "geometry": {"type": "MultiLineString", "coordinates": [[[77.73406759733822, 8.751214874557144], [77.7340905, 8.751258300000002], [77.7341852, 8.7513921], [77.73418773897791, 8.751394712591939]], [[77.73430221295928, 8.751512505514691], [77.7343621287317, 8.75157415837085]]]}, "properties": {"feature_type": "road", "sub_type": "unclassified"}}, {"type": "Feature", "geometry": {"type": "LineString", "coordinates": [[77.73149099935625, 8.747709706136039], [77.7316419001104, 8.747874622694997]]}, "properties": {"feature_type": "road", "sub_type": "unclassified"}}, {"type": "Feature", "geometry": {"type": "LineString", "coordinates": [[77.63028507067833, 8.691951307747527], [77.6303116, 8.6920247], [77.63037686625259, 8.6921313952691]]}, "properties": {"feature_type": "road", "sub_type": "residential"}}, {"type": "Feature", "geometry": {"type": "MultiLineString", "coordinates": [[[77.68805744042821, 8.736522683830149], [77.68813430000002, 8.7365079], [77.6882959, 8.736476899999998], [77.68832952346715, 8.736470378789493]], [[77.68842021667447, 8.736452788991203], [77.68842157234158, 8.736452526061631]]]}, "properties": {"feature_type": "road", "sub_type": "residential"}}, {"type": "Feature", "geometry": {"type": "LineString", "coordinates": [[77.68812416591132, 8.736454636322216], [77.68813430000002, 8.7365079]]}, "properties": {"feature_type": "road", "sub_type": "residential"}}, {"type": "Feature", "geometry": {"type": "MultiLineString", "coordinates": [[[77.64255371836909, 8.674697956037928], [77.64257588538601, 8.674661525713997]], [[77.64260893310085, 8.6746072135254], [77.6426634, 8.674517699999999], [77.64266462874724, 8.674516467680942]]]}, "properties": {"feature_type": "road", "sub_type": "unclassified"}}, {"type": "Feature", "geometry": {"type": "LineString", "coordinates": [[77.65120739689283, 8.67534821351354], [77.65138894621204, 8.675338960475383]]}, "properties": {"feature_type": "road", "sub_type": "unclassified"}}, {"type": "Feature", "geometry": {"type": "LineString", "coordinates": [[77.69054353849944, 8.74125736741946], [77.6905522, 8.741266599999998], [77.69063510378732, 8.741361142582784]]}, "properties": {"feature_type": "road", "sub_type": "primary"}}, {"type": "Feature", "geometry": {"type": "MultiLineString", "coordinates": [[[77.6893725221957, 8.740060037211721], [77.6895037, 8.7401726], [77.68974338172845, 8.740418829336763]], [[77.69017469784929, 8.74086754784423], [77.69017748027032, 8.740870466185395]]]}, "properties": {"feature_type": "road", "sub_type": "primary"}}, {"type": "Feature", "geometry": {"type": "MultiLineString", "coordinates": [[[77.68843938099995, 8.739125661556175], [77.68847070350512, 8.739162874567496]], [[77.68853098137866, 8.73923448825521], [77.68862190798511, 8.739342514368381]]]}, "properties": {"feature_type": "road", "sub_type": "primary"}}, {"type": "Feature", "geometry": {"type": "MultiLineString", "coordinates": [[[77.68744370711202, 8.737724456728612], [77.6874713, 8.7377853], [77.68748685415613, 8.737814507267274]], [[77.687522259263, 8.737880990206591], [77.68753479195028, 8.73790452380549]], [[77.68758273350761, 8.737994540303795], [77.6876835, 8.738183699999999], [77.68780958622699, 8.738354357199285]]]}, "properties": {"feature_type": "road", "sub_type": "primary"}}, {"type": "Feature", "geometry": {"type": "MultiLineString", "coordinates": [[[77.68707565532304, 8.736913857587956], [77.6870865, 8.736936799999999], [77.68715778570572, 8.737093988384796]], [[77.68719863154618, 8.737184055323205], [77.68723947741155, 8.737274122250899]], [[77.68724554683548, 8.73728750559172], [77.68728032330183, 8.737364189167877]]]}, "properties": {"feature_type": "road", "sub_type": "primary"}}, {"type": "Feature", "geometry": {"type": "LineString", "coordinates": [[77.63614917214446, 8.669772438645893], [77.6362145, 8.6697229], [77.63636623756076, 8.66968577011059]]}, "properties": {"feature_type": "road", "sub_type": "residential"}}, {"type": "Feature", "geometry": {"type": "MultiLineString", "coordinates": [[[77.6362145, 8.6697229], [77.63610261644861, 8.669320957604192]], [[77.6360909812241, 8.669279157903382], [77.6360837, 8.669253000000001], [77.63607865567245, 8.669230762556724]]]}, "properties": {"feature_type": "road", "sub_type": "residential"}}, {"type": "Feature", "geometry": {"type": "LineString", "coordinates": [[77.64518128479402, 8.670071392737274], [77.6451557, 8.670102], [77.6449902, 8.670234]]}, "properties": {"feature_type": "road", "sub_type": "residential"}}, {"type": "Feature", "geometry": {"type": "LineString", "coordinates": [[77.66369607978255, 8.669299627135633], [77.66415039770946, 8.66934133818119]]}, "properties": {"feature_type": "road", "sub_type": "primary"}}, {"type": "Feature", "geometry": {"type": "LineString", "coordinates": [[77.64677849239258, 8.66533108967879], [77.64705130824792, 8.665388342111257]]}, "properties": {"feature_type": "road", "sub_type": "primary"}}, {"type": "Feature", "geometry": {"type": "LineString", "coordinates": [[77.64570530341992, 8.665097969078259], [77.64577811797805, 8.665114039048563]]}, "properties": {"feature_type": "road", "sub_type": "primary"}}, {"type": "Feature", "geometry": {"type": "LineString", "coordinates": [[77.64094413784684, 8.661426155516294], [77.64139589150788, 8.661738007222633]]}, "properties": {"feature_type": "road", "sub_type": "primary"}}, {"type": "Feature", "geometry": {"type": "LineString", "coordinates": [[77.64588988543498, 8.697716572764502], [77.6458896, 8.697708200000001], [77.64589504551232, 8.697445457709508]]}, "properties": {"feature_type": "road", "sub_type": "secondary"}}, {"type": "Feature", "geometry": {"type": "LineString", "coordinates": [[77.64589060381029, 8.695909373210746], [77.6458872, 8.695761599999999], [77.64588321007314, 8.695638345415897]]}, "properties": {"feature_type": "road", "sub_type": "secondary"}}, {"type": "Feature", "geometry": {"type": "LineString", "coordinates": [[77.67987993202179, 8.680401163725461], [77.6800047, 8.6804817], [77.6803715, 8.6806446], [77.68039378673754, 8.680648899886737]]}, "properties": {"feature_type": "road", "sub_type": "residential"}}, {"type": "Feature", "geometry": {"type": "MultiLineString", "coordinates": [[[77.67911675450195, 8.679864382944217], [77.67911693018576, 8.679864517487964]], [[77.67923366822377, 8.67995391881872], [77.67939083778867, 8.68007428362478]]]}, "properties": {"feature_type": "road", "sub_type": "residential"}}, {"type": "Feature", "geometry": {"type": "LineString", "coordinates": [[77.67828424400267, 8.67768944723624], [77.6784867, 8.677668299999999], [77.6785566431019, 8.67768687630713]]}, "properties": {"feature_type": "road", "sub_type": "residential"}}, {"type": "Feature", "geometry": {"type": "LineString", "coordinates": [[77.6929072, 8.706923299999998], [77.6930916, 8.706860099999998], [77.69320283734986, 8.706822902123516]]}, "properties": {"feature_type": "road", "sub_type": "residential"}}, {"type": "Feature", "geometry": {"type": "LineString", "coordinates": [[77.69320283734986, 8.706822902123516], [77.6932477, 8.7068079], [77.6933092, 8.706782400000002], [77.6933605, 8.706753400000004], [77.6934066, 8.706711599999998], [77.693439, 8.706691500000002], [77.6934742430042, 8.706679050523363]]}, "properties": {"feature_type": "road", "sub_type": "residential"}}, {"type": "Feature", "geometry": {"type": "LineString", "coordinates": [[77.6930199, 8.707033400000002], [77.6932039215257, 8.706974389136182]]}, "properties": {"feature_type": "road", "sub_type": "residential"}}, {"type": "Feature", "geometry": {"type": "MultiLineString", "coordinates": [[[77.6932039215257, 8.706974389136182], [77.6932039215257, 8.706974389136182]], [[77.69324212559506, 8.706962138083526], [77.69329452537863, 8.706945334827195]]]}, "properties": {"feature_type": "road", "sub_type": "residential"}}, {"type": "Feature", "geometry": {"type": "LineString", "coordinates": [[77.69763146922487, 8.708647776907513], [77.69745064719069, 8.708197280197982]]}, "properties": {"feature_type": "road", "sub_type": "unclassified"}}, {"type": "Feature", "geometry": {"type": "MultiLineString", "coordinates": [[[77.69904948621775, 8.711660841378551], [77.69927322964564, 8.711527508532662]], [[77.69932076350456, 8.711499182202122], [77.6993746, 8.7114671], [77.6995221, 8.711380499999999], [77.6995479, 8.7113599], [77.6995687, 8.7113365], [77.6995793, 8.7112939], [77.6995866, 8.711203700000002], [77.69959710097088, 8.711073427928351]]]}, "properties": {"feature_type": "road", "sub_type": "residential"}}, {"type": "Feature", "geometry": {"type": "LineString", "coordinates": [[77.69896097657924, 8.712071862461704], [77.6990246, 8.7123324], [77.69904896644728, 8.712432660972185]]}, "properties": {"feature_type": "road", "sub_type": "residential"}}, {"type": "Feature", "geometry": {"type": "LineString", "coordinates": [[77.6993746, 8.7114671], [77.69947258194792, 8.711706803863851]]}, "properties": {"feature_type": "road", "sub_type": "residential"}}, {"type": "Feature", "geometry": {"type": "LineString", "coordinates": [[77.6990246, 8.7123324], [77.69914505249632, 8.712323205792895]]}, "properties": {"feature_type": "road", "sub_type": "residential"}}, {"type": "Feature", "geometry": {"type": "LineString", "coordinates": [[77.70001932800005, 8.709353666434701], [77.7000223, 8.709047], [77.70002247535977, 8.708992220656603]]}, "properties": {"feature_type": "road", "sub_type": "residential"}}, {"type": "Feature", "geometry": {"type": "LineString", "coordinates": [[77.70030390651283, 8.709299120667552], [77.7002749, 8.709300999999998]]}, "properties": {"feature_type": "road", "sub_type": "residential"}}, {"type": "Feature", "geometry": {"type": "LineString", "coordinates": [[77.7003278, 8.7083459], [77.70032280592393, 8.708538307548212]]}, "properties": {"feature_type": "road", "sub_type": "residential"}}, {"type": "Feature", "geometry": {"type": "LineString", "coordinates": [[77.6995463, 8.7088074], [77.69954785840537, 8.708995592468794]]}, "properties": {"feature_type": "road", "sub_type": "residential"}}, {"type": "Feature", "geometry": {"type": "LineString", "coordinates": [[77.703739, 8.702488200000001], [77.7037809, 8.702553099999998]]}, "properties": {"feature_type": "road", "sub_type": "residential"}}, {"type": "Feature", "geometry": {"type": "LineString", "coordinates": [[77.70407460664903, 8.703260159999825], [77.7039498, 8.703278899999999]]}, "properties": {"feature_type": "road", "sub_type": "residential"}}, {"type": "Feature", "geometry": {"type": "LineString", "coordinates": [[77.7038954, 8.7029353], [77.70389066273164, 8.702936627801007]]}, "properties": {"feature_type": "road", "sub_type": "residential"}}, {"type": "Feature", "geometry": {"type": "LineString", "coordinates": [[77.70362561945176, 8.703965200010908], [77.7038191, 8.703965199999999], [77.70389802391655, 8.703961512632569]]}, "properties": {"feature_type": "road", "sub_type": "residential"}}, {"type": "Feature", "geometry": {"type": "LineString", "coordinates": [[77.7037809, 8.702553099999998], [77.7038263, 8.702659400000002]]}, "properties": {"feature_type": "road", "sub_type": "residential"}}, {"type": "Feature", "geometry": {"type": "LineString", "coordinates": [[77.70399319336269, 8.7034522979132], [77.70406214843176, 8.703813229910464]]}, "properties": {"feature_type": "road", "sub_type": "residential"}}, {"type": "Feature", "geometry": {"type": "MultiLineString", "coordinates": [[[77.7038263, 8.702659400000002], [77.70386670010556, 8.702820708174732]], [[77.70389051305735, 8.702915787613286], [77.7038954, 8.7029353], [77.7039498, 8.703278899999999], [77.7039905, 8.703438200000003], [77.70399319336269, 8.7034522979132]]]}, "properties": {"feature_type": "road", "sub_type": "residential"}}, {"type": "Feature", "geometry": {"type": "LineString", "coordinates": [[77.7033265, 8.6931622], [77.70327566981697, 8.693163941560421]]}, "properties": {"feature_type": "road", "sub_type": "residential"}}, {"type": "Feature", "geometry": {"type": "LineString", "coordinates": [[77.70090799104358, 8.692631524446117], [77.7008607, 8.692105400000003]]}, "properties": {"feature_type": "road", "sub_type": "residential"}}, {"type": "Feature", "geometry": {"type": "LineString", "coordinates": [[77.70301580635301, 8.692887632233617], [77.703, 8.692788199999999]]}, "properties": {"feature_type": "road", "sub_type": "residential"}}, {"type": "Feature", "geometry": {"type": "MultiLineString", "coordinates": [[[77.7039281133814, 8.695503989416581], [77.7037663, 8.6954233], [77.7036809, 8.6953734], [77.7036524, 8.6953531], [77.7036332, 8.695332100000002], [77.7036171, 8.6953055], [77.703611, 8.6952697], [77.70361418608009, 8.695232630208215]], [[77.70362167639597, 8.695142221352762], [77.70364358499545, 8.694870998784477]], [[77.70365053008712, 8.694785020491846], [77.70365088786822, 8.694780591262807]]]}, "properties": {"feature_type": "road", "sub_type": "unclassified"}}, {"type": "Feature", "geometry": {"type": "LineString", "coordinates": [[77.70330751539737, 8.693246983686043], [77.7033081, 8.6932084], [77.7033099, 8.693188500000002], [77.70331520000002, 8.6931776], [77.7033265, 8.6931622], [77.7033451, 8.6931564], [77.70334518625477, 8.693156360504403]]}, "properties": {"feature_type": "road", "sub_type": "unclassified"}}, {"type": "Feature", "geometry": {"type": "MultiLineString", "coordinates": [[[77.70343622754021, 8.692703935649366], [77.7034534103656, 8.692623690642726]], [[77.70345560482083, 8.692613442381337], [77.7035236, 8.6922959], [77.7036769, 8.6918927], [77.7037424, 8.691769199999998], [77.703802, 8.691616], [77.70380940296218, 8.691614629360823]], [[77.70498877222708, 8.691457785437544], [77.7053219, 8.691413299999999], [77.70544237359753, 8.691397231949512]]]}, "properties": {"feature_type": "road", "sub_type": "unclassified"}}, {"type": "Feature", "geometry": {"type": "LineString", "coordinates": [[77.70413962648304, 8.692789295775642], [77.7040322, 8.6924682]]}, "properties": {"feature_type": "road", "sub_type": "residential"}}, {"type": "Feature", "geometry": {"type": "MultiLineString", "coordinates": [[[77.70378592087596, 8.692611096666692], [77.7040322, 8.6924682], [77.7042437, 8.692391000000002], [77.70435954776764, 8.692353536490335]], [[77.70454060227657, 8.69227542918157], [77.7045642, 8.692260999999998], [77.7045866, 8.6922344], [77.7045948, 8.6922034], [77.70459656848911, 8.692153560756523]], [[77.70457506025262, 8.6919730023598], [77.7045735, 8.691962300000002], [77.7045721, 8.6919266], [77.7045846, 8.691904], [77.7046034, 8.691891], [77.7046506, 8.691880699999999], [77.7048331, 8.691859400000002], [77.705019, 8.691842000000001], [77.7051734, 8.691819], [77.7052434, 8.6918071], [77.7052932, 8.691795900000002], [77.7053334, 8.6917761], [77.7053455, 8.6917641], [77.7053479, 8.6917395], [77.7053219, 8.691413299999999]]]}, "properties": {"feature_type": "road", "sub_type": "residential"}}, {"type": "Feature", "geometry": {"type": "LineString", "coordinates": [[77.67616459240686, 8.711670322439387], [77.67561964685629, 8.711661819410468]]}, "properties": {"feature_type": "road", "sub_type": "residential"}}, {"type": "Feature", "geometry": {"type": "MultiLineString", "coordinates": [[[77.67572948426908, 8.714335339698957], [77.6757799021961, 8.71431407046009]], [[77.67582002726486, 8.714297143346762], [77.6759076, 8.7142602], [77.6759543, 8.714249699999998], [77.6759869, 8.714253300000001], [77.67600144798222, 8.71426779115493]], [[77.67603589567975, 8.714312266852362], [77.67609316238942, 8.71439418520705]], [[77.6761616090881, 8.714492096135475], [77.67618491138745, 8.714525429350298]]]}, "properties": {"feature_type": "road", "sub_type": "residential"}}, {"type": "Feature", "geometry": {"type": "LineString", "coordinates": [[77.67618546000338, 8.714602504247047], [77.67591061419567, 8.714764937290745]]}, "properties": {"feature_type": "road", "sub_type": "residential"}}, {"type": "Feature", "geometry": {"type": "LineString", "coordinates": [[77.67818077064167, 8.714235411668081], [77.6779081634967, 8.714212496244615]]}, "properties": {"feature_type": "road", "sub_type": "residential"}}, {"type": "Feature", "geometry": {"type": "LineString", "coordinates": [[77.67800174134783, 8.714600441752644], [77.6780187, 8.714605900000002], [77.67872867756368, 8.71465918454071]]}, "properties": {"feature_type": "road", "sub_type": "residential"}}, {"type": "Feature", "geometry": {"type": "LineString", "coordinates": [[77.6780187, 8.714605900000002], [77.6780222, 8.714646599999998], [77.6780272, 8.714699599999998], [77.67803547681055, 8.714749959816784]]}, "properties": {"feature_type": "road", "sub_type": "residential"}}, {"type": "Feature", "geometry": {"type": "LineString", "coordinates": [[77.67875467626244, 8.714654530372979], [77.67876778380962, 8.714473723228911]]}, "properties": {"feature_type": "road", "sub_type": "residential"}}, {"type": "Feature", "geometry": {"type": "LineString", "coordinates": [[77.74862422876137, 8.75761473068856], [77.74859819485647, 8.757885976534652]]}, "properties": {"feature_type": "road", "sub_type": "unclassified"}}, {"type": "Feature", "geometry": {"type": "LineString", "coordinates": [[77.71008938056397, 8.759429031113779], [77.71001979369886, 8.759449726075376]]}, "properties": {"feature_type": "road", "sub_type": "residential"}}, {"type": "Feature", "geometry": {"type": "LineString", "coordinates": [[77.6757399, 8.7230289], [77.67575337971287, 8.723078939121434]]}, "properties": {"feature_type": "road", "sub_type": "residential"}}, {"type": "Feature", "geometry": {"type": "LineString", "coordinates": [[77.67840020365028, 8.73227216736295], [77.6784502, 8.7322599], [77.67867218349593, 8.732205337651465]]}, "properties": {"feature_type": "road", "sub_type": "residential"}}, {"type": "Feature", "geometry": {"type": "LineString", "coordinates": [[77.67842831522005, 8.73218615561865], [77.6784502, 8.7322599]]}, "properties": {"feature_type": "road", "sub_type": "residential"}}, {"type": "Feature", "geometry": {"type": "LineString", "coordinates": [[77.68015211228203, 8.717265031318677], [77.6801421, 8.7171864], [77.6801125, 8.716959600000001]]}, "properties": {"feature_type": "road", "sub_type": "residential"}}, {"type": "Feature", "geometry": {"type": "LineString", "coordinates": [[77.68010897605284, 8.717194941888103], [77.6801421, 8.7171864]]}, "properties": {"feature_type": "road", "sub_type": "residential"}}, {"type": "Feature", "geometry": {"type": "LineString", "coordinates": [[77.64565042757427, 8.724536701672582], [77.64574115956471, 8.724524289750542]]}, "properties": {"feature_type": "road", "sub_type": "residential"}}, {"type": "Feature", "geometry": {"type": "LineString", "coordinates": [[77.64595182588576, 8.724462604511153], [77.64592848942316, 8.724282048022987]]}, "properties": {"feature_type": "road", "sub_type": "residential"}}, {"type": "Feature", "geometry": {"type": "LineString", "coordinates": [[77.68761357204144, 8.737949779594565], [77.6877945692068, 8.737860182811483]]}, "properties": {"feature_type": "road", "sub_type": "residential"}}, {"type": "Feature", "geometry": {"type": "LineString", "coordinates": [[77.68834363863249, 8.73843918357043], [77.6884467, 8.738408799999997]]}, "properties": {"feature_type": "road", "sub_type": "residential"}}, {"type": "Feature", "geometry": {"type": "LineString", "coordinates": [[77.6988785321037, 8.687314912271205], [77.6988387, 8.687326599999999], [77.69878439660566, 8.687340114329354]]}, "properties": {"feature_type": "road", "sub_type": "unclassified"}}, {"type": "Feature", "geometry": {"type": "MultiLineString", "coordinates": [[[77.70023424156985, 8.686912592213092], [77.7001270559863, 8.686944641018698]], [[77.70005301655641, 8.686966779007518], [77.69987179146666, 8.687020965731369]]]}, "properties": {"feature_type": "road", "sub_type": "unclassified"}}, {"type": "Feature", "geometry": {"type": "LineString", "coordinates": [[77.69112871669337, 8.739686136398504], [77.69112890000001, 8.739550999999999], [77.6910967, 8.7392485], [77.69109270769593, 8.739234610370195]]}, "properties": {"feature_type": "road", "sub_type": "unclassified"}}, {"type": "Feature", "geometry": {"type": "LineString", "coordinates": [[77.68868088743496, 8.734808571592842], [77.68856865477596, 8.734734707466137]]}, "properties": {"feature_type": "road", "sub_type": "unclassified"}}, {"type": "Feature", "geometry": {"type": "LineString", "coordinates": [[77.69331050668427, 8.747150533967304], [77.69349215378364, 8.747151092041168]]}, "properties": {"feature_type": "road", "sub_type": "residential"}}, {"type": "Feature", "geometry": {"type": "LineString", "coordinates": [[77.6918082, 8.745693999999999], [77.69184443798278, 8.745825279349626]]}, "properties": {"feature_type": "road", "sub_type": "residential"}}, {"type": "Feature", "geometry": {"type": "LineString", "coordinates": [[77.68122936642904, 8.746896741840692], [77.68120270000001, 8.7468283]]}, "properties": {"feature_type": "road", "sub_type": "residential"}}, {"type": "Feature", "geometry": {"type": "LineString", "coordinates": [[77.68313914867976, 8.74670030677395], [77.6831838, 8.746637599999998]]}, "properties": {"feature_type": "road", "sub_type": "residential"}}, {"type": "Feature", "geometry": {"type": "LineString", "coordinates": [[77.68799483652087, 8.740458263749035], [77.688183, 8.740433399999997]]}, "properties": {"feature_type": "road", "sub_type": "residential"}}, {"type": "Feature", "geometry": {"type": "LineString", "coordinates": [[77.64441247069693, 8.724834776368875], [77.6444297, 8.724812100000001], [77.6444576, 8.724764000000004], [77.6444639, 8.724713099999999], [77.644459, 8.724654199999996], [77.64445896651695, 8.724653732813444]]}, "properties": {"feature_type": "road", "sub_type": "residential"}}, {"type": "Feature", "geometry": {"type": "MultiLineString", "coordinates": [[[77.64473012007949, 8.724290403789247], [77.64474068956972, 8.72431755094332]], [[77.64477841940794, 8.724380426793036], [77.6448323, 8.7244247], [77.6448690386846, 8.724470154750698]]]}, "properties": {"feature_type": "road", "sub_type": "residential"}}, {"type": "Feature", "geometry": {"type": "LineString", "coordinates": [[77.74546200028512, 8.73762106009122], [77.74555286969964, 8.737628428748794]]}, "properties": {"feature_type": "road", "sub_type": "residential"}}, {"type": "Feature", "geometry": {"type": "LineString", "coordinates": [[77.74565467334247, 8.739128876044765], [77.74538187871981, 8.73908147178392]]}, "properties": {"feature_type": "road", "sub_type": "residential"}}, {"type": "Feature", "geometry": {"type": "LineString", "coordinates": [[77.7451828936509, 8.736711319220108], [77.7451941, 8.7366679]]}, "properties": {"feature_type": "road", "sub_type": "residential"}}, {"type": "Feature", "geometry": {"type": "MultiLineString", "coordinates": [[[77.7453245, 8.737918300000002], [77.74536360520042, 8.737760889875181]], [[77.74537196233487, 8.737727249903633], [77.74538609183608, 8.737670374420304]]]}, "properties": {"feature_type": "road", "sub_type": "residential"}}, {"type": "Feature", "geometry": {"type": "MultiLineString", "coordinates": [[[77.74547752944206, 8.73730830181039], [77.74554912105522, 8.737116469699618]], [[77.7455789622247, 8.737036509257617], [77.7456392, 8.7368751]]]}, "properties": {"feature_type": "road", "sub_type": "residential"}}, {"type": "Feature", "geometry": {"type": "LineString", "coordinates": [[77.7460495, 8.737369199999996], [77.74591412026473, 8.737353794549396]]}, "properties": {"feature_type": "road", "sub_type": "residential"}}, {"type": "Feature", "geometry": {"type": "MultiLineString", "coordinates": [[[77.7463686, 8.738148699999998], [77.7459548, 8.738043500000002], [77.74591911935518, 8.73803641258687]], [[77.74543902203082, 8.7379410482383], [77.7453245, 8.737918300000002], [77.74519810000001, 8.737898399999999], [77.74491881730643, 8.737854629716375]]]}, "properties": {"feature_type": "road", "sub_type": "residential"}}, {"type": "Feature", "geometry": {"type": "MultiLineString", "coordinates": [[[77.7459011, 8.7385496], [77.74583200064104, 8.738541188489943]], [[77.74519722802374, 8.737942800650192], [77.74519810000001, 8.737898399999999]]]}, "properties": {"feature_type": "road", "sub_type": "residential"}}, {"type": "Feature", "geometry": {"type": "LineString", "coordinates": [[77.7461699, 8.739010699999998], [77.7467071, 8.7390899]]}, "properties": {"feature_type": "road", "sub_type": "residential"}}, {"type": "Feature", "geometry": {"type": "LineString", "coordinates": [[77.74638424920643, 8.739545138707513], [77.7466252, 8.739572500000001]]}, "properties": {"feature_type": "road", "sub_type": "residential"}}, {"type": "Feature", "geometry": {"type": "MultiLineString", "coordinates": [[[77.7465619, 8.740083199999999], [77.74666076382526, 8.740100202092783]], [[77.74702437605698, 8.740147739733011], [77.7470399, 8.7401466], [77.7470735, 8.7401293], [77.7471188, 8.740085999999996], [77.7471646, 8.740028500000001], [77.7471866, 8.739994299999998], [77.7472023, 8.739942999999998], [77.74726568307149, 8.739644498943113]], [[77.7472819563612, 8.739554028557988], [77.747281, 8.739534199999996], [77.7472731, 8.7395108], [77.7472621, 8.739489099999998], [77.7472394, 8.7394756], [77.74720059099668, 8.73946426643236]], [[77.74683695773425, 8.739358072730385], [77.7466631, 8.739307300000002], [77.74657342777644, 8.73928811041415]]]}, "properties": {"feature_type": "road", "sub_type": "residential"}}, {"type": "Feature", "geometry": {"type": "LineString", "coordinates": [[77.74657342777644, 8.73928811041415], [77.7463659, 8.739243700000001], [77.7460916, 8.7392012]]}, "properties": {"feature_type": "road", "sub_type": "residential"}}, {"type": "Feature", "geometry": {"type": "LineString", "coordinates": [[77.7457408, 8.7406041], [77.7457563065209, 8.740605687055384]]}, "properties": {"feature_type": "road", "sub_type": "residential"}}, {"type": "Feature", "geometry": {"type": "LineString", "coordinates": [[77.74648338089727, 8.740680100629286], [77.74666514946925, 8.740698703790349]]}, "properties": {"feature_type": "road", "sub_type": "residential"}}, {"type": "Feature", "geometry": {"type": "MultiLineString", "coordinates": [[[77.74586050788963, 8.739112574912863], [77.74587354403056, 8.738931775518136]], [[77.74589961635577, 8.738570176734415], [77.7459011, 8.7385496], [77.74590851042458, 8.738479759814954]], [[77.74592147171882, 8.7383576050103], [77.7459276989643, 8.738298915826148]], [[77.74594688751236, 8.73811807184056], [77.7459548, 8.738043500000002], [77.7460495, 8.737369199999996], [77.74627762247167, 8.737386672997314]]]}, "properties": {"feature_type": "road", "sub_type": "residential"}}, {"type": "Feature", "geometry": {"type": "LineString", "coordinates": [[77.74637604660694, 8.738425443797018], [77.7466529329809, 8.7384743623674]]}, "properties": {"feature_type": "road", "sub_type": "residential"}}, {"type": "Feature", "geometry": {"type": "LineString", "coordinates": [[77.7467214, 8.7390589], [77.74692611888717, 8.739132259847455]]}, "properties": {"feature_type": "road", "sub_type": "residential"}}, {"type": "Feature", "geometry": {"type": "LineString", "coordinates": [[77.7463686, 8.738148699999998], [77.7466767, 8.738238399999997]]}, "properties": {"feature_type": "road", "sub_type": "residential"}}, {"type": "Feature", "geometry": {"type": "MultiLineString", "coordinates": [[[77.74649798431797, 8.741095705361351], [77.7464984, 8.741094399999998], [77.7465224, 8.7410295], [77.7465463, 8.7409859], [77.7465754, 8.740956], [77.7466082, 8.7409248], [77.7466147286728, 8.740914153812415]], [[77.7467547704487, 8.740551728527338], [77.74675488544705, 8.740551307516405]], [[77.74677712471717, 8.74046121401068], [77.7467891, 8.7404342], [77.7468018, 8.740410099999998], [77.746834, 8.7403713], [77.7469009, 8.740303699999998], [77.74691524129328, 8.74027950744514]], [[77.7469340634968, 8.740216433570927], [77.7469346, 8.7402141], [77.74693895359886, 8.740188983083842]]]}, "properties": {"feature_type": "road", "sub_type": "residential"}}, {"type": "Feature", "geometry": {"type": "LineString", "coordinates": [[77.745819, 8.7402967], [77.7461141, 8.740357799999998], [77.74618830000001, 8.7403708], [77.7462539, 8.740378599999996], [77.7463439, 8.7403837], [77.7464382, 8.740381999999999], [77.7465003, 8.740378599999998], [77.7465553, 8.740376799999998], [77.74659900000002, 8.740377699999998], [77.7466401, 8.7403829], [77.7468018, 8.740410099999998]]}, "properties": {"feature_type": "road", "sub_type": "residential"}}, {"type": "Feature", "geometry": {"type": "LineString", "coordinates": [[77.74467837225752, 8.742225214439099], [77.74504197012358, 8.742270452274756]]}, "properties": {"feature_type": "road", "sub_type": "residential"}}, {"type": "Feature", "geometry": {"type": "LineString", "coordinates": [[77.74513137494371, 8.742077718425476], [77.74467682852885, 8.74201443382497]]}, "properties": {"feature_type": "road", "sub_type": "residential"}}, {"type": "Feature", "geometry": {"type": "LineString", "coordinates": [[77.74259167501236, 8.744738125073846], [77.74261270142911, 8.744466914746338]]}, "properties": {"feature_type": "road", "sub_type": "residential"}}, {"type": "Feature", "geometry": {"type": "LineString", "coordinates": [[77.7426443, 8.7440594], [77.74305734511178, 8.744093066135873]]}, "properties": {"feature_type": "road", "sub_type": "residential"}}, {"type": "Feature", "geometry": {"type": "LineString", "coordinates": [[77.74314821654687, 8.74410047274594], [77.7431964, 8.744104400000001]]}, "properties": {"feature_type": "road", "sub_type": "residential"}}, {"type": "Feature", "geometry": {"type": "LineString", "coordinates": [[77.7431849468385, 8.744191710186788], [77.7431964, 8.744104400000001], [77.74320488645085, 8.744010860451779]]}, "properties": {"feature_type": "road", "sub_type": "residential"}}, {"type": "Feature", "geometry": {"type": "LineString", "coordinates": [[77.74335, 8.7449729], [77.74333679900991, 8.745049355742724]]}, "properties": {"feature_type": "road", "sub_type": "residential"}}, {"type": "Feature", "geometry": {"type": "MultiLineString", "coordinates": [[[77.74451523463043, 8.744750367821297], [77.74478811926932, 8.744809451796831]], [[77.74480199279176, 8.744812455634609], [77.7448276, 8.744818]]]}, "properties": {"feature_type": "road", "sub_type": "residential"}}, {"type": "Feature", "geometry": {"type": "LineString", "coordinates": [[77.74451241427455, 8.74436536268625], [77.7446892, 8.744393000000002]]}, "properties": {"feature_type": "road", "sub_type": "residential"}}, {"type": "Feature", "geometry": {"type": "LineString", "coordinates": [[77.7467122288899, 8.747120874853728], [77.74684911692506, 8.747056413626396]]}, "properties": {"feature_type": "road", "sub_type": "trunk"}}, {"type": "Feature", "geometry": {"type": "LineString", "coordinates": [[77.74783108416905, 8.74659752298212], [77.747888824384, 8.746571046674692]]}, "properties": {"feature_type": "road", "sub_type": "trunk"}}, {"type": "Feature", "geometry": {"type": "LineString", "coordinates": [[77.74897461875412, 8.746024005134126], [77.74915553011354, 8.74592547483923]]}, "properties": {"feature_type": "road", "sub_type": "trunk"}}, {"type": "Feature", "geometry": {"type": "MultiLineString", "coordinates": [[[77.74987772216215, 8.745408078889044], [77.74996847020638, 8.745324119959754]], [[77.74997615336918, 8.745317011593647], [77.7501143, 8.7451892], [77.75015534342498, 8.74513500537791]]]}, "properties": {"feature_type": "road", "sub_type": "trunk"}}, {"type": "Feature", "geometry": {"type": "MultiLineString", "coordinates": [[[77.75235937920623, 8.741685609918385], [77.75239338501194, 8.741629167042863]], [[77.75246872890294, 8.74150411111496], [77.75257282937963, 8.741331324838589]]]}, "properties": {"feature_type": "road", "sub_type": "trunk"}}, {"type": "Feature", "geometry": {"type": "LineString", "coordinates": [[77.75339819775307, 8.739961371269482], [77.75347004764454, 8.739842113800965]]}, "properties": {"feature_type": "road", "sub_type": "trunk"}}, {"type": "Feature", "geometry": {"type": "MultiLineString", "coordinates": [[[77.75409809612968, 8.7387995629961], [77.75416315053691, 8.738690883154504]], [[77.75418781019496, 8.73864968673541], [77.75421747044086, 8.73860013632541]]]}, "properties": {"feature_type": "road", "sub_type": "trunk"}}, {"type": "Feature", "geometry": {"type": "LineString", "coordinates": [[77.65549470602342, 8.714546801027527], [77.6554328, 8.7143736], [77.65543027358504, 8.714366533539307]]}, "properties": {"feature_type": "road", "sub_type": "residential"}}, {"type": "Feature", "geometry": {"type": "LineString", "coordinates": [[77.65649683268005, 8.71589517669121], [77.656571, 8.716086300000002], [77.6566476, 8.7162838], [77.65667138177399, 8.716345750080224]]}, "properties": {"feature_type": "road", "sub_type": "residential"}}, {"type": "Feature", "geometry": {"type": "LineString", "coordinates": [[77.65724176363884, 8.71598032360576], [77.6571833, 8.715848299999998], [77.65712202313973, 8.715709975622463]]}, "properties": {"feature_type": "road", "sub_type": "residential"}}, {"type": "Feature", "geometry": {"type": "LineString", "coordinates": [[77.6566476, 8.7162838], [77.65658136444723, 8.716310001961096]]}, "properties": {"feature_type": "road", "sub_type": "residential"}}, {"type": "Feature", "geometry": {"type": "MultiLineString", "coordinates": [[[77.72497993010516, 8.753087532947868], [77.7250027, 8.7531311], [77.72502380000002, 8.753171299999998], [77.72504356927642, 8.753267782162082]], [[77.72505163920162, 8.753307166674768], [77.72506205558645, 8.75335800284127]]]}, "properties": {"feature_type": "road", "sub_type": "residential"}}, {"type": "Feature", "geometry": {"type": "LineString", "coordinates": [[77.72447071489765, 8.751103415207105], [77.7244837, 8.751422499999999], [77.7244993, 8.751530700000002], [77.72450661107071, 8.751554926359194]]}, "properties": {"feature_type": "road", "sub_type": "residential"}}, {"type": "Feature", "geometry": {"type": "LineString", "coordinates": [[77.72642000735149, 8.752444676647556], [77.7263913, 8.752455899999998], [77.72622621771058, 8.752470932482684]]}, "properties": {"feature_type": "road", "sub_type": "residential"}}, {"type": "Feature", "geometry": {"type": "LineString", "coordinates": [[77.72713281934328, 8.752250941082712], [77.72712, 8.7522511], [77.72695113297084, 8.752244674846926]]}, "properties": {"feature_type": "road", "sub_type": "residential"}}, {"type": "Feature", "geometry": {"type": "LineString", "coordinates": [[77.72495958839525, 8.753138217909475], [77.7250027, 8.7531311]]}, "properties": {"feature_type": "road", "sub_type": "residential"}}, {"type": "Feature", "geometry": {"type": "LineString", "coordinates": [[77.72550596287007, 8.753337369102045], [77.72514283348865, 8.753358467420467]]}, "properties": {"feature_type": "road", "sub_type": "residential"}}, {"type": "Feature", "geometry": {"type": "MultiLineString", "coordinates": [[[77.72502380000002, 8.753171299999998], [77.72523222648147, 8.75316238021795]], [[77.72576222818284, 8.753533664245754], [77.72576335452334, 8.753624009970084]]]}, "properties": {"feature_type": "road", "sub_type": "residential"}}, {"type": "Feature", "geometry": {"type": "LineString", "coordinates": [[77.73825788375822, 8.758404403761748], [77.73831890101798, 8.758141296294434]]}, "properties": {"feature_type": "road", "sub_type": "unclassified"}}, {"type": "Feature", "geometry": {"type": "LineString", "coordinates": [[77.73838186802993, 8.757869781333232], [77.73839550000001, 8.757811], [77.73843365777819, 8.757602830341058]]}, "properties": {"feature_type": "road", "sub_type": "unclassified"}}, {"type": "Feature", "geometry": {"type": "LineString", "coordinates": [[77.73272660113524, 8.748152551381125], [77.7327293, 8.748134299999997]]}, "properties": {"feature_type": "road", "sub_type": "residential"}}, {"type": "Feature", "geometry": {"type": "LineString", "coordinates": [[77.73003913429075, 8.752260123297376], [77.73040903351813, 8.7531674534987]]}, "properties": {"feature_type": "road", "sub_type": "residential"}}, {"type": "Feature", "geometry": {"type": "LineString", "coordinates": [[77.7380586, 8.757458199999999], [77.7380552806647, 8.757510735611106]]}, "properties": {"feature_type": "road", "sub_type": "unclassified"}}, {"type": "Feature", "geometry": {"type": "LineString", "coordinates": [[77.70910303856668, 8.737660534085103], [77.7091, 8.737615999999997], [77.7090863, 8.737525], [77.70907955594559, 8.737479991819367]]}, "properties": {"feature_type": "road", "sub_type": "residential"}}, {"type": "Feature", "geometry": {"type": "MultiLineString", "coordinates": [[[77.66840034942591, 8.743667432986452], [77.6683709, 8.7436709], [77.6683189, 8.7436631], [77.6682876, 8.743644600000001], [77.6682691, 8.7436171], [77.668263, 8.743583700000002], [77.66826002244744, 8.743552620606824]], [[77.66821670202137, 8.743386219415145], [77.66819, 8.74338], [77.6680627, 8.743392799999999], [77.66803513918157, 8.743397738472996]]]}, "properties": {"feature_type": "road", "sub_type": "residential"}}, {"type": "Feature", "geometry": {"type": "LineString", "coordinates": [[77.65479344599939, 8.699009944060977], [77.654787, 8.6989821], [77.6547778, 8.6989639], [77.6547594, 8.6989548], [77.654735, 8.698950700000001], [77.6546945, 8.698948499999998], [77.65464253703333, 8.698947539092915]]}, "properties": {"feature_type": "road", "sub_type": "residential"}}, {"type": "Feature", "geometry": {"type": "LineString", "coordinates": [[77.65286841930072, 8.700740197265358], [77.6528732, 8.700724299999997], [77.6529161, 8.700444300000001], [77.6529261995002, 8.700378357405295]]}, "properties": {"feature_type": "road", "sub_type": "residential"}}, {"type": "Feature", "geometry": {"type": "LineString", "coordinates": [[77.74379079201407, 8.745036517004744], [77.7436021, 8.745008399999998], [77.74335, 8.7449729], [77.7433362233257, 8.744970739777981]]}, "properties": {"feature_type": "road", "sub_type": "residential"}}, {"type": "Feature", "geometry": {"type": "LineString", "coordinates": [[77.68852300891669, 8.739794999219784], [77.68853498386623, 8.739792586874483]]}, "properties": {"feature_type": "road", "sub_type": "residential"}}, {"type": "Feature", "geometry": {"type": "LineString", "coordinates": [[77.67775064805876, 8.717597749989775], [77.67789008119858, 8.717823136711186]]}, "properties": {"feature_type": "road", "sub_type": "residential"}}, {"type": "Feature", "geometry": {"type": "MultiLineString", "coordinates": [[[77.67738349692809, 8.717051784849113], [77.677425180328, 8.71710355616011]], [[77.67747512295954, 8.717165585510655], [77.6775104, 8.7172094], [77.6776118023234, 8.71737331236483]]]}, "properties": {"feature_type": "road", "sub_type": "residential"}}, {"type": "Feature", "geometry": {"type": "LineString", "coordinates": [[77.67709888756585, 8.716744427118941], [77.67726705717284, 8.716923956278828]]}, "properties": {"feature_type": "road", "sub_type": "residential"}}, {"type": "Feature", "geometry": {"type": "LineString", "coordinates": [[77.67636179845063, 8.715936405709968], [77.6764141, 8.7159918], [77.67655965532879, 8.716138530794924]]}, "properties": {"feature_type": "road", "sub_type": "residential"}}, {"type": "Feature", "geometry": {"type": "LineString", "coordinates": [[77.65528260476933, 8.714819360962755], [77.65520706055449, 8.71460344582375]]}, "properties": {"feature_type": "road", "sub_type": "residential"}}, {"type": "Feature", "geometry": {"type": "MultiLineString", "coordinates": [[[77.6554328, 8.7143736], [77.65529661717537, 8.714425071494967]], [[77.6552083196515, 8.714458444289502], [77.65520604262382, 8.714459304911024]]]}, "properties": {"feature_type": "road", "sub_type": "residential"}}, {"type": "Feature", "geometry": {"type": "LineString", "coordinates": [[77.65626504330906, 8.714451055208052], [77.65638918318584, 8.714817246689616]]}, "properties": {"feature_type": "road", "sub_type": "residential"}}, {"type": "Feature", "geometry": {"type": "LineString", "coordinates": [[77.6560507, 8.7138176], [77.65605152408837, 8.713820035810636]]}, "properties": {"feature_type": "road", "sub_type": "residential"}}, {"type": "Feature", "geometry": {"type": "LineString", "coordinates": [[77.65622195493732, 8.715083869113869], [77.6562221, 8.715084300000001]]}, "properties": {"feature_type": "road", "sub_type": "residential"}}, {"type": "Feature", "geometry": {"type": "LineString", "coordinates": [[77.6558212, 8.713897899999997], [77.65585654586904, 8.714002117131313]]}, "properties": {"feature_type": "road", "sub_type": "residential"}}, {"type": "Feature", "geometry": {"type": "LineString", "coordinates": [[77.65620946782022, 8.715088622826043], [77.6562221, 8.715084300000001], [77.65622338646632, 8.715083859101448]]}, "properties": {"feature_type": "road", "sub_type": "residential"}}, {"type": "Feature", "geometry": {"type": "MultiLineString", "coordinates": [[[77.65574715847839, 8.713923863110345], [77.6558212, 8.713897899999997], [77.65601893480147, 8.713828714368583]], [[77.6560435796061, 8.71382009136458], [77.6560507, 8.7138176], [77.65610952681182, 8.713796990260912]]]}, "properties": {"feature_type": "road", "sub_type": "residential"}}, {"type": "Feature", "geometry": {"type": "LineString", "coordinates": [[77.65652626425123, 8.714087792514395], [77.6564596, 8.7141105]]}, "properties": {"feature_type": "road", "sub_type": "residential"}}, {"type": "Feature", "geometry": {"type": "LineString", "coordinates": [[77.65612949780156, 8.71445200316676], [77.6561141957631, 8.714457928061318]]}, "properties": {"feature_type": "road", "sub_type": "residential"}}, {"type": "Feature", "geometry": {"type": "LineString", "coordinates": [[77.6565248, 8.7142989], [77.6564764694152, 8.714317621093745]]}, "properties": {"feature_type": "road", "sub_type": "residential"}}, {"type": "Feature", "geometry": {"type": "LineString", "coordinates": [[77.65642073262697, 8.713998171688171], [77.6564596, 8.7141105], [77.6565248, 8.7142989], [77.6565770564718, 8.71444887291147]]}, "properties": {"feature_type": "road", "sub_type": "residential"}}, {"type": "Feature", "geometry": {"type": "LineString", "coordinates": [[77.75336878020241, 8.738419015493703], [77.7534254, 8.7385716], [77.75351972427424, 8.738966616961973]]}, "properties": {"feature_type": "road", "sub_type": "tertiary"}}, {"type": "Feature", "geometry": {"type": "LineString", "coordinates": [[77.71567033349285, 8.699389483126096], [77.7154076, 8.699177000000002]]}, "properties": {"feature_type": "road", "sub_type": "primary"}}, {"type": "Feature", "geometry": {"type": "LineString", "coordinates": [[77.7365603, 8.703576100000001], [77.73656137314167, 8.703400018756605]]}, "properties": {"feature_type": "road", "sub_type": "residential"}}, {"type": "Feature", "geometry": {"type": "LineString", "coordinates": [[77.7365603, 8.703576100000001], [77.73655703954879, 8.703671109685553]]}, "properties": {"feature_type": "road", "sub_type": "residential"}}, {"type": "Feature", "geometry": {"type": "MultiLineString", "coordinates": [[[77.73649090723204, 8.702916799033577], [77.73640007253654, 8.702913084861951]], [[77.73630923783608, 8.702909370668037], [77.73612756842029, 8.702901942213357]]]}, "properties": {"feature_type": "road", "sub_type": "residential"}}, {"type": "Feature", "geometry": {"type": "LineString", "coordinates": [[77.74892264535849, 8.687408838509395], [77.74900598231281, 8.686956475090142]]}, "properties": {"feature_type": "road", "sub_type": "residential"}}, {"type": "Feature", "geometry": {"type": "LineString", "coordinates": [[77.7427043, 8.689022700000002], [77.7427018, 8.689169900000001], [77.74270713638094, 8.689260698649695]]}, "properties": {"feature_type": "road", "sub_type": "residential"}}, {"type": "Feature", "geometry": {"type": "MultiLineString", "coordinates": [[[77.7427018, 8.689169900000001], [77.74274737261325, 8.689172034502741]], [[77.74283820747148, 8.689176288954778], [77.74292904232497, 8.68918054338448]], [[77.74329238169183, 8.68919756087995], [77.743432, 8.689204099999998]]]}, "properties": {"feature_type": "road", "sub_type": "residential"}}, {"type": "Feature", "geometry": {"type": "LineString", "coordinates": [[77.74283527807167, 8.688773552920708], [77.7434188, 8.688800999999998]]}, "properties": {"feature_type": "road", "sub_type": "residential"}}, {"type": "Feature", "geometry": {"type": "LineString", "coordinates": [[77.72647746372387, 8.752715323818544], [77.7264961, 8.752700600000002], [77.72642978240124, 8.752444606177711]]}, "properties": {"feature_type": "road", "sub_type": "residential"}}, {"type": "Feature", "geometry": {"type": "LineString", "coordinates": [[77.69554482769828, 8.680652152506346], [77.69562166740492, 8.680290184090236]]}, "properties": {"feature_type": "road", "sub_type": "residential"}}, {"type": "Feature", "geometry": {"type": "LineString", "coordinates": [[77.7016627744621, 8.683509647605064], [77.70184383384262, 8.683432604502432]]}, "properties": {"feature_type": "road", "sub_type": "residential"}}, {"type": "Feature", "geometry": {"type": "LineString", "coordinates": [[77.69858217874922, 8.685058110716268], [77.6984428, 8.6846368], [77.69840322456763, 8.684517241708434]]}, "properties": {"feature_type": "road", "sub_type": "residential"}}, {"type": "Feature", "geometry": {"type": "MultiLineString", "coordinates": [[[77.698235897213, 8.683343797601033], [77.6982243, 8.683278699999999], [77.6982099334049, 8.683198265638874]], [[77.69820369050746, 8.683163313462853], [77.6981777, 8.6830178], [77.69817203079583, 8.682982825438991]]]}, "properties": {"feature_type": "road", "sub_type": "residential"}}, {"type": "Feature", "geometry": {"type": "LineString", "coordinates": [[77.69785893388664, 8.68470180780566], [77.69787990780273, 8.684882371502564]]}, "properties": {"feature_type": "road", "sub_type": "residential"}}, {"type": "Feature", "geometry": {"type": "LineString", "coordinates": [[77.69766995128896, 8.6829863795728], [77.6976429, 8.683081099999999], [77.69769090572433, 8.68334765571752]]}, "properties": {"feature_type": "road", "sub_type": "residential"}}, {"type": "Feature", "geometry": {"type": "LineString", "coordinates": [[77.69775232840755, 8.682697991240966], [77.69774753133686, 8.682714762100668]]}, "properties": {"feature_type": "road", "sub_type": "residential"}}, {"type": "Feature", "geometry": {"type": "LineString", "coordinates": [[77.70009811699536, 8.718579954117446], [77.7000139, 8.718570200000002]]}, "properties": {"feature_type": "road", "sub_type": "residential"}}, {"type": "Feature", "geometry": {"type": "LineString", "coordinates": [[77.71477446139983, 8.701083517926527], [77.7147425, 8.701081999999998], [77.71424080000001, 8.701028999999998]]}, "properties": {"feature_type": "road", "sub_type": "residential"}}, {"type": "Feature", "geometry": {"type": "MultiLineString", "coordinates": [[[77.71016400494317, 8.70133019880565], [77.710461, 8.701299499999998], [77.7106892655478, 8.701251321270485]], [[77.71076389965928, 8.701235568636537], [77.71077993693629, 8.70123218372989]]]}, "properties": {"feature_type": "road", "sub_type": "residential"}}, {"type": "Feature", "geometry": {"type": "LineString", "coordinates": [[77.71132405789959, 8.701130268763698], [77.7114804, 8.7011033], [77.7115931, 8.7011033], [77.7119365, 8.701023700000002]]}, "properties": {"feature_type": "road", "sub_type": "residential"}}, {"type": "Feature", "geometry": {"type": "MultiLineString", "coordinates": [[[77.7122637, 8.7010767], [77.71214126757822, 8.701120295463936]], [[77.71186938666685, 8.701196137223661], [77.71132527579505, 8.701299412920182]]]}, "properties": {"feature_type": "road", "sub_type": "residential"}}, {"type": "Feature", "geometry": {"type": "LineString", "coordinates": [[77.70726729277125, 8.700899051634817], [77.7072913, 8.700663100000002], [77.7073181, 8.7003094], [77.7073664, 8.700016100000001], [77.70741009422399, 8.699855196843977]]}, "properties": {"feature_type": "road", "sub_type": "residential"}}, {"type": "Feature", "geometry": {"type": "LineString", "coordinates": [[77.70678023740534, 8.700663100042938], [77.706905, 8.700663100000002], [77.7072913, 8.700663100000002]]}, "properties": {"feature_type": "road", "sub_type": "residential"}}, {"type": "Feature", "geometry": {"type": "LineString", "coordinates": [[77.71024109407098, 8.702067458400458], [77.7102468, 8.7020669], [77.71030877797016, 8.702052008351721]]}, "properties": {"feature_type": "road", "sub_type": "residential"}}, {"type": "Feature", "geometry": {"type": "MultiLineString", "coordinates": [[[77.711473, 8.702084400000002], [77.7116936835059, 8.702017474464075]], [[77.71193410996734, 8.701950066911916], [77.7121242, 8.701898800000002], [77.71232824222048, 8.701863934305072]], [[77.71237119377795, 8.70185659494775], [77.7132724, 8.7017026], [77.71325992138112, 8.701488835962547]], [[77.71332397264094, 8.701423984490157], [77.71350553621758, 8.701416430506393]], [[77.71386866326867, 8.701401322285149], [77.714148, 8.701389700000002]]]}, "properties": {"feature_type": "road", "sub_type": "residential"}}, {"type": "Feature", "geometry": {"type": "LineString", "coordinates": [[77.71043186676802, 8.703338977819973], [77.71079475998584, 8.703291000434643]]}, "properties": {"feature_type": "road", "sub_type": "residential"}}, {"type": "Feature", "geometry": {"type": "LineString", "coordinates": [[77.70534306577554, 8.70285910611084], [77.7051541, 8.702883000000002]]}, "properties": {"feature_type": "road", "sub_type": "residential"}}, {"type": "Feature", "geometry": {"type": "LineString", "coordinates": [[77.70534918725966, 8.703710947831407], [77.7052982, 8.703715799999998]]}, "properties": {"feature_type": "road", "sub_type": "residential"}}, {"type": "Feature", "geometry": {"type": "LineString", "coordinates": [[77.7043887, 8.702869], [77.70441600179947, 8.702997513285508]]}, "properties": {"feature_type": "road", "sub_type": "residential"}}, {"type": "Feature", "geometry": {"type": "LineString", "coordinates": [[77.7043887, 8.702869], [77.70443499483332, 8.70286310682943]]}, "properties": {"feature_type": "road", "sub_type": "residential"}}, {"type": "Feature", "geometry": {"type": "LineString", "coordinates": [[77.7043887, 8.702869], [77.70436094079226, 8.702726838160165]]}, "properties": {"feature_type": "road", "sub_type": "residential"}}, {"type": "Feature", "geometry": {"type": "LineString", "coordinates": [[77.7043887, 8.702869], [77.7038954, 8.7029353]]}, "properties": {"feature_type": "road", "sub_type": "residential"}}, {"type": "Feature", "geometry": {"type": "LineString", "coordinates": [[77.70509300000002, 8.7025301], [77.7051541, 8.702883000000002], [77.7051943, 8.7031151]]}, "properties": {"feature_type": "road", "sub_type": "residential"}}, {"type": "Feature", "geometry": {"type": "LineString", "coordinates": [[77.70746022233334, 8.707855039534401], [77.707479, 8.707676000000001], [77.70747915285102, 8.70767419402903]]}, "properties": {"feature_type": "road", "sub_type": "residential"}}, {"type": "Feature", "geometry": {"type": "LineString", "coordinates": [[77.70799315088496, 8.708031953364701], [77.7080262, 8.7077638], [77.7080264321701, 8.707760650371124]]}, "properties": {"feature_type": "road", "sub_type": "residential"}}, {"type": "Feature", "geometry": {"type": "LineString", "coordinates": [[77.7371089, 8.702091199999998], [77.73721142665705, 8.702099510678265]]}, "properties": {"feature_type": "road", "sub_type": "residential"}}, {"type": "Feature", "geometry": {"type": "LineString", "coordinates": [[77.654787, 8.6989821], [77.65491540612466, 8.699008731673585]]}, "properties": {"feature_type": "road", "sub_type": "residential"}}, {"type": "Feature", "geometry": {"type": "LineString", "coordinates": [[77.71359252650541, 8.70088651995285], [77.713717, 8.700911000000001], [77.7137027, 8.7011078]]}, "properties": {"feature_type": "road", "sub_type": "residential"}}, {"type": "Feature", "geometry": {"type": "LineString", "coordinates": [[77.7133189322971, 8.700724474262183], [77.7135767, 8.700729299999997]]}, "properties": {"feature_type": "road", "sub_type": "residential"}}, {"type": "Feature", "geometry": {"type": "LineString", "coordinates": [[77.71521384368106, 8.699049911669112], [77.7154076, 8.699177000000002]]}, "properties": {"feature_type": "road", "sub_type": "primary"}}, {"type": "Feature", "geometry": {"type": "LineString", "coordinates": [[77.7154076, 8.699177000000002], [77.71521339874617, 8.698988190894156]]}, "properties": {"feature_type": "road", "sub_type": "primary"}}, {"type": "Feature", "geometry": {"type": "LineString", "coordinates": [[77.7441468771768, 8.689973149533314], [77.74410318524605, 8.689702406121508]]}, "properties": {"feature_type": "road", "sub_type": "residential"}}, {"type": "Feature", "geometry": {"type": "LineString", "coordinates": [[77.74393746702418, 8.688980778072155], [77.7439237, 8.688899099999999], [77.74387684140494, 8.688710156538917]]}, "properties": {"feature_type": "road", "sub_type": "residential"}}, {"type": "Feature", "geometry": {"type": "MultiLineString", "coordinates": [[[77.70664600083161, 8.694618904963507], [77.7066585, 8.6946125], [77.70679511603856, 8.694577533293199]], [[77.70691790143016, 8.694546106479484], [77.7072594, 8.6944587], [77.70748042745984, 8.69439194845036]]]}, "properties": {"feature_type": "road", "sub_type": "residential"}}, {"type": "Feature", "geometry": {"type": "LineString", "coordinates": [[77.70748042745984, 8.69439194845036], [77.70791473675236, 8.694260784168623]]}, "properties": {"feature_type": "road", "sub_type": "residential"}}, {"type": "Feature", "geometry": {"type": "LineString", "coordinates": [[77.7081864694181, 8.694164721920139], [77.70831323674415, 8.69411495783005]]}, "properties": {"feature_type": "road", "sub_type": "residential"}}, {"type": "Feature", "geometry": {"type": "LineString", "coordinates": [[77.70730354794561, 8.694844983484137], [77.70719268814668, 8.694875080711848]]}, "properties": {"feature_type": "road", "sub_type": "residential"}}, {"type": "Feature", "geometry": {"type": "MultiLineString", "coordinates": [[[77.70809886400383, 8.694610339140748], [77.707828, 8.694702600000001], [77.70773647445164, 8.694727448325676]], [[77.70678422440245, 8.695119743284645], [77.7068194, 8.695339], [77.70686304830296, 8.695570959779197]], [[77.70689700761525, 8.695751429072638], [77.7068999, 8.695766799999996], [77.7069053, 8.695768500000002]]]}, "properties": {"feature_type": "road", "sub_type": "residential"}}, {"type": "Feature", "geometry": {"type": "LineString", "coordinates": [[77.7068194, 8.695339], [77.70692342355956, 8.695314846309417]]}, "properties": {"feature_type": "road", "sub_type": "residential"}}, {"type": "Feature", "geometry": {"type": "LineString", "coordinates": [[77.7068194, 8.695339], [77.7065617, 8.695386900000003]]}, "properties": {"feature_type": "road", "sub_type": "residential"}}, {"type": "Feature", "geometry": {"type": "LineString", "coordinates": [[77.70818041640987, 8.698633668683204], [77.7081871, 8.6986783], [77.7082172, 8.698879400000001]]}, "properties": {"feature_type": "road", "sub_type": "residential"}}, {"type": "Feature", "geometry": {"type": "LineString", "coordinates": [[77.7081013, 8.697937800000002], [77.70813, 8.698296999999998], [77.70815338363909, 8.698453150484193]]}, "properties": {"feature_type": "road", "sub_type": "residential"}}, {"type": "Feature", "geometry": {"type": "LineString", "coordinates": [[77.7082188308435, 8.698666863488674], [77.7081871, 8.6986783]]}, "properties": {"feature_type": "road", "sub_type": "residential"}}, {"type": "Feature", "geometry": {"type": "LineString", "coordinates": [[77.73833752147866, 8.756876651775984], [77.738282, 8.757142600000002]]}, "properties": {"feature_type": "road", "sub_type": "trunk"}}, {"type": "Feature", "geometry": {"type": "LineString", "coordinates": [[77.7384264, 8.75716], [77.73842887471208, 8.757146617448255]]}, "properties": {"feature_type": "road", "sub_type": "trunk"}}, {"type": "Feature", "geometry": {"type": "LineString", "coordinates": [[77.738282, 8.757142600000002], [77.73824975455317, 8.757293864852906]]}, "properties": {"feature_type": "road", "sub_type": "trunk"}}, {"type": "Feature", "geometry": {"type": "LineString", "coordinates": [[77.7383561, 8.757543900000002], [77.73837914821102, 8.757418036453991]]}, "properties": {"feature_type": "road", "sub_type": "trunk"}}, {"type": "Feature", "geometry": {"type": "LineString", "coordinates": [[77.73837914821102, 8.757418036453991], [77.7384264, 8.75716]]}, "properties": {"feature_type": "road", "sub_type": "trunk"}}, {"type": "Feature", "geometry": {"type": "LineString", "coordinates": [[77.7383395, 8.757626500000002], [77.7383561, 8.757543900000002]]}, "properties": {"feature_type": "road", "sub_type": "trunk"}}, {"type": "Feature", "geometry": {"type": "LineString", "coordinates": [[77.73830038360032, 8.757780018770715], [77.7383395, 8.757626500000002]]}, "properties": {"feature_type": "road", "sub_type": "trunk"}}, {"type": "Feature", "geometry": {"type": "MultiLineString", "coordinates": [[[77.70942858805226, 8.702731518508303], [77.70924743868447, 8.70279681291664]], [[77.70897672014023, 8.702874696081755], [77.70879425294407, 8.702916693282734]]]}, "properties": {"feature_type": "road", "sub_type": "residential"}}, {"type": "Feature", "geometry": {"type": "LineString", "coordinates": [[77.71106089130465, 8.702416459045017], [77.7105272, 8.702476599999999], [77.7101135, 8.702543999999998], [77.71006299478567, 8.70255642174314]]}, "properties": {"feature_type": "road", "sub_type": "residential"}}, {"type": "Feature", "geometry": {"type": "LineString", "coordinates": [[77.71133300028153, 8.7023721280494], [77.7112423265311, 8.702390963914644]]}, "properties": {"feature_type": "road", "sub_type": "residential"}}, {"type": "Feature", "geometry": {"type": "LineString", "coordinates": [[77.711647, 8.7023069], [77.71133300028153, 8.7023721280494]]}, "properties": {"feature_type": "road", "sub_type": "residential"}}, {"type": "Feature", "geometry": {"type": "LineString", "coordinates": [[77.711647, 8.7023069], [77.71178658338103, 8.702307740890001]]}, "properties": {"feature_type": "road", "sub_type": "residential"}}, {"type": "Feature", "geometry": {"type": "LineString", "coordinates": [[77.71016670951815, 8.764307642961223], [77.70996215306731, 8.764028210775669]]}, "properties": {"feature_type": "road", "sub_type": "primary"}}, {"type": "Feature", "geometry": {"type": "LineString", "coordinates": [[77.760960710021, 8.745789598284139], [77.76093093013066, 8.74577936596939]]}, "properties": {"feature_type": "road", "sub_type": "residential"}}, {"type": "Feature", "geometry": {"type": "LineString", "coordinates": [[77.76050484433588, 8.745547505687135], [77.7602917, 8.745404899999999], [77.76021958257633, 8.74533279782437]]}, "properties": {"feature_type": "road", "sub_type": "residential"}}, {"type": "Feature", "geometry": {"type": "LineString", "coordinates": [[77.76302079082767, 8.741898753800287], [77.76238437898334, 8.741803085685596]]}, "properties": {"feature_type": "road", "sub_type": "residential"}}, {"type": "Feature", "geometry": {"type": "LineString", "coordinates": [[77.7634791042694, 8.742237073573191], [77.76349937731807, 8.74214657445284]]}, "properties": {"feature_type": "road", "sub_type": "residential"}}, {"type": "Feature", "geometry": {"type": "LineString", "coordinates": [[77.76193854527489, 8.742921451902715], [77.76230344663631, 8.743143819133234]]}, "properties": {"feature_type": "road", "sub_type": "residential"}}, {"type": "Feature", "geometry": {"type": "LineString", "coordinates": [[77.7600399, 8.749402399999997], [77.7600345, 8.749465999999996], [77.76002306579402, 8.749490394477856]]}, "properties": {"feature_type": "road", "sub_type": "residential"}}, {"type": "Feature", "geometry": {"type": "LineString", "coordinates": [[77.7600399, 8.749402399999997], [77.75998830078629, 8.749395117023505]]}, "properties": {"feature_type": "road", "sub_type": "residential"}}, {"type": "Feature", "geometry": {"type": "MultiLineString", "coordinates": [[[77.7600399, 8.749402399999997], [77.760179, 8.749333400000001], [77.7602595396164, 8.749230577594174]], [[77.7602697513623, 8.74921754057401], [77.7603243, 8.749147899999999], [77.7604477, 8.7490789], [77.7605308729903, 8.749078900002658]]]}, "properties": {"feature_type": "road", "sub_type": "residential"}}, {"type": "Feature", "geometry": {"type": "LineString", "coordinates": [[77.76107898228173, 8.749513752419393], [77.76126088551143, 8.74955020471331]]}, "properties": {"feature_type": "road", "sub_type": "residential"}}, {"type": "Feature", "geometry": {"type": "LineString", "coordinates": [[77.760179, 8.749333400000001], [77.76026041786187, 8.749349715876146]]}, "properties": {"feature_type": "road", "sub_type": "residential"}}, {"type": "Feature", "geometry": {"type": "LineString", "coordinates": [[77.71074855577622, 8.696871891799807], [77.71047625056464, 8.696888447584158]]}, "properties": {"feature_type": "road", "sub_type": "residential"}}, {"type": "Feature", "geometry": {"type": "LineString", "coordinates": [[77.71282215100437, 8.696883855013445], [77.712811, 8.6970694]]}, "properties": {"feature_type": "road", "sub_type": "residential"}}, {"type": "Feature", "geometry": {"type": "LineString", "coordinates": [[77.71286270319071, 8.696160726066266], [77.7128548, 8.696340599999997], [77.71285474634654, 8.696341492752008]]}, "properties": {"feature_type": "road", "sub_type": "residential"}}, {"type": "Feature", "geometry": {"type": "MultiLineString", "coordinates": [[[77.7130388, 8.6997438], [77.71312025599386, 8.69995379818659]], [[77.71313198006985, 8.699984023491783], [77.7132156, 8.7001996]]]}, "properties": {"feature_type": "road", "sub_type": "residential"}}, {"type": "Feature", "geometry": {"type": "MultiLineString", "coordinates": [[[77.7125846, 8.695599399999999], [77.71249847584615, 8.695621192250377]], [[77.71246496091062, 8.69562904270242], [77.7122346, 8.695653099999998], [77.7118927, 8.6957141], [77.711829932189, 8.69571590482779]]]}, "properties": {"feature_type": "road", "sub_type": "residential"}}, {"type": "Feature", "geometry": {"type": "LineString", "coordinates": [[77.71130917742562, 8.699063357970761], [77.7103084, 8.6993335]]}, "properties": {"feature_type": "road", "sub_type": "residential"}}, {"type": "Feature", "geometry": {"type": "MultiLineString", "coordinates": [[[77.71294012789267, 8.698563117988726], [77.7127195, 8.698604599999998], [77.7124849, 8.6986987], [77.71221525378466, 8.698784335029222]], [[77.71203405121145, 8.698841881751376], [77.7114924, 8.6990139], [77.71130917742562, 8.699063357970761]]]}, "properties": {"feature_type": "road", "sub_type": "residential"}}, {"type": "Feature", "geometry": {"type": "MultiLineString", "coordinates": [[[77.7124849, 8.6986987], [77.7125176, 8.6988475], [77.712527, 8.6988993], [77.7127348, 8.698850899999996], [77.71276125761996, 8.698944457036452]], [[77.71284283891198, 8.699232936923423], [77.7128913, 8.699404300000001]]]}, "properties": {"feature_type": "road", "sub_type": "residential"}}, {"type": "Feature", "geometry": {"type": "LineString", "coordinates": [[77.71095590073281, 8.700446734325944], [77.7110745, 8.7004423], [77.7112081, 8.7004461], [77.71131911509946, 8.700443766105282]]}, "properties": {"feature_type": "road", "sub_type": "residential"}}, {"type": "Feature", "geometry": {"type": "MultiLineString", "coordinates": [[[77.71131911509946, 8.700443766105282], [77.71131911509946, 8.700443766105282]], [[77.71166138178498, 8.700415975708227], [77.71177286045203, 8.7004022200488]], [[77.71204504518565, 8.700368634289264], [77.712098, 8.7003621], [77.7123045, 8.700361199999998], [77.7124675, 8.7003345], [77.71249879952768, 8.700328396027214]]]}, "properties": {"feature_type": "road", "sub_type": "residential"}}, {"type": "Feature", "geometry": {"type": "LineString", "coordinates": [[77.7134891, 8.699622899999996], [77.7134612201712, 8.69949959156257]]}, "properties": {"feature_type": "road", "sub_type": "residential"}}, {"type": "Feature", "geometry": {"type": "LineString", "coordinates": [[77.70552674958118, 8.70314630736641], [77.70520390000001, 8.7031707]]}, "properties": {"feature_type": "road", "sub_type": "residential"}}, {"type": "Feature", "geometry": {"type": "LineString", "coordinates": [[77.6984428, 8.6846368], [77.6985054954865, 8.684606873535973]]}, "properties": {"feature_type": "road", "sub_type": "residential"}}, {"type": "Feature", "geometry": {"type": "LineString", "coordinates": [[77.69811788798418, 8.683024879507094], [77.6981777, 8.6830178], [77.69839007439809, 8.682992640361803]]}, "properties": {"feature_type": "road", "sub_type": "residential"}}, {"type": "Feature", "geometry": {"type": "LineString", "coordinates": [[77.6976429, 8.683081099999999], [77.69793643020968, 8.683046357268266]]}, "properties": {"feature_type": "road", "sub_type": "residential"}}, {"type": "Feature", "geometry": {"type": "LineString", "coordinates": [[77.6982105258193, 8.683281115892905], [77.6982243, 8.683278699999999], [77.69848260188073, 8.683233424216004]]}, "properties": {"feature_type": "road", "sub_type": "residential"}}, {"type": "Feature", "geometry": {"type": "LineString", "coordinates": [[77.6978370469499, 8.683346621227562], [77.69793844983529, 8.683328835974221]]}, "properties": {"feature_type": "road", "sub_type": "residential"}}, {"type": "Feature", "geometry": {"type": "LineString", "coordinates": [[77.69843890795354, 8.683432716305408], [77.69848398389053, 8.683426679216174]]}, "properties": {"feature_type": "road", "sub_type": "residential"}}, {"type": "Feature", "geometry": {"type": "LineString", "coordinates": [[77.69410132515416, 8.681023781931978], [77.69414994796631, 8.681294507427925]]}, "properties": {"feature_type": "road", "sub_type": "residential"}}, {"type": "Feature", "geometry": {"type": "LineString", "coordinates": [[77.7616031999974, 8.65280282858972], [77.7616032, 8.653100199999999], [77.7616523064254, 8.653163880371096]]}, "properties": {"feature_type": "road", "sub_type": "unclassified"}}, {"type": "Feature", "geometry": {"type": "LineString", "coordinates": [[77.6988670038358, 8.68619416436895], [77.6992086, 8.6861868], [77.69941162875129, 8.686164372907163]]}, "properties": {"feature_type": "road", "sub_type": "residential"}}, {"type": "Feature", "geometry": {"type": "LineString", "coordinates": [[77.69997458659519, 8.688695600005344], [77.6999636, 8.6886956]]}, "properties": {"feature_type": "road", "sub_type": "residential"}}, {"type": "Feature", "geometry": {"type": "LineString", "coordinates": [[77.6992393, 8.6884304], [77.6993369622588, 8.688419552819921]]}, "properties": {"feature_type": "road", "sub_type": "residential"}}, {"type": "Feature", "geometry": {"type": "LineString", "coordinates": [[77.69988131306103, 8.688351063409975], [77.7000763, 8.688372000000001], [77.70024461952386, 8.688362130249896]]}, "properties": {"feature_type": "road", "sub_type": "residential"}}, {"type": "Feature", "geometry": {"type": "LineString", "coordinates": [[77.70901447056792, 8.695657688924172], [77.7082193, 8.695933100000001], [77.7078132, 8.6959914], [77.7077955, 8.695991400000002], [77.70774557369097, 8.695993712364881]]}, "properties": {"feature_type": "road", "sub_type": "residential"}}, {"type": "Feature", "geometry": {"type": "LineString", "coordinates": [[77.70964939308396, 8.695555783006833], [77.70919582863893, 8.695621837315088]]}, "properties": {"feature_type": "road", "sub_type": "residential"}}, {"type": "Feature", "geometry": {"type": "MultiLineString", "coordinates": [[[77.70747323999275, 8.696006325537862], [77.7074522, 8.696007299999998], [77.7073825451613, 8.696022092817808]], [[77.70701986594982, 8.696099115934782], [77.70695720903208, 8.696112422509675]], [[77.70692919610782, 8.696118371666985], [77.7067478563769, 8.696156883074941]]]}, "properties": {"feature_type": "road", "sub_type": "residential"}}, {"type": "Feature", "geometry": {"type": "LineString", "coordinates": [[77.7073945718316, 8.697695667901218], [77.70802154596804, 8.697550535652097]]}, "properties": {"feature_type": "road", "sub_type": "residential"}}, {"type": "Feature", "geometry": {"type": "LineString", "coordinates": [[77.70707310316192, 8.690868280721151], [77.7070877, 8.6908637], [77.7072969, 8.690805399999997], [77.70734493882767, 8.69078681124625]]}, "properties": {"feature_type": "road", "sub_type": "residential"}}, {"type": "Feature", "geometry": {"type": "LineString", "coordinates": [[77.69575262206666, 8.682420609017008], [77.69560835395207, 8.682368472468292]]}, "properties": {"feature_type": "road", "sub_type": "residential"}}, {"type": "Feature", "geometry": {"type": "LineString", "coordinates": [[77.69733436267711, 8.717866200887508], [77.69736924158636, 8.71796012428061]]}, "properties": {"feature_type": "road", "sub_type": "secondary"}}, {"type": "Feature", "geometry": {"type": "LineString", "coordinates": [[77.69580150219582, 8.71462790977567], [77.69587895666967, 8.714985142575033]]}, "properties": {"feature_type": "road", "sub_type": "secondary"}}, {"type": "Feature", "geometry": {"type": "Point", "coordinates": [77.71029843734317, 8.698844730202042]}, "properties": {"feature_type": "building", "sub_type": "yes"}}, {"type": "Feature", "geometry": {"type": "Point", "coordinates": [77.73645147114341, 8.703125728916211]}, "properties": {"feature_type": "building", "sub_type": "yes"}}, {"type": "Feature", "geometry": {"type": "Point", "coordinates": [77.73643302461655, 8.702696244213602]}, "properties": {"feature_type": "building", "sub_type": "yes"}}, {"type": "Feature", "geometry": {"type": "Point", "coordinates": [77.73639767509184, 8.703274224323415]}, "properties": {"feature_type": "building", "sub_type": "yes"}}, {"type": "Feature", "geometry": {"type": "Point", "coordinates": [77.73622182422889, 8.703726686317525]}, "properties": {"feature_type": "building", "sub_type": "yes"}}, {"type": "Feature", "geometry": {"type": "Point", "coordinates": [77.73653999999999, 8.702319199999998]}, "properties": {"feature_type": "building", "sub_type": "yes"}}, {"type": "Feature", "geometry": {"type": "Point", "coordinates": [77.74019393915393, 8.704282870493596]}, "properties": {"feature_type": "building", "sub_type": "yes"}}, {"type": "Feature", "geometry": {"type": "Point", "coordinates": [77.73721229601342, 8.702254975780743]}, "properties": {"feature_type": "building", "sub_type": "yes"}}, {"type": "Feature", "geometry": {"type": "Point", "coordinates": [77.73599399999999, 8.703661949999995]}, "properties": {"feature_type": "building", "sub_type": "yes"}}, {"type": "Feature", "geometry": {"type": "Point", "coordinates": [77.73645770564347, 8.703722615825225]}, "properties": {"feature_type": "building", "sub_type": "yes"}}, {"type": "Feature", "geometry": {"type": "Point", "coordinates": [77.73708465, 8.702163199999998]}, "properties": {"feature_type": "building", "sub_type": "yes"}}, {"type": "Feature", "geometry": {"type": "Point", "coordinates": [77.73698933054361, 8.70225688707295]}, "properties": {"feature_type": "building", "sub_type": "yes"}}, {"type": "Feature", "geometry": {"type": "Point", "coordinates": [77.7362131, 8.70269705]}, "properties": {"feature_type": "building", "sub_type": "yes"}}, {"type": "Feature", "geometry": {"type": "Point", "coordinates": [77.73611340000001, 8.703663649999998]}, "properties": {"feature_type": "building", "sub_type": "yes"}}, {"type": "Feature", "geometry": {"type": "Point", "coordinates": [77.7371105, 8.702277899999999]}, "properties": {"feature_type": "building", "sub_type": "yes"}}, {"type": "Feature", "geometry": {"type": "Point", "coordinates": [77.7403184252321, 8.704290692085243]}, "properties": {"feature_type": "building", "sub_type": "yes"}}, {"type": "Feature", "geometry": {"type": "Point", "coordinates": [77.74307354999999, 8.688626950000003]}, "properties": {"feature_type": "building", "sub_type": "yes"}}, {"type": "Feature", "geometry": {"type": "Point", "coordinates": [77.744302606997, 8.68932992460125]}, "properties": {"feature_type": "building", "sub_type": "yes"}}, {"type": "Feature", "geometry": {"type": "Point", "coordinates": [77.74256875, 8.6889372]}, "properties": {"feature_type": "building", "sub_type": "yes"}}, {"type": "Feature", "geometry": {"type": "Point", "coordinates": [77.7428289, 8.689022449999998]}, "properties": {"feature_type": "building", "sub_type": "yes"}}, {"type": "Feature", "geometry": {"type": "Point", "coordinates": [77.74332707570525, 8.688859236216775]}, "properties": {"feature_type": "building", "sub_type": "yes"}}, {"type": "Feature", "geometry": {"type": "Point", "coordinates": [77.74296319639834, 8.68904595362816]}, "properties": {"feature_type": "building", "sub_type": "yes"}}, {"type": "Feature", "geometry": {"type": "Point", "coordinates": [77.74306978598707, 8.689053823268132]}, "properties": {"feature_type": "building", "sub_type": "yes"}}, {"type": "Feature", "geometry": {"type": "Point", "coordinates": [77.7444211447088, 8.68931182553811]}, "properties": {"feature_type": "building", "sub_type": "yes"}}, {"type": "Feature", "geometry": {"type": "Point", "coordinates": [77.74282087895787, 8.688848639804382]}, "properties": {"feature_type": "building", "sub_type": "yes"}}, {"type": "Feature", "geometry": {"type": "Point", "coordinates": [77.74319297039537, 8.688639364206226]}, "properties": {"feature_type": "building", "sub_type": "yes"}}, {"type": "Feature", "geometry": {"type": "Point", "coordinates": [77.74353722466833, 8.688902269919446]}, "properties": {"feature_type": "building", "sub_type": "yes"}}, {"type": "Feature", "geometry": {"type": "Point", "coordinates": [77.74318858024876, 8.689056787567266]}, "properties": {"feature_type": "building", "sub_type": "yes"}}, {"type": "Feature", "geometry": {"type": "Point", "coordinates": [77.7433221057321, 8.689041975528047]}, "properties": {"feature_type": "building", "sub_type": "yes"}}, {"type": "Feature", "geometry": {"type": "Point", "coordinates": [77.71531312167176, 8.700594768578373]}, "properties": {"feature_type": "building", "sub_type": "yes"}}, {"type": "Feature", "geometry": {"type": "Point", "coordinates": [77.715708, 8.69890825]}, "properties": {"feature_type": "building", "sub_type": "yes"}}, {"type": "Feature", "geometry": {"type": "Point", "coordinates": [77.7153377, 8.698782299999998]}, "properties": {"feature_type": "building", "sub_type": "yes"}}, {"type": "Feature", "geometry": {"type": "Point", "coordinates": [77.71532115466123, 8.697969080411129]}, "properties": {"feature_type": "building", "sub_type": "yes"}}, {"type": "Feature", "geometry": {"type": "Point", "coordinates": [77.71565200000002, 8.6990385]}, "properties": {"feature_type": "building", "sub_type": "yes"}}, {"type": "Feature", "geometry": {"type": "Point", "coordinates": [77.71590898318826, 8.697958343858362]}, "properties": {"feature_type": "building", "sub_type": "yes"}}, {"type": "Feature", "geometry": {"type": "Point", "coordinates": [77.71519208245908, 8.69832288127058]}, "properties": {"feature_type": "building", "sub_type": "yes"}}, {"type": "Feature", "geometry": {"type": "Point", "coordinates": [77.71532492836025, 8.699669964937923]}, "properties": {"feature_type": "building", "sub_type": "yes"}}, {"type": "Feature", "geometry": {"type": "Point", "coordinates": [77.71542244040228, 8.698121412909007]}, "properties": {"feature_type": "building", "sub_type": "yes"}}, {"type": "Feature", "geometry": {"type": "Point", "coordinates": [77.71573161737922, 8.698730352062606]}, "properties": {"feature_type": "building", "sub_type": "yes"}}, {"type": "Feature", "geometry": {"type": "Point", "coordinates": [77.71580390000001, 8.69865255]}, "properties": {"feature_type": "building", "sub_type": "yes"}}, {"type": "Feature", "geometry": {"type": "Point", "coordinates": [77.71537310000001, 8.69782505]}, "properties": {"feature_type": "building", "sub_type": "yes"}}, {"type": "Feature", "geometry": {"type": "Point", "coordinates": [77.71333870000002, 8.7006784]}, "properties": {"feature_type": "building", "sub_type": "yes"}}, {"type": "Feature", "geometry": {"type": "Point", "coordinates": [77.7136117, 8.70051195]}, "properties": {"feature_type": "building", "sub_type": "yes"}}, {"type": "Feature", "geometry": {"type": "Point", "coordinates": [77.71354865476704, 8.700522424429035]}, "properties": {"feature_type": "building", "sub_type": "yes"}}, {"type": "Feature", "geometry": {"type": "Point", "coordinates": [77.71347802328323, 8.700523537217707]}, "properties": {"feature_type": "building", "sub_type": "yes"}}, {"type": "Feature", "geometry": {"type": "Point", "coordinates": [77.7133793422229, 8.700522727441868]}, "properties": {"feature_type": "building", "sub_type": "yes"}}, {"type": "Feature", "geometry": {"type": "Point", "coordinates": [77.7135752, 8.700812]}, "properties": {"feature_type": "building", "sub_type": "yes"}}, {"type": "Feature", "geometry": {"type": "Point", "coordinates": [77.71223528163196, 8.695711715684293]}, "properties": {"feature_type": "building", "sub_type": "yes"}}, {"type": "Feature", "geometry": {"type": "Point", "coordinates": [77.71209160000001, 8.69575585]}, "properties": {"feature_type": "building", "sub_type": "yes"}}, {"type": "Feature", "geometry": {"type": "Point", "coordinates": [77.71203782958547, 8.695851713869448]}, "properties": {"feature_type": "building", "sub_type": "yes"}}, {"type": "Feature", "geometry": {"type": "Point", "coordinates": [77.7119832581837, 8.695883173098006]}, "properties": {"feature_type": "building", "sub_type": "yes"}}, {"type": "Feature", "geometry": {"type": "Point", "coordinates": [77.71197060801417, 8.695948273221601]}, "properties": {"feature_type": "building", "sub_type": "yes"}}, {"type": "Feature", "geometry": {"type": "Point", "coordinates": [77.7122533, 8.695843950000002]}, "properties": {"feature_type": "building", "sub_type": "yes"}}, {"type": "Feature", "geometry": {"type": "Point", "coordinates": [77.71219766899179, 8.695857219617302]}, "properties": {"feature_type": "building", "sub_type": "yes"}}, {"type": "Feature", "geometry": {"type": "Point", "coordinates": [77.71210534630252, 8.695895627934696]}, "properties": {"feature_type": "building", "sub_type": "yes"}}, {"type": "Feature", "geometry": {"type": "Point", "coordinates": [77.7120453, 8.6959316]}, "properties": {"feature_type": "building", "sub_type": "yes"}}, {"type": "Feature", "geometry": {"type": "Point", "coordinates": [77.71195692807898, 8.695814010294702]}, "properties": {"feature_type": "building", "sub_type": "yes"}}, {"type": "Feature", "geometry": {"type": "Point", "coordinates": [77.7118378, 8.6958067]}, "properties": {"feature_type": "building", "sub_type": "yes"}}, {"type": "Feature", "geometry": {"type": "Point", "coordinates": [77.71104229999999, 8.698804249999998]}, "properties": {"feature_type": "building", "sub_type": "yes"}}, {"type": "Feature", "geometry": {"type": "Point", "coordinates": [77.71273058787283, 8.699773630191823]}, "properties": {"feature_type": "building", "sub_type": "yes"}}, {"type": "Feature", "geometry": {"type": "Point", "coordinates": [77.71272922583856, 8.699690489905898]}, "properties": {"feature_type": "building", "sub_type": "yes"}}, {"type": "Feature", "geometry": {"type": "Point", "coordinates": [77.71285790000002, 8.6994721]}, "properties": {"feature_type": "building", "sub_type": "yes"}}, {"type": "Feature", "geometry": {"type": "Point", "coordinates": [77.71289006122844, 8.699558519353742]}, "properties": {"feature_type": "building", "sub_type": "yes"}}, {"type": "Feature", "geometry": {"type": "Point", "coordinates": [77.7129568, 8.699676]}, "properties": {"feature_type": "building", "sub_type": "yes"}}, {"type": "Feature", "geometry": {"type": "Point", "coordinates": [77.712623827876, 8.699759413768483]}, "properties": {"feature_type": "building", "sub_type": "yes"}}, {"type": "Feature", "geometry": {"type": "Point", "coordinates": [77.71100089069785, 8.698914210453971]}, "properties": {"feature_type": "building", "sub_type": "yes"}}, {"type": "Feature", "geometry": {"type": "Point", "coordinates": [77.71198790747317, 8.697342674716449]}, "properties": {"feature_type": "building", "sub_type": "yes"}}, {"type": "Feature", "geometry": {"type": "Point", "coordinates": [77.71325166909568, 8.70006383394318]}, "properties": {"feature_type": "building", "sub_type": "yes"}}, {"type": "Feature", "geometry": {"type": "Point", "coordinates": [77.71346618383572, 8.700250007090261]}, "properties": {"feature_type": "building", "sub_type": "yes"}}, {"type": "Feature", "geometry": {"type": "Point", "coordinates": [77.71205254220348, 8.699884124010024]}, "properties": {"feature_type": "building", "sub_type": "yes"}}, {"type": "Feature", "geometry": {"type": "Point", "coordinates": [77.71270525000001, 8.697835099999997]}, "properties": {"feature_type": "building", "sub_type": "yes"}}, {"type": "Feature", "geometry": {"type": "Point", "coordinates": [77.71245037560084, 8.697166431387133]}, "properties": {"feature_type": "building", "sub_type": "yes"}}, {"type": "Feature", "geometry": {"type": "Point", "coordinates": [77.71186175370741, 8.698696872547384]}, "properties": {"feature_type": "building", "sub_type": "yes"}}, {"type": "Feature", "geometry": {"type": "Point", "coordinates": [77.7132742289342, 8.700293857627614]}, "properties": {"feature_type": "building", "sub_type": "yes"}}, {"type": "Feature", "geometry": {"type": "Point", "coordinates": [77.71243627548928, 8.697042517057053]}, "properties": {"feature_type": "building", "sub_type": "yes"}}, {"type": "Feature", "geometry": {"type": "Point", "coordinates": [77.71255925, 8.6993751]}, "properties": {"feature_type": "building", "sub_type": "yes"}}, {"type": "Feature", "geometry": {"type": "Point", "coordinates": [77.71116959999999, 8.69993255]}, "properties": {"feature_type": "building", "sub_type": "yes"}}, {"type": "Feature", "geometry": {"type": "Point", "coordinates": [77.71343265, 8.699566400000002]}, "properties": {"feature_type": "building", "sub_type": "yes"}}, {"type": "Feature", "geometry": {"type": "Point", "coordinates": [77.71225201601666, 8.700210082852834]}, "properties": {"feature_type": "building", "sub_type": "yes"}}, {"type": "Feature", "geometry": {"type": "Point", "coordinates": [77.71151675487044, 8.700037074542085]}, "properties": {"feature_type": "building", "sub_type": "yes"}}, {"type": "Feature", "geometry": {"type": "Point", "coordinates": [77.71196785000001, 8.69864175]}, "properties": {"feature_type": "building", "sub_type": "yes"}}, {"type": "Feature", "geometry": {"type": "Point", "coordinates": [77.71096360732786, 8.699800167884895]}, "properties": {"feature_type": "building", "sub_type": "yes"}}, {"type": "Feature", "geometry": {"type": "Point", "coordinates": [77.71270974189473, 8.697696976463261]}, "properties": {"feature_type": "building", "sub_type": "yes"}}, {"type": "Feature", "geometry": {"type": "Point", "coordinates": [77.71151090000001, 8.6998522]}, "properties": {"feature_type": "building", "sub_type": "yes"}}, {"type": "Feature", "geometry": {"type": "Point", "coordinates": [77.71226535, 8.698173399999995]}, "properties": {"feature_type": "building", "sub_type": "yes"}}, {"type": "Feature", "geometry": {"type": "Point", "coordinates": [77.71142995414085, 8.69706246212731]}, "properties": {"feature_type": "building", "sub_type": "yes"}}, {"type": "Feature", "geometry": {"type": "Point", "coordinates": [77.71260724404691, 8.697770265049677]}, "properties": {"feature_type": "building", "sub_type": "yes"}}, {"type": "Feature", "geometry": {"type": "Point", "coordinates": [77.71139670424607, 8.697964721982173]}, "properties": {"feature_type": "building", "sub_type": "yes"}}, {"type": "Feature", "geometry": {"type": "Point", "coordinates": [77.711884, 8.699959700000003]}, "properties": {"feature_type": "building", "sub_type": "yes"}}, {"type": "Feature", "geometry": {"type": "Point", "coordinates": [77.71207327337396, 8.699729843345743]}, "properties": {"feature_type": "building", "sub_type": "yes"}}, {"type": "Feature", "geometry": {"type": "Point", "coordinates": [77.71313834078227, 8.698401905501685]}, "properties": {"feature_type": "building", "sub_type": "yes"}}, {"type": "Feature", "geometry": {"type": "Point", "coordinates": [77.71181967624388, 8.69954746329817]}, "properties": {"feature_type": "building", "sub_type": "yes"}}, {"type": "Feature", "geometry": {"type": "Point", "coordinates": [77.71070637220119, 8.698632386823881]}, "properties": {"feature_type": "building", "sub_type": "yes"}}, {"type": "Feature", "geometry": {"type": "Point", "coordinates": [77.71312071589192, 8.6992183512579]}, "properties": {"feature_type": "building", "sub_type": "yes"}}, {"type": "Feature", "geometry": {"type": "Point", "coordinates": [77.71142171843607, 8.699869193357733]}, "properties": {"feature_type": "building", "sub_type": "yes"}}, {"type": "Feature", "geometry": {"type": "Point", "coordinates": [77.7106175, 8.69731255]}, "properties": {"feature_type": "building", "sub_type": "yes"}}, {"type": "Feature", "geometry": {"type": "Point", "coordinates": [77.71151256774876, 8.69967346137163]}, "properties": {"feature_type": "building", "sub_type": "yes"}}, {"type": "Feature", "geometry": {"type": "Point", "coordinates": [77.71253504427095, 8.699800077630053]}, "properties": {"feature_type": "building", "sub_type": "yes"}}, {"type": "Feature", "geometry": {"type": "Point", "coordinates": [77.71080722375484, 8.699305545463288]}, "properties": {"feature_type": "building", "sub_type": "yes"}}, {"type": "Feature", "geometry": {"type": "Point", "coordinates": [77.71260435173886, 8.698054768824203]}, "properties": {"feature_type": "building", "sub_type": "yes"}}, {"type": "Feature", "geometry": {"type": "Point", "coordinates": [77.71337052704243, 8.69983243563155]}, "properties": {"feature_type": "building", "sub_type": "yes"}}, {"type": "Feature", "geometry": {"type": "Point", "coordinates": [77.71195337395349, 8.695277087085273]}, "properties": {"feature_type": "building", "sub_type": "yes"}}, {"type": "Feature", "geometry": {"type": "Point", "coordinates": [77.71332607786718, 8.701249724744914]}, "properties": {"feature_type": "building", "sub_type": "yes"}}, {"type": "Feature", "geometry": {"type": "Point", "coordinates": [77.71178805000001, 8.69971245]}, "properties": {"feature_type": "building", "sub_type": "yes"}}, {"type": "Feature", "geometry": {"type": "Point", "coordinates": [77.71091595240615, 8.699681255190429]}, "properties": {"feature_type": "building", "sub_type": "yes"}}, {"type": "Feature", "geometry": {"type": "Point", "coordinates": [77.71182285597321, 8.697639272576229]}, "properties": {"feature_type": "building", "sub_type": "yes"}}, {"type": "Feature", "geometry": {"type": "Point", "coordinates": [77.71203862644273, 8.695529062815503]}, "properties": {"feature_type": "building", "sub_type": "yes"}}, {"type": "Feature", "geometry": {"type": "Point", "coordinates": [77.7106512321533, 8.699727256371585]}, "properties": {"feature_type": "building", "sub_type": "yes"}}, {"type": "Feature", "geometry": {"type": "Point", "coordinates": [77.71123335398893, 8.700096471145267]}, "properties": {"feature_type": "building", "sub_type": "yes"}}, {"type": "Feature", "geometry": {"type": "Point", "coordinates": [77.71365510000001, 8.700997549999999]}, "properties": {"feature_type": "building", "sub_type": "yes"}}, {"type": "Feature", "geometry": {"type": "Point", "coordinates": [77.71346267861645, 8.699785414083676]}, "properties": {"feature_type": "building", "sub_type": "yes"}}, {"type": "Feature", "geometry": {"type": "Point", "coordinates": [77.71394125, 8.69429775]}, "properties": {"feature_type": "building", "sub_type": "yes"}}, {"type": "Feature", "geometry": {"type": "Point", "coordinates": [77.71120115273314, 8.698792165104143]}, "properties": {"feature_type": "building", "sub_type": "yes"}}, {"type": "Feature", "geometry": {"type": "Point", "coordinates": [77.7123426, 8.695804399999997]}, "properties": {"feature_type": "building", "sub_type": "yes"}}, {"type": "Feature", "geometry": {"type": "Point", "coordinates": [77.71548982286187, 8.697622473631153]}, "properties": {"feature_type": "building", "sub_type": "yes"}}, {"type": "Feature", "geometry": {"type": "Point", "coordinates": [77.71176779999999, 8.699999449999998]}, "properties": {"feature_type": "building", "sub_type": "yes"}}, {"type": "Feature", "geometry": {"type": "Point", "coordinates": [77.7110388, 8.698244199999996]}, "properties": {"feature_type": "building", "sub_type": "yes"}}, {"type": "Feature", "geometry": {"type": "Point", "coordinates": [77.71155930314985, 8.697889840615572]}, "properties": {"feature_type": "building", "sub_type": "yes"}}, {"type": "Feature", "geometry": {"type": "Point", "coordinates": [77.71235575356694, 8.69731717432788]}, "properties": {"feature_type": "building", "sub_type": "yes"}}, {"type": "Feature", "geometry": {"type": "Point", "coordinates": [77.71168950000002, 8.6976507]}, "properties": {"feature_type": "building", "sub_type": "yes"}}, {"type": "Feature", "geometry": {"type": "Point", "coordinates": [77.71074121720197, 8.699561738269125]}, "properties": {"feature_type": "building", "sub_type": "yes"}}, {"type": "Feature", "geometry": {"type": "Point", "coordinates": [77.71249877852063, 8.698038915728011]}, "properties": {"feature_type": "building", "sub_type": "yes"}}, {"type": "Feature", "geometry": {"type": "Point", "coordinates": [77.71044678267104, 8.699372400868455]}, "properties": {"feature_type": "building", "sub_type": "yes"}}, {"type": "Feature", "geometry": {"type": "Point", "coordinates": [77.71048707385741, 8.699154928737197]}, "properties": {"feature_type": "building", "sub_type": "yes"}}, {"type": "Feature", "geometry": {"type": "Point", "coordinates": [77.71358334237352, 8.700648674560362]}, "properties": {"feature_type": "building", "sub_type": "yes"}}, {"type": "Feature", "geometry": {"type": "Point", "coordinates": [77.711276, 8.697674099999999]}, "properties": {"feature_type": "building", "sub_type": "yes"}}, {"type": "Feature", "geometry": {"type": "Point", "coordinates": [77.71099023229746, 8.69795287053892]}, "properties": {"feature_type": "building", "sub_type": "yes"}}, {"type": "Feature", "geometry": {"type": "Point", "coordinates": [77.71224430792863, 8.695463375719921]}, "properties": {"feature_type": "building", "sub_type": "yes"}}, {"type": "Feature", "geometry": {"type": "Point", "coordinates": [77.7130149699046, 8.699489389425912]}, "properties": {"feature_type": "building", "sub_type": "yes"}}, {"type": "Feature", "geometry": {"type": "Point", "coordinates": [77.71333104876821, 8.700151517710989]}, "properties": {"feature_type": "building", "sub_type": "yes"}}, {"type": "Feature", "geometry": {"type": "Point", "coordinates": [77.7126772785244, 8.699949109208662]}, "properties": {"feature_type": "building", "sub_type": "yes"}}, {"type": "Feature", "geometry": {"type": "Point", "coordinates": [77.71256275455173, 8.700078972576286]}, "properties": {"feature_type": "building", "sub_type": "yes"}}, {"type": "Feature", "geometry": {"type": "Point", "coordinates": [77.7112818957694, 8.69992531019221]}, "properties": {"feature_type": "building", "sub_type": "yes"}}, {"type": "Feature", "geometry": {"type": "Point", "coordinates": [77.71339016802054, 8.698579321194254]}, "properties": {"feature_type": "building", "sub_type": "yes"}}, {"type": "Feature", "geometry": {"type": "Point", "coordinates": [77.71251067231704, 8.69710394654623]}, "properties": {"feature_type": "building", "sub_type": "yes"}}, {"type": "Feature", "geometry": {"type": "Point", "coordinates": [77.71250514999998, 8.697858849999996]}, "properties": {"feature_type": "building", "sub_type": "yes"}}, {"type": "Feature", "geometry": {"type": "Point", "coordinates": [77.71213894698343, 8.698689329195622]}, "properties": {"feature_type": "building", "sub_type": "yes"}}, {"type": "Feature", "geometry": {"type": "Point", "coordinates": [77.7121601, 8.69950735]}, "properties": {"feature_type": "building", "sub_type": "yes"}}, {"type": "Feature", "geometry": {"type": "Point", "coordinates": [77.7138596, 8.694315599999998]}, "properties": {"feature_type": "building", "sub_type": "yes"}}, {"type": "Feature", "geometry": {"type": "Point", "coordinates": [77.71191095427741, 8.699050205668229]}, "properties": {"feature_type": "building", "sub_type": "yes"}}, {"type": "Feature", "geometry": {"type": "Point", "coordinates": [77.7134483, 8.70065985]}, "properties": {"feature_type": "building", "sub_type": "yes"}}, {"type": "Feature", "geometry": {"type": "Point", "coordinates": [77.71156059992154, 8.69875273600692]}, "properties": {"feature_type": "building", "sub_type": "yes"}}, {"type": "Feature", "geometry": {"type": "Point", "coordinates": [77.7109243, 8.697265799999998]}, "properties": {"feature_type": "building", "sub_type": "yes"}}, {"type": "Feature", "geometry": {"type": "Point", "coordinates": [77.71357027456642, 8.696538358342062]}, "properties": {"feature_type": "building", "sub_type": "yes"}}, {"type": "Feature", "geometry": {"type": "Point", "coordinates": [77.71082517904014, 8.69899581741721]}, "properties": {"feature_type": "building", "sub_type": "yes"}}, {"type": "Feature", "geometry": {"type": "Point", "coordinates": [77.71135905890466, 8.699894115999792]}, "properties": {"feature_type": "building", "sub_type": "yes"}}, {"type": "Feature", "geometry": {"type": "Point", "coordinates": [77.71408330000001, 8.694115749999998]}, "properties": {"feature_type": "building", "sub_type": "yes"}}, {"type": "Feature", "geometry": {"type": "Point", "coordinates": [77.71408811608133, 8.694254649370475]}, "properties": {"feature_type": "building", "sub_type": "yes"}}, {"type": "Feature", "geometry": {"type": "Point", "coordinates": [77.71517970357363, 8.699544822747942]}, "properties": {"feature_type": "building", "sub_type": "yes"}}, {"type": "Feature", "geometry": {"type": "Point", "coordinates": [77.71246517719786, 8.698973623178924]}, "properties": {"feature_type": "building", "sub_type": "yes"}}, {"type": "Feature", "geometry": {"type": "Point", "coordinates": [77.7123826975112, 8.699150778508699]}, "properties": {"feature_type": "building", "sub_type": "yes"}}, {"type": "Feature", "geometry": {"type": "Point", "coordinates": [77.7123028191077, 8.698038993811666]}, "properties": {"feature_type": "building", "sub_type": "yes"}}, {"type": "Feature", "geometry": {"type": "Point", "coordinates": [77.71216813602479, 8.6955593204056]}, "properties": {"feature_type": "building", "sub_type": "yes"}}, {"type": "Feature", "geometry": {"type": "Point", "coordinates": [77.71165060078198, 8.70026326774249]}, "properties": {"feature_type": "building", "sub_type": "yes"}}, {"type": "Feature", "geometry": {"type": "Point", "coordinates": [77.71263378018399, 8.700060564279575]}, "properties": {"feature_type": "building", "sub_type": "yes"}}, {"type": "Feature", "geometry": {"type": "Point", "coordinates": [77.71239475138835, 8.700237901534566]}, "properties": {"feature_type": "building", "sub_type": "yes"}}, {"type": "Feature", "geometry": {"type": "Point", "coordinates": [77.7124422, 8.699368650000004]}, "properties": {"feature_type": "building", "sub_type": "yes"}}, {"type": "Feature", "geometry": {"type": "Point", "coordinates": [77.71095572401028, 8.698049891476044]}, "properties": {"feature_type": "building", "sub_type": "yes"}}, {"type": "Feature", "geometry": {"type": "Point", "coordinates": [77.71116434575931, 8.697958438052503]}, "properties": {"feature_type": "building", "sub_type": "yes"}}, {"type": "Feature", "geometry": {"type": "Point", "coordinates": [77.71215715, 8.699888149999998]}, "properties": {"feature_type": "building", "sub_type": "yes"}}, {"type": "Feature", "geometry": {"type": "Point", "coordinates": [77.71297684422284, 8.697787977823415]}, "properties": {"feature_type": "building", "sub_type": "yes"}}, {"type": "Feature", "geometry": {"type": "Point", "coordinates": [77.71348055481587, 8.700090574036663]}, "properties": {"feature_type": "building", "sub_type": "yes"}}, {"type": "Feature", "geometry": {"type": "Point", "coordinates": [77.71210004999999, 8.698515650000001]}, "properties": {"feature_type": "building", "sub_type": "yes"}}, {"type": "Feature", "geometry": {"type": "Point", "coordinates": [77.71151547180774, 8.699475408984693]}, "properties": {"feature_type": "building", "sub_type": "yes"}}, {"type": "Feature", "geometry": {"type": "Point", "coordinates": [77.71172735526248, 8.69852818546251]}, "properties": {"feature_type": "building", "sub_type": "yes"}}, {"type": "Feature", "geometry": {"type": "Point", "coordinates": [77.7148411507059, 8.698209605062194]}, "properties": {"feature_type": "building", "sub_type": "yes"}}, {"type": "Feature", "geometry": {"type": "Point", "coordinates": [77.71245139999999, 8.69731545]}, "properties": {"feature_type": "building", "sub_type": "yes"}}, {"type": "Feature", "geometry": {"type": "Point", "coordinates": [77.7108385457245, 8.699539631487403]}, "properties": {"feature_type": "building", "sub_type": "yes"}}, {"type": "Feature", "geometry": {"type": "Point", "coordinates": [77.7125053376337, 8.697630980683789]}, "properties": {"feature_type": "building", "sub_type": "yes"}}, {"type": "Feature", "geometry": {"type": "Point", "coordinates": [77.71085846950875, 8.698859735246558]}, "properties": {"feature_type": "building", "sub_type": "yes"}}, {"type": "Feature", "geometry": {"type": "Point", "coordinates": [77.71174605432445, 8.698727323982565]}, "properties": {"feature_type": "building", "sub_type": "yes"}}, {"type": "Feature", "geometry": {"type": "Point", "coordinates": [77.71228646267926, 8.699165997277547]}, "properties": {"feature_type": "building", "sub_type": "yes"}}, {"type": "Feature", "geometry": {"type": "Point", "coordinates": [77.71208931671961, 8.70020397987212]}, "properties": {"feature_type": "building", "sub_type": "yes"}}, {"type": "Feature", "geometry": {"type": "Point", "coordinates": [77.71099539999999, 8.699920350000003]}, "properties": {"feature_type": "building", "sub_type": "yes"}}, {"type": "Feature", "geometry": {"type": "Point", "coordinates": [77.7120595, 8.69951955]}, "properties": {"feature_type": "building", "sub_type": "yes"}}, {"type": "Feature", "geometry": {"type": "Point", "coordinates": [77.71469195, 8.70121835]}, "properties": {"feature_type": "building", "sub_type": "yes"}}, {"type": "Feature", "geometry": {"type": "Point", "coordinates": [77.71048625, 8.698918849999997]}, "properties": {"feature_type": "building", "sub_type": "yes"}}, {"type": "Feature", "geometry": {"type": "Point", "coordinates": [77.7120162709429, 8.695762383897804]}, "properties": {"feature_type": "building", "sub_type": "yes"}}, {"type": "Feature", "geometry": {"type": "Point", "coordinates": [77.71113265000002, 8.7001418]}, "properties": {"feature_type": "building", "sub_type": "yes"}}, {"type": "Feature", "geometry": {"type": "Point", "coordinates": [77.71281799187861, 8.697803675267123]}, "properties": {"feature_type": "building", "sub_type": "yes"}}, {"type": "Feature", "geometry": {"type": "Point", "coordinates": [77.71365335, 8.69967975]}, "properties": {"feature_type": "building", "sub_type": "yes"}}, {"type": "Feature", "geometry": {"type": "Point", "coordinates": [77.71186314154471, 8.6985188642157]}, "properties": {"feature_type": "building", "sub_type": "yes"}}, {"type": "Feature", "geometry": {"type": "Point", "coordinates": [77.71151712548333, 8.697985609408473]}, "properties": {"feature_type": "building", "sub_type": "yes"}}, {"type": "Feature", "geometry": {"type": "Point", "coordinates": [77.71261180220525, 8.699934620780452]}, "properties": {"feature_type": "building", "sub_type": "yes"}}, {"type": "Feature", "geometry": {"type": "Point", "coordinates": [77.71340579389414, 8.70038547654563]}, "properties": {"feature_type": "building", "sub_type": "yes"}}, {"type": "Feature", "geometry": {"type": "Point", "coordinates": [77.71545110000002, 8.698877000000001]}, "properties": {"feature_type": "building", "sub_type": "yes"}}, {"type": "Feature", "geometry": {"type": "Point", "coordinates": [77.71208239895066, 8.697347119268015]}, "properties": {"feature_type": "building", "sub_type": "yes"}}, {"type": "Feature", "geometry": {"type": "Point", "coordinates": [77.7123651692544, 8.699824306965496]}, "properties": {"feature_type": "building", "sub_type": "yes"}}, {"type": "Feature", "geometry": {"type": "Point", "coordinates": [77.71063274237528, 8.698642876816223]}, "properties": {"feature_type": "building", "sub_type": "yes"}}, {"type": "Feature", "geometry": {"type": "Point", "coordinates": [77.71340266815811, 8.70013250306918]}, "properties": {"feature_type": "building", "sub_type": "yes"}}, {"type": "Feature", "geometry": {"type": "Point", "coordinates": [77.71181844483303, 8.699780578837741]}, "properties": {"feature_type": "building", "sub_type": "yes"}}, {"type": "Feature", "geometry": {"type": "Point", "coordinates": [77.71137842836292, 8.697853770955112]}, "properties": {"feature_type": "building", "sub_type": "yes"}}, {"type": "Feature", "geometry": {"type": "Point", "coordinates": [77.71230466935334, 8.697620636489765]}, "properties": {"feature_type": "building", "sub_type": "yes"}}, {"type": "Feature", "geometry": {"type": "Point", "coordinates": [77.71178975, 8.69946055]}, "properties": {"feature_type": "building", "sub_type": "yes"}}, {"type": "Feature", "geometry": {"type": "Point", "coordinates": [77.71233248916303, 8.69790602762966]}, "properties": {"feature_type": "building", "sub_type": "yes"}}, {"type": "Feature", "geometry": {"type": "Point", "coordinates": [77.71219222330384, 8.69740640688493]}, "properties": {"feature_type": "building", "sub_type": "yes"}}, {"type": "Feature", "geometry": {"type": "Point", "coordinates": [77.71208595, 8.6981032]}, "properties": {"feature_type": "building", "sub_type": "yes"}}, {"type": "Feature", "geometry": {"type": "Point", "coordinates": [77.71229811661033, 8.700074116971901]}, "properties": {"feature_type": "building", "sub_type": "yes"}}, {"type": "Feature", "geometry": {"type": "Point", "coordinates": [77.71159555000001, 8.699627999999995]}, "properties": {"feature_type": "building", "sub_type": "yes"}}, {"type": "Feature", "geometry": {"type": "Point", "coordinates": [77.71333238286388, 8.698460203542412]}, "properties": {"feature_type": "building", "sub_type": "yes"}}, {"type": "Feature", "geometry": {"type": "Point", "coordinates": [77.71147220237211, 8.697839523925314]}, "properties": {"feature_type": "building", "sub_type": "yes"}}, {"type": "Feature", "geometry": {"type": "Point", "coordinates": [77.7130044, 8.69619185]}, "properties": {"feature_type": "building", "sub_type": "yes"}}, {"type": "Feature", "geometry": {"type": "Point", "coordinates": [77.71258274999998, 8.69715925]}, "properties": {"feature_type": "building", "sub_type": "yes"}}, {"type": "Feature", "geometry": {"type": "Point", "coordinates": [77.7127095, 8.69937025]}, "properties": {"feature_type": "building", "sub_type": "yes"}}, {"type": "Feature", "geometry": {"type": "Point", "coordinates": [77.71287155592856, 8.69868892475208]}, "properties": {"feature_type": "building", "sub_type": "yes"}}, {"type": "Feature", "geometry": {"type": "Point", "coordinates": [77.7123264, 8.697849799999998]}, "properties": {"feature_type": "building", "sub_type": "yes"}}, {"type": "Feature", "geometry": {"type": "Point", "coordinates": [77.71226602932597, 8.697759147561]}, "properties": {"feature_type": "building", "sub_type": "yes"}}, {"type": "Feature", "geometry": {"type": "Point", "coordinates": [77.7106601338773, 8.69842407956467]}, "properties": {"feature_type": "building", "sub_type": "yes"}}, {"type": "Feature", "geometry": {"type": "Point", "coordinates": [77.71306430486311, 8.697940155237344]}, "properties": {"feature_type": "building", "sub_type": "yes"}}, {"type": "Feature", "geometry": {"type": "Point", "coordinates": [77.71327230394857, 8.698521735343814]}, "properties": {"feature_type": "building", "sub_type": "yes"}}, {"type": "Feature", "geometry": {"type": "Point", "coordinates": [77.71489361530679, 8.700366149698846]}, "properties": {"feature_type": "building", "sub_type": "yes"}}, {"type": "Feature", "geometry": {"type": "Point", "coordinates": [77.7119348277112, 8.695576714832372]}, "properties": {"feature_type": "building", "sub_type": "yes"}}, {"type": "Feature", "geometry": {"type": "Point", "coordinates": [77.7119467, 8.699454800000002]}, "properties": {"feature_type": "building", "sub_type": "yes"}}, {"type": "Feature", "geometry": {"type": "Point", "coordinates": [77.71155275, 8.698880850000002]}, "properties": {"feature_type": "building", "sub_type": "yes"}}, {"type": "Feature", "geometry": {"type": "Point", "coordinates": [77.71292700358332, 8.699307019854952]}, "properties": {"feature_type": "building", "sub_type": "yes"}}, {"type": "Feature", "geometry": {"type": "Point", "coordinates": [77.71046050000002, 8.698213899999999]}, "properties": {"feature_type": "building", "sub_type": "yes"}}, {"type": "Feature", "geometry": {"type": "Point", "coordinates": [77.71230542065577, 8.697326893567869]}, "properties": {"feature_type": "building", "sub_type": "yes"}}, {"type": "Feature", "geometry": {"type": "Point", "coordinates": [77.71106187437874, 8.697210111791835]}, "properties": {"feature_type": "building", "sub_type": "yes"}}, {"type": "Feature", "geometry": {"type": "Point", "coordinates": [77.71363565, 8.7003623]}, "properties": {"feature_type": "building", "sub_type": "yes"}}, {"type": "Feature", "geometry": {"type": "Point", "coordinates": [77.71197069999998, 8.699912499999995]}, "properties": {"feature_type": "building", "sub_type": "yes"}}, {"type": "Feature", "geometry": {"type": "Point", "coordinates": [77.71239859669461, 8.697172575928908]}, "properties": {"feature_type": "building", "sub_type": "yes"}}, {"type": "Feature", "geometry": {"type": "Point", "coordinates": [77.71166825, 8.699609749999999]}, "properties": {"feature_type": "building", "sub_type": "yes"}}, {"type": "Feature", "geometry": {"type": "Point", "coordinates": [77.71541397323195, 8.701090407738162]}, "properties": {"feature_type": "building", "sub_type": "yes"}}, {"type": "Feature", "geometry": {"type": "Point", "coordinates": [77.71268664999998, 8.69801875]}, "properties": {"feature_type": "building", "sub_type": "yes"}}, {"type": "Feature", "geometry": {"type": "Point", "coordinates": [77.7113895, 8.697628500000002]}, "properties": {"feature_type": "building", "sub_type": "yes"}}, {"type": "Feature", "geometry": {"type": "Point", "coordinates": [77.71229336993127, 8.699986085520768]}, "properties": {"feature_type": "building", "sub_type": "yes"}}, {"type": "Feature", "geometry": {"type": "Point", "coordinates": [77.7124535, 8.69827785]}, "properties": {"feature_type": "building", "sub_type": "yes"}}, {"type": "Feature", "geometry": {"type": "Point", "coordinates": [77.71338562432304, 8.696442810743044]}, "properties": {"feature_type": "building", "sub_type": "yes"}}, {"type": "Feature", "geometry": {"type": "Point", "coordinates": [77.7113498, 8.700121050000002]}, "properties": {"feature_type": "building", "sub_type": "yes"}}, {"type": "Feature", "geometry": {"type": "Point", "coordinates": [77.71168297031014, 8.70000663350792]}, "properties": {"feature_type": "building", "sub_type": "yes"}}, {"type": "Feature", "geometry": {"type": "Point", "coordinates": [77.70924683059972, 8.695698559615202]}, "properties": {"feature_type": "building", "sub_type": "yes"}}, {"type": "Feature", "geometry": {"type": "Point", "coordinates": [77.70933140095424, 8.69581608483538]}, "properties": {"feature_type": "building", "sub_type": "yes"}}, {"type": "Feature", "geometry": {"type": "Point", "coordinates": [77.70937574999999, 8.695740599999999]}, "properties": {"feature_type": "building", "sub_type": "yes"}}, {"type": "Feature", "geometry": {"type": "Point", "coordinates": [77.7092134744049, 8.697407182250048]}, "properties": {"feature_type": "building", "sub_type": "yes"}}, {"type": "Feature", "geometry": {"type": "Point", "coordinates": [77.71230154999999, 8.697448799999998]}, "properties": {"feature_type": "building", "sub_type": "yes"}}, {"type": "Feature", "geometry": {"type": "Point", "coordinates": [77.71093002035609, 8.700004131994087]}, "properties": {"feature_type": "building", "sub_type": "yes"}}, {"type": "Feature", "geometry": {"type": "Point", "coordinates": [77.71233336942117, 8.697174911996994]}, "properties": {"feature_type": "building", "sub_type": "yes"}}, {"type": "Feature", "geometry": {"type": "Point", "coordinates": [77.71214632338004, 8.695717739809723]}, "properties": {"feature_type": "building", "sub_type": "yes"}}, {"type": "Feature", "geometry": {"type": "Point", "coordinates": [77.71353151805502, 8.701194782266054]}, "properties": {"feature_type": "building", "sub_type": "yes"}}, {"type": "Feature", "geometry": {"type": "Point", "coordinates": [77.7121178398586, 8.695430630904083]}, "properties": {"feature_type": "building", "sub_type": "yes"}}, {"type": "Feature", "geometry": {"type": "Point", "coordinates": [77.7135827, 8.696446949999999]}, "properties": {"feature_type": "building", "sub_type": "yes"}}, {"type": "Feature", "geometry": {"type": "Point", "coordinates": [77.71245780343479, 8.697868223664296]}, "properties": {"feature_type": "building", "sub_type": "yes"}}, {"type": "Feature", "geometry": {"type": "Point", "coordinates": [77.71238304999999, 8.697729549999998]}, "properties": {"feature_type": "building", "sub_type": "yes"}}, {"type": "Feature", "geometry": {"type": "Point", "coordinates": [77.71239637244469, 8.69816178661932]}, "properties": {"feature_type": "building", "sub_type": "yes"}}, {"type": "Feature", "geometry": {"type": "Point", "coordinates": [77.71395616729228, 8.694122625146091]}, "properties": {"feature_type": "building", "sub_type": "yes"}}, {"type": "Feature", "geometry": {"type": "Point", "coordinates": [77.71464407571514, 8.70084799151699]}, "properties": {"feature_type": "building", "sub_type": "yes"}}, {"type": "Feature", "geometry": {"type": "Point", "coordinates": [77.71554216906712, 8.69745407084941]}, "properties": {"feature_type": "building", "sub_type": "yes"}}, {"type": "Feature", "geometry": {"type": "Point", "coordinates": [77.71240105, 8.69785245]}, "properties": {"feature_type": "building", "sub_type": "yes"}}, {"type": "Feature", "geometry": {"type": "Point", "coordinates": [77.71071270000002, 8.696993400000002]}, "properties": {"feature_type": "building", "sub_type": "yes"}}, {"type": "Feature", "geometry": {"type": "Point", "coordinates": [77.7153941073564, 8.69977737555142]}, "properties": {"feature_type": "building", "sub_type": "yes"}}, {"type": "Feature", "geometry": {"type": "Point", "coordinates": [77.7109041, 8.6974212]}, "properties": {"feature_type": "building", "sub_type": "yes"}}, {"type": "Feature", "geometry": {"type": "Point", "coordinates": [77.71372645, 8.696469050000003]}, "properties": {"feature_type": "building", "sub_type": "yes"}}, {"type": "Feature", "geometry": {"type": "Point", "coordinates": [77.64547690778095, 8.724316780193536]}, "properties": {"feature_type": "building", "sub_type": "yes"}}, {"type": "Feature", "geometry": {"type": "Point", "coordinates": [77.64564470512651, 8.724347280979103]}, "properties": {"feature_type": "building", "sub_type": "yes"}}, {"type": "Feature", "geometry": {"type": "Point", "coordinates": [77.7429561, 8.68891]}, "properties": {"feature_type": "building", "sub_type": "yes"}}, {"type": "Feature", "geometry": {"type": "Point", "coordinates": [77.74332360599708, 8.68866727835864]}, "properties": {"feature_type": "building", "sub_type": "yes"}}, {"type": "Feature", "geometry": {"type": "Point", "coordinates": [77.74306737116358, 8.688900557068408]}, "properties": {"feature_type": "building", "sub_type": "yes"}}, {"type": "Feature", "geometry": {"type": "Point", "coordinates": [77.74239931645735, 8.68919398256963]}, "properties": {"feature_type": "building", "sub_type": "yes"}}, {"type": "Feature", "geometry": {"type": "Point", "coordinates": [77.71575261795715, 8.697777862552748]}, "properties": {"feature_type": "building", "sub_type": "yes"}}, {"type": "Feature", "geometry": {"type": "Point", "coordinates": [77.64575402576155, 8.72428566408873]}, "properties": {"feature_type": "building", "sub_type": "yes"}}, {"type": "Feature", "geometry": {"type": "Point", "coordinates": [77.64469897187882, 8.724488942005856]}, "properties": {"feature_type": "building", "sub_type": "yes"}}, {"type": "Feature", "geometry": {"type": "Point", "coordinates": [77.65630057974447, 8.714716407098528]}, "properties": {"feature_type": "building", "sub_type": "yes"}}, {"type": "Feature", "geometry": {"type": "Point", "coordinates": [77.6309262, 8.70317825]}, "properties": {"feature_type": "building", "sub_type": "yes"}}, {"type": "Feature", "geometry": {"type": "Point", "coordinates": [77.65251477305614, 8.70054148691995]}, "properties": {"feature_type": "building", "sub_type": "yes"}}, {"type": "Feature", "geometry": {"type": "Point", "coordinates": [77.65245260000002, 8.700608999999998]}, "properties": {"feature_type": "building", "sub_type": "yes"}}, {"type": "Feature", "geometry": {"type": "Point", "coordinates": [77.65254712659288, 8.700623960355372]}, "properties": {"feature_type": "building", "sub_type": "yes"}}, {"type": "Feature", "geometry": {"type": "Point", "coordinates": [77.65285655932367, 8.700445225218088]}, "properties": {"feature_type": "building", "sub_type": "yes"}}, {"type": "Feature", "geometry": {"type": "Point", "coordinates": [77.65256959999998, 8.700406849999998]}, "properties": {"feature_type": "building", "sub_type": "yes"}}, {"type": "Feature", "geometry": {"type": "Point", "coordinates": [77.65302270000001, 8.700681050000002]}, "properties": {"feature_type": "building", "sub_type": "yes"}}, {"type": "Feature", "geometry": {"type": "Point", "coordinates": [77.6518719, 8.6763648]}, "properties": {"feature_type": "building", "sub_type": "yes"}}, {"type": "Feature", "geometry": {"type": "Point", "coordinates": [77.6518108302186, 8.676511810278656]}, "properties": {"feature_type": "building", "sub_type": "yes"}}, {"type": "Feature", "geometry": {"type": "Point", "coordinates": [77.65203150327127, 8.676341718906974]}, "properties": {"feature_type": "building", "sub_type": "yes"}}]}