{
"type": "FeatureCollection",
"name": "priority_zones",
"crs": { "type": "name", "properties": { "name": "urn:ogc:def:crs:OGC:1.3:CRS84" } },
"features": [
{ "type": "Feature", "properties": { "zone_id": "ZONE_R14_C11", "row": 14, "col": 11, "flooded_area_km2": 0.1259, "agricultural_exposed_km2": 0.0019, "buildings_exposed_count": 181, "roads_exposed_km": 3.047, "total_buildings_count": 1377, "total_roads_km": 20.768, "population_exposed_proxy": 688, "land_use_breakdown": { "Tree Cover": 0.0034, "Shrubland": 0.0003, "Grassland": 0.0011, "Cropland": 0.0019, "Built-up": 0.1191, "Bare Soil": 0.0001 }, "locality_name": "Melapalayam & Drainage Plain (Sector 14-11)", "priority_score": 69.53, "score_infra": 82.787681477880071, "score_agri": 46.118435169397983, "rank_infra": 1, "rank_agri": 4, "exposure_class": "CRITICAL", "class_color": "#ef4444", "contributing_factors_json": { "flood_overlap_pct": 17.0, "building_exposure_pct": 36.0, "road_disruption_pct": 25.2, "population_proxy_pct": 21.6, "cropland_loss_pct": 0.3 }, "primary_reason": "181 buildings exposed (36.0% score contribution); 3.05 km roads submerged (25.2% contribution)", "recommended_action": "Immediate priority: Deploy rescue and evacuation verification teams; confirm structural integrity of submerged road accesses and dispatch relief supplies.", "rank": 1 }, "geometry": { "type": "Polygon", "coordinates": [ [ [ 77.720355610222967, 8.694300149804587 ], [ 77.720420864662174, 8.703335126363529 ], [ 77.71134040264991, 8.703399981083287 ], [ 77.71127536537098, 8.694364936193949 ], [ 77.720355610222967, 8.694300149804587 ] ] ] } },
{ "type": "Feature", "properties": { "zone_id": "ZONE_R14_C10", "row": 14, "col": 10, "flooded_area_km2": 0.2663, "agricultural_exposed_km2": 0.0882, "buildings_exposed_count": 39, "roads_exposed_km": 3.482, "total_buildings_count": 103, "total_roads_km": 13.977, "population_exposed_proxy": 148, "land_use_breakdown": { "Tree Cover": 0.0246, "Grassland": 0.0019, "Cropland": 0.0882, "Built-up": 0.1515, "Permanent Water": 0.0001 }, "locality_name": "Melapalayam & Drainage Plain (Sector 14-10)", "priority_score": 63.16, "score_infra": 62.874417436604247, "score_agri": 65.835985773188654, "rank_infra": 2, "rank_agri": 1, "exposure_class": "CRITICAL", "class_color": "#ef4444", "contributing_factors_json": { "flood_overlap_pct": 39.6, "building_exposure_pct": 8.5, "road_disruption_pct": 31.7, "population_proxy_pct": 5.1, "cropland_loss_pct": 15.1 }, "primary_reason": "39 buildings exposed (8.5% score contribution); 3.48 km roads submerged (31.7% contribution)", "recommended_action": "Immediate priority: Deploy rescue and evacuation verification teams; confirm structural integrity of submerged road accesses and dispatch relief supplies.", "rank": 2 }, "geometry": { "type": "Polygon", "coordinates": [ [ [ 77.71127536537098, 8.694364936193949 ], [ 77.71134040264991, 8.703399981083287 ], [ 77.70225987048498, 8.703464619597876 ], [ 77.702195050374542, 8.694429506605911 ], [ 77.71127536537098, 8.694364936193949 ] ] ] } },
{ "type": "Feature", "properties": { "zone_id": "ZONE_R09_C15", "row": 9, "col": 15, "flooded_area_km2": 0.1455, "agricultural_exposed_km2": 0.1271, "buildings_exposed_count": 0, "roads_exposed_km": 0.271, "total_buildings_count": 0, "total_roads_km": 3.134, "population_exposed_proxy": 0, "land_use_breakdown": { "Tree Cover": 0.0133, "Shrubland": 0.0003, "Cropland": 0.1271, "Built-up": 0.0048 }, "locality_name": "Vannarpettai & River Corridor (Sector 9-15)", "priority_score": 28.97, "score_infra": 15.504790285772163, "score_agri": 51.118791705321911, "rank_infra": 5, "rank_agri": 3, "exposure_class": "HIGH", "class_color": "#f97316", "contributing_factors_json": { "flood_overlap_pct": 47.1, "building_exposure_pct": 0.0, "road_disruption_pct": 5.4, "population_proxy_pct": 0.0, "cropland_loss_pct": 47.5 }, "primary_reason": "0.27 km roads submerged (5.4% contribution); 0.13 km² cropland inundated (47.5% contribution)", "recommended_action": "Significant agricultural and basin inundation: Initiate emergency canal drainage and schedule crop loss survey.", "rank": 3 }, "geometry": { "type": "Polygon", "coordinates": [ [ [ 77.757007211810489, 8.739212301594197 ], [ 77.757073691509476, 8.748246978609858 ], [ 77.747992423301, 8.748313044323966 ], [ 77.747926161900224, 8.739278298050992 ], [ 77.757007211810489, 8.739212301594197 ] ] ] } },
{ "type": "Feature", "properties": { "zone_id": "ZONE_R10_C09", "row": 10, "col": 9, "flooded_area_km2": 0.1404, "agricultural_exposed_km2": 0.1386, "buildings_exposed_count": 0, "roads_exposed_km": 0.06, "total_buildings_count": 1, "total_roads_km": 1.218, "population_exposed_proxy": 0, "land_use_breakdown": { "Tree Cover": 0.0005, "Shrubland": 0.0008, "Grassland": 0.0001, "Cropland": 0.1386, "Built-up": 0.0004 }, "locality_name": "Tirunelveli Urban Core (Sector 10-9)", "priority_score": 28.53, "score_infra": 13.511475679978984, "score_agri": 53.352938118747282, "rank_infra": 6, "rank_agri": 2, "exposure_class": "HIGH", "class_color": "#f97316", "contributing_factors_json": { "flood_overlap_pct": 46.2, "building_exposure_pct": 0.0, "road_disruption_pct": 1.2, "population_proxy_pct": 0.0, "cropland_loss_pct": 52.6 }, "primary_reason": "0.06 km roads submerged (1.2% contribution); 0.14 km² cropland inundated (52.6% contribution)", "recommended_action": "Significant agricultural and basin inundation: Initiate emergency canal drainage and schedule crop loss survey.", "rank": 4 }, "geometry": { "type": "Polygon", "coordinates": [ [ [ 77.702454750359806, 8.73056992999315 ], [ 77.702519850193269, 8.739605023915262 ], [ 77.693438377060801, 8.739669717747217 ], [ 77.693373495341021, 8.730634555937771 ], [ 77.702454750359806, 8.73056992999315 ] ] ] } },
{ "type": "Feature", "properties": { "zone_id": "ZONE_R09_C14", "row": 9, "col": 14, "flooded_area_km2": 0.139, "agricultural_exposed_km2": 0.0749, "buildings_exposed_count": 0, "roads_exposed_km": 1.178, "total_buildings_count": 1, "total_roads_km": 7.366, "population_exposed_proxy": 0, "land_use_breakdown": { "Tree Cover": 0.0345, "Shrubland": 0.0029, "Cropland": 0.0749, "Built-up": 0.0267 }, "locality_name": "Vannarpettai & River Corridor (Sector 9-14)", "priority_score": 27.92, "score_infra": 22.372431822708585, "score_agri": 38.048467409401589, "rank_infra": 3, "rank_agri": 6, "exposure_class": "HIGH", "class_color": "#f97316", "contributing_factors_json": { "flood_overlap_pct": 46.7, "building_exposure_pct": 0.0, "road_disruption_pct": 24.2, "population_proxy_pct": 0.0, "cropland_loss_pct": 29.0 }, "primary_reason": "1.18 km roads submerged (24.2% contribution); 0.07 km² cropland inundated (29.0% contribution)", "recommended_action": "High connectivity disruption: Post road closure warnings on inundated segments and establish emergency detour corridors.", "rank": 5 }, "geometry": { "type": "Polygon", "coordinates": [ [ [ 77.747926161900224, 8.739278298050992 ], [ 77.747992423301, 8.748313044323966 ], [ 77.738911083961412, 8.748378892726537 ], [ 77.738845040867218, 8.739344077424034 ], [ 77.747926161900224, 8.739278298050992 ] ] ] } },
{ "type": "Feature", "properties": { "zone_id": "ZONE_R13_C07", "row": 13, "col": 7, "flooded_area_km2": 0.123, "agricultural_exposed_km2": 0.1181, "buildings_exposed_count": 0, "roads_exposed_km": 0.153, "total_buildings_count": 0, "total_roads_km": 2.173, "population_exposed_proxy": 0, "land_use_breakdown": { "Tree Cover": 0.0047, "Shrubland": 0.0002, "Cropland": 0.1181 }, "locality_name": "West Highland & Catchment (Sector 13-7)", "priority_score": 25.21, "score_infra": 12.726647388043165, "score_agri": 46.070224025891314, "rank_infra": 8, "rank_agri": 5, "exposure_class": "HIGH", "class_color": "#f97316", "contributing_factors_json": { "flood_overlap_pct": 45.8, "building_exposure_pct": 0.0, "road_disruption_pct": 3.5, "population_proxy_pct": 0.0, "cropland_loss_pct": 50.7 }, "primary_reason": "0.15 km roads submerged (3.5% contribution); 0.12 km² cropland inundated (50.7% contribution)", "recommended_action": "Significant agricultural and basin inundation: Initiate emergency canal drainage and schedule crop loss survey.", "rank": 6 }, "geometry": { "type": "Polygon", "coordinates": [ [ [ 77.684098596633973, 8.703593247979365 ], [ 77.684163051832925, 8.712628491739244 ], [ 77.675082093188095, 8.712692549012493 ], [ 77.675017855416328, 8.703657237830251 ], [ 77.684098596633973, 8.703593247979365 ] ] ] } },
{ "type": "Feature", "properties": { "zone_id": "ZONE_R15_C10", "row": 15, "col": 10, "flooded_area_km2": 0.1109, "agricultural_exposed_km2": 0.0191, "buildings_exposed_count": 0, "roads_exposed_km": 1.107, "total_buildings_count": 2, "total_roads_km": 8.947, "population_exposed_proxy": 0, "land_use_breakdown": { "Tree Cover": 0.0263, "Shrubland": 0.0018, "Grassland": 0.0131, "Cropland": 0.0191, "Built-up": 0.0504, "Bare Soil": 0.0002 }, "locality_name": "Melapalayam & Drainage Plain (Sector 15-10)", "priority_score": 18.84, "score_infra": 18.062973153440019, "score_agri": 19.102663251143834, "rank_infra": 4, "rank_agri": 15, "exposure_class": "MODERATE", "class_color": "#eab308", "contributing_factors_json": { "flood_overlap_pct": 55.3, "building_exposure_pct": 0.0, "road_disruption_pct": 33.8, "population_proxy_pct": 0.0, "cropland_loss_pct": 11.0 }, "primary_reason": "1.11 km roads submerged (33.8% contribution); 0.02 km² cropland inundated (11.0% contribution)", "recommended_action": "Moderate exposure: Monitor flood recession rates; inspect vulnerable culverts and drainage channels.", "rank": 7 }, "geometry": { "type": "Polygon", "coordinates": [ [ [ 77.711210398236503, 8.685329886546105 ], [ 77.71127536537098, 8.694364936193949 ], [ 77.702195050374542, 8.694429506605911 ], [ 77.702130300174389, 8.685394388858562 ], [ 77.711210398236503, 8.685329886546105 ] ] ] } },
{ "type": "Feature", "properties": { "zone_id": "ZONE_R13_C08", "row": 13, "col": 8, "flooded_area_km2": 0.0885, "agricultural_exposed_km2": 0.0853, "buildings_exposed_count": 0, "roads_exposed_km": 0.067, "total_buildings_count": 0, "total_roads_km": 1.002, "population_exposed_proxy": 0, "land_use_breakdown": { "Tree Cover": 0.0014, "Cropland": 0.0853, "Built-up": 0.001, "Permanent Water": 0.0008 }, "locality_name": "Tirunelveli Urban Core (Sector 13-8)", "priority_score": 17.92, "score_infra": 8.7356434505109419, "score_agri": 33.118321679095473, "rank_infra": 14, "rank_agri": 7, "exposure_class": "MODERATE", "class_color": "#eab308", "contributing_factors_json": { "flood_overlap_pct": 46.4, "building_exposure_pct": 0.0, "road_disruption_pct": 2.1, "population_proxy_pct": 0.0, "cropland_loss_pct": 51.5 }, "primary_reason": "0.07 km roads submerged (2.1% contribution); 0.09 km² cropland inundated (51.5% contribution)", "recommended_action": "Moderate exposure: Monitor flood recession rates; inspect vulnerable culverts and drainage channels.", "rank": 8 }, "geometry": { "type": "Polygon", "coordinates": [ [ [ 77.693179268401607, 8.703529041899241 ], [ 77.693243941019603, 8.712564218008954 ], [ 77.684163051832925, 8.712628491739244 ], [ 77.684098596633973, 8.703593247979365 ], [ 77.693179268401607, 8.703529041899241 ] ] ] } },
{ "type": "Feature", "properties": { "zone_id": "ZONE_R15_C09", "row": 15, "col": 9, "flooded_area_km2": 0.1111, "agricultural_exposed_km2": 0.0397, "buildings_exposed_count": 0, "roads_exposed_km": 0.387, "total_buildings_count": 0, "total_roads_km": 3.814, "population_exposed_proxy": 0, "land_use_breakdown": { "Tree Cover": 0.0383, "Shrubland": 0.0012, "Grassland": 0.0087, "Cropland": 0.0397, "Built-up": 0.0232 }, "locality_name": "Melapalayam & Drainage Plain (Sector 15-9)", "priority_score": 16.95, "score_infra": 11.58016439812223, "score_agri": 22.998827873482853, "rank_infra": 9, "rank_agri": 10, "exposure_class": "MODERATE", "class_color": "#eab308", "contributing_factors_json": { "flood_overlap_pct": 61.5, "building_exposure_pct": 0.0, "road_disruption_pct": 13.1, "population_proxy_pct": 0.0, "cropland_loss_pct": 25.3 }, "primary_reason": "0.39 km roads submerged (13.1% contribution); 0.04 km² cropland inundated (25.3% contribution)", "recommended_action": "Moderate exposure: Monitor flood recession rates; inspect vulnerable culverts and drainage channels.", "rank": 9 }, "geometry": { "type": "Polygon", "coordinates": [ [ [ 77.702130300174389, 8.685394388858562 ], [ 77.702195050374542, 8.694429506605911 ], [ 77.693114665467832, 8.694493861032427 ], [ 77.693050132210161, 8.685458675413347 ], [ 77.702130300174389, 8.685394388858562 ] ] ] } },
{ "type": "Feature", "properties": { "zone_id": "ZONE_R12_C09", "row": 12, "col": 9, "flooded_area_km2": 0.1093, "agricultural_exposed_km2": 0.0475, "buildings_exposed_count": 0, "roads_exposed_km": 0.095, "total_buildings_count": 0, "total_roads_km": 4.543, "population_exposed_proxy": 0, "land_use_breakdown": { "Tree Cover": 0.0393, "Shrubland": 0.0005, "Grassland": 0.0031, "Cropland": 0.0475, "Built-up": 0.0041, "Bare Soil": 0.0023, "Permanent Water": 0.0125 }, "locality_name": "Tirunelveli Urban Core (Sector 12-9)", "priority_score": 15.95, "score_infra": 8.8250654959492607, "score_agri": 24.242329267227447, "rank_infra": 13, "rank_agri": 8, "exposure_class": "MODERATE", "class_color": "#eab308", "contributing_factors_json": { "flood_overlap_pct": 64.3, "building_exposure_pct": 0.0, "road_disruption_pct": 3.4, "population_proxy_pct": 0.0, "cropland_loss_pct": 32.2 }, "primary_reason": "0.10 km roads submerged (3.4% contribution); 0.05 km² cropland inundated (32.2% contribution)", "recommended_action": "Moderate exposure: Monitor flood recession rates; inspect vulnerable culverts and drainage channels.", "rank": 10 }, "geometry": { "type": "Polygon", "coordinates": [ [ [ 77.702324760513875, 8.712499727829625 ], [ 77.702389720469412, 8.721534831296326 ], [ 77.693308683330017, 8.721599389356738 ], [ 77.693243941019603, 8.712564218008954 ], [ 77.702324760513875, 8.712499727829625 ] ] ] } },
{ "type": "Feature", "properties": { "zone_id": "ZONE_R09_C08", "row": 9, "col": 8, "flooded_area_km2": 0.0972, "agricultural_exposed_km2": 0.0469, "buildings_exposed_count": 0, "roads_exposed_km": 0.251, "total_buildings_count": 0, "total_roads_km": 3.308, "population_exposed_proxy": 0, "land_use_breakdown": { "Tree Cover": 0.0389, "Shrubland": 0.002, "Grassland": 0.0018, "Cropland": 0.0469, "Built-up": 0.0062, "Permanent Water": 0.0014 }, "locality_name": "Tirunelveli Urban Core (Sector 9-8)", "priority_score": 15.64, "score_infra": 9.6899226571951456, "score_agri": 23.381250561052784, "rank_infra": 11, "rank_agri": 9, "exposure_class": "MODERATE", "class_color": "#eab308", "contributing_factors_json": { "flood_overlap_pct": 58.3, "building_exposure_pct": 0.0, "road_disruption_pct": 9.2, "population_proxy_pct": 0.0, "cropland_loss_pct": 32.4 }, "primary_reason": "0.25 km roads submerged (9.2% contribution); 0.05 km² cropland inundated (32.4% contribution)", "recommended_action": "Moderate exposure: Monitor flood recession rates; inspect vulnerable culverts and drainage channels.", "rank": 11 }, "geometry": { "type": "Polygon", "coordinates": [ [ [ 77.693438377060801, 8.739669717747217 ], [ 77.693503328497528, 8.748704874780259 ], [ 77.684421567291892, 8.748769419142347 ], [ 77.684356834211371, 8.739734194446678 ], [ 77.693438377060801, 8.739669717747217 ] ] ] } },
{ "type": "Feature", "properties": { "zone_id": "ZONE_R13_C09", "row": 13, "col": 9, "flooded_area_km2": 0.0849, "agricultural_exposed_km2": 0.0433, "buildings_exposed_count": 0, "roads_exposed_km": 0.451, "total_buildings_count": 0, "total_roads_km": 7.966, "population_exposed_proxy": 0, "land_use_breakdown": { "Tree Cover": 0.0221, "Shrubland": 0.0015, "Grassland": 0.0023, "Cropland": 0.0433, "Built-up": 0.0138, "Bare Soil": 0.0013, "Permanent Water": 0.0006 }, "locality_name": "Tirunelveli Urban Core (Sector 13-9)", "priority_score": 15.25, "score_infra": 10.877563775020638, "score_agri": 21.761959330858815, "rank_infra": 10, "rank_agri": 12, "exposure_class": "MODERATE", "class_color": "#eab308", "contributing_factors_json": { "flood_overlap_pct": 52.3, "building_exposure_pct": 0.0, "road_disruption_pct": 17.0, "population_proxy_pct": 0.0, "cropland_loss_pct": 30.7 }, "primary_reason": "0.45 km roads submerged (17.0% contribution); 0.04 km² cropland inundated (30.7% contribution)", "recommended_action": "Moderate exposure: Monitor flood recession rates; inspect vulnerable culverts and drainage channels.", "rank": 12 }, "geometry": { "type": "Polygon", "coordinates": [ [ [ 77.70225987048498, 8.703464619597876 ], [ 77.702324760513875, 8.712499727829625 ], [ 77.693243941019603, 8.712564218008954 ], [ 77.693179268401607, 8.703529041899241 ], [ 77.70225987048498, 8.703464619597876 ] ] ] } },
{ "type": "Feature", "properties": { "zone_id": "ZONE_R10_C14", "row": 10, "col": 14, "flooded_area_km2": 0.0579, "agricultural_exposed_km2": 0.0299, "buildings_exposed_count": 0, "roads_exposed_km": 0.895, "total_buildings_count": 1, "total_roads_km": 4.645, "population_exposed_proxy": 0, "land_use_breakdown": { "Tree Cover": 0.0051, "Shrubland": 0.0001, "Grassland": 0.0001, "Cropland": 0.0299, "Built-up": 0.0227 }, "locality_name": "Palayamkottai & South Canal (Sector 10-14)", "priority_score": 13.81, "score_infra": 13.336269461274124, "score_agri": 16.635109438702315, "rank_infra": 7, "rank_agri": 19, "exposure_class": "MODERATE", "class_color": "#eab308", "contributing_factors_json": { "flood_overlap_pct": 39.4, "building_exposure_pct": 0.0, "road_disruption_pct": 37.2, "population_proxy_pct": 0.0, "cropland_loss_pct": 23.4 }, "primary_reason": "0.90 km roads submerged (37.2% contribution); 0.03 km² cropland inundated (23.4% contribution)", "recommended_action": "Moderate exposure: Monitor flood recession rates; inspect vulnerable culverts and drainage channels.", "rank": 13 }, "geometry": { "type": "Polygon", "coordinates": [ [ [ 77.747859971622191, 8.730243546982674 ], [ 77.747926161900224, 8.739278298050992 ], [ 77.738845040867218, 8.739344077424034 ], [ 77.738779068661486, 8.730309257329369 ], [ 77.747859971622191, 8.730243546982674 ] ] ] } },
{ "type": "Feature", "properties": { "zone_id": "ZONE_R08_C13", "row": 8, "col": 13, "flooded_area_km2": 0.0646, "agricultural_exposed_km2": 0.0532, "buildings_exposed_count": 0, "roads_exposed_km": 0.246, "total_buildings_count": 0, "total_roads_km": 4.131, "population_exposed_proxy": 0, "land_use_breakdown": { "Tree Cover": 0.0093, "Cropland": 0.0532, "Built-up": 0.0021 }, "locality_name": "Vannarpettai & River Corridor (Sector 8-13)", "priority_score": 13.24, "score_infra": 8.0306620343682358, "score_agri": 22.124614685836679, "rank_infra": 17, "rank_agri": 11, "exposure_class": "MODERATE", "class_color": "#eab308", "contributing_factors_json": { "flood_overlap_pct": 45.8, "building_exposure_pct": 0.0, "road_disruption_pct": 10.7, "population_proxy_pct": 0.0, "cropland_loss_pct": 43.5 }, "primary_reason": "0.25 km roads submerged (10.7% contribution); 0.05 km² cropland inundated (43.5% contribution)", "recommended_action": "Moderate exposure: Monitor flood recession rates; inspect vulnerable culverts and drainage channels.", "rank": 14 }, "geometry": { "type": "Polygon", "coordinates": [ [ [ 77.738911083961412, 8.748378892726537 ], [ 77.738977197952423, 8.757413703232032 ], [ 77.729895569166771, 8.75747940311977 ], [ 77.729829673724993, 8.748444523809368 ], [ 77.738911083961412, 8.748378892726537 ] ] ] } },
{ "type": "Feature", "properties": { "zone_id": "ZONE_R08_C16", "row": 8, "col": 16, "flooded_area_km2": 0.1217, "agricultural_exposed_km2": 0.0003, "buildings_exposed_count": 0, "roads_exposed_km": 0.195, "total_buildings_count": 0, "total_roads_km": 1.989, "population_exposed_proxy": 0, "land_use_breakdown": { "Tree Cover": 0.0017, "Shrubland": 0.1073, "Grassland": 0.0064, "Cropland": 0.0003, "Built-up": 0.006 }, "locality_name": "Vannarpettai & River Corridor (Sector 8-16)", "priority_score": 12.58, "score_infra": 8.8259536190831582, "score_agri": 12.071687553057005, "rank_infra": 12, "rank_agri": 24, "exposure_class": "MODERATE", "class_color": "#eab308", "contributing_factors_json": { "flood_overlap_pct": 90.8, "building_exposure_pct": 0.0, "road_disruption_pct": 8.9, "population_proxy_pct": 0.0, "cropland_loss_pct": 0.3 }, "primary_reason": "0.20 km roads submerged (8.9% contribution); 0.00 km² cropland inundated (0.3% contribution)", "recommended_action": "Moderate exposure: Monitor flood recession rates; inspect vulnerable culverts and drainage channels.", "rank": 15 }, "geometry": { "type": "Polygon", "coordinates": [ [ [ 77.766154888352531, 8.748180695592435 ], [ 77.766221657941017, 8.757215298316408 ], [ 77.757140242573868, 8.757281650822128 ], [ 77.757073691509476, 8.748246978609858 ], [ 77.766154888352531, 8.748180695592435 ] ] ] } },
{ "type": "Feature", "properties": { "zone_id": "ZONE_R10_C08", "row": 10, "col": 8, "flooded_area_km2": 0.0656, "agricultural_exposed_km2": 0.041, "buildings_exposed_count": 0, "roads_exposed_km": 0.32, "total_buildings_count": 0, "total_roads_km": 6.196, "population_exposed_proxy": 0, "land_use_breakdown": { "Tree Cover": 0.0134, "Grassland": 0.0017, "Cropland": 0.041, "Built-up": 0.0085, "Permanent Water": 0.001 }, "locality_name": "Tirunelveli Urban Core (Sector 10-8)", "priority_score": 12.43, "score_infra": 8.3906994322050963, "score_agri": 18.91009178799851, "rank_infra": 15, "rank_agri": 16, "exposure_class": "MODERATE", "class_color": "#eab308", "contributing_factors_json": { "flood_overlap_pct": 49.5, "building_exposure_pct": 0.0, "road_disruption_pct": 14.8, "population_proxy_pct": 0.0, "cropland_loss_pct": 35.7 }, "primary_reason": "0.32 km roads submerged (14.8% contribution); 0.04 km² cropland inundated (35.7% contribution)", "recommended_action": "Moderate exposure: Monitor flood recession rates; inspect vulnerable culverts and drainage channels.", "rank": 16 }, "geometry": { "type": "Polygon", "coordinates": [ [ [ 77.693373495341021, 8.730634555937771 ], [ 77.693438377060801, 8.739669717747217 ], [ 77.684356834211371, 8.739734194446678 ], [ 77.68429217061346, 8.730698964977728 ], [ 77.693373495341021, 8.730634555937771 ] ] ] } },
{ "type": "Feature", "properties": { "zone_id": "ZONE_R14_C09", "row": 14, "col": 9, "flooded_area_km2": 0.0571, "agricultural_exposed_km2": 0.0553, "buildings_exposed_count": 0, "roads_exposed_km": 0.0, "total_buildings_count": 0, "total_roads_km": 0.24, "population_exposed_proxy": 0, "land_use_breakdown": { "Tree Cover": 0.0016, "Cropland": 0.0553, "Permanent Water": 0.0002 }, "locality_name": "Melapalayam & Drainage Plain (Sector 14-9)", "priority_score": 11.35, "score_infra": 5.2112469038867841, "score_agri": 21.320091641158111, "rank_infra": 23, "rank_agri": 13, "exposure_class": "MODERATE", "class_color": "#eab308", "contributing_factors_json": { "flood_overlap_pct": 47.2, "building_exposure_pct": 0.0, "road_disruption_pct": 0.0, "population_proxy_pct": 0.0, "cropland_loss_pct": 52.8 }, "primary_reason": "0.06 km² cropland inundated (52.8% contribution); 0.06 km² standing flood (47.2% contribution)", "recommended_action": "Moderate exposure: Monitor flood recession rates; inspect vulnerable culverts and drainage channels.", "rank": 17 }, "geometry": { "type": "Polygon", "coordinates": [ [ [ 77.702195050374542, 8.694429506605911 ], [ 77.70225987048498, 8.703464619597876 ], [ 77.693179268401607, 8.703529041899241 ], [ 77.693114665467832, 8.694493861032427 ], [ 77.702195050374542, 8.694429506605911 ] ] ] } },
{ "type": "Feature", "properties": { "zone_id": "ZONE_R18_C05", "row": 18, "col": 5, "flooded_area_km2": 0.0683, "agricultural_exposed_km2": 0.0413, "buildings_exposed_count": 0, "roads_exposed_km": 0.0, "total_buildings_count": 0, "total_roads_km": 0.276, "population_exposed_proxy": 0, "land_use_breakdown": { "Tree Cover": 0.0021, "Shrubland": 0.0102, "Grassland": 0.0147, "Cropland": 0.0413 }, "locality_name": "South Agricultural Basin (Sector 18-5)", "priority_score": 10.88, "score_infra": 5.3370638415700391, "score_agri": 18.331133338643667, "rank_infra": 22, "rank_agri": 18, "exposure_class": "MODERATE", "class_color": "#eab308", "contributing_factors_json": { "flood_overlap_pct": 58.9, "building_exposure_pct": 0.0, "road_disruption_pct": 0.0, "population_proxy_pct": 0.0, "cropland_loss_pct": 41.1 }, "primary_reason": "0.04 km² cropland inundated (41.1% contribution); 0.07 km² standing flood (58.9% contribution)", "recommended_action": "Moderate exposure: Monitor flood recession rates; inspect vulnerable culverts and drainage channels.", "rank": 18 }, "geometry": { "type": "Polygon", "coordinates": [ [ [ 77.665617977862524, 8.658544048439198 ], [ 77.665681653371877, 8.667579450506857 ], [ 77.656601641388221, 8.667642740039215 ], [ 77.65653818215128, 8.658607271020173 ], [ 77.665617977862524, 8.658544048439198 ] ] ] } },
{ "type": "Feature", "properties": { "zone_id": "ZONE_R12_C08", "row": 12, "col": 8, "flooded_area_km2": 0.0532, "agricultural_exposed_km2": 0.0532, "buildings_exposed_count": 0, "roads_exposed_km": 0.0, "total_buildings_count": 1, "total_roads_km": 2.257, "population_exposed_proxy": 0, "land_use_breakdown": { "Cropland": 0.0532 }, "locality_name": "Tirunelveli Urban Core (Sector 12-8)", "priority_score": 10.75, "score_infra": 4.9158122721772735, "score_agri": 20.347902608510942, "rank_infra": 24, "rank_agri": 14, "exposure_class": "MODERATE", "class_color": "#eab308", "contributing_factors_json": { "flood_overlap_pct": 46.5, "building_exposure_pct": 0.0, "road_disruption_pct": 0.0, "population_proxy_pct": 0.0, "cropland_loss_pct": 53.5 }, "primary_reason": "0.05 km² cropland inundated (53.5% contribution); 0.05 km² standing flood (46.5% contribution)", "recommended_action": "Moderate exposure: Monitor flood recession rates; inspect vulnerable culverts and drainage channels.", "rank": 19 }, "geometry": { "type": "Polygon", "coordinates": [ [ [ 77.693243941019603, 8.712564218008954 ], [ 77.693308683330017, 8.721599389356738 ], [ 77.684227576490045, 8.721663730740309 ], [ 77.684163051832925, 8.712628491739244 ], [ 77.693243941019603, 8.712564218008954 ] ] ] } },
{ "type": "Feature", "properties": { "zone_id": "ZONE_R15_C01", "row": 15, "col": 1, "flooded_area_km2": 0.0499, "agricultural_exposed_km2": 0.0482, "buildings_exposed_count": 0, "roads_exposed_km": 0.0, "total_buildings_count": 0, "total_roads_km": 0.655, "population_exposed_proxy": 0, "land_use_breakdown": { "Cropland": 0.0482, "Permanent Water": 0.0017 }, "locality_name": "West Highland & Catchment (Sector 15-1)", "priority_score": 9.9, "score_infra": 4.5495565059966117, "score_agri": 18.595100189167031, "rank_infra": 28, "rank_agri": 17, "exposure_class": "LOW", "class_color": "#22c55e", "contributing_factors_json": { "flood_overlap_pct": 47.3, "building_exposure_pct": 0.0, "road_disruption_pct": 0.0, "population_proxy_pct": 0.0, "cropland_loss_pct": 52.7 }, "primary_reason": "0.05 km² cropland inundated (52.7% contribution); 0.05 km² standing flood (47.3% contribution)", "recommended_action": "Low exposure: Standard monitoring; maintain flood gate surveillance and culvert clearing.", "rank": 20 }, "geometry": { "type": "Polygon", "coordinates": [ [ [ 77.629487018872339, 8.685902639412982 ], [ 77.629550033305989, 8.694938293755982 ], [ 77.620469097548551, 8.695000920012758 ], [ 77.6204063001218, 8.685965199620473 ], [ 77.629487018872339, 8.685902639412982 ] ] ] } },
{ "type": "Feature", "properties": { "zone_id": "ZONE_R12_C07", "row": 12, "col": 7, "flooded_area_km2": 0.0435, "agricultural_exposed_km2": 0.0188, "buildings_exposed_count": 0, "roads_exposed_km": 0.408, "total_buildings_count": 0, "total_roads_km": 6.651, "population_exposed_proxy": 0, "land_use_breakdown": { "Tree Cover": 0.0132, "Shrubland": 0.0029, "Cropland": 0.0188, "Built-up": 0.0086 }, "locality_name": "West Highland & Catchment (Sector 12-7)", "priority_score": 8.46, "score_infra": 7.2295460906520654, "score_agri": 10.681165947474108, "rank_infra": 18, "rank_agri": 26, "exposure_class": "LOW", "class_color": "#22c55e", "contributing_factors_json": { "flood_overlap_pct": 48.3, "building_exposure_pct": 0.0, "road_disruption_pct": 27.7, "population_proxy_pct": 0.0, "cropland_loss_pct": 24.0 }, "primary_reason": "0.41 km roads submerged (27.7% contribution); 0.02 km² cropland inundated (24.0% contribution)", "recommended_action": "Low exposure: Standard monitoring; maintain flood gate surveillance and culvert clearing.", "rank": 21 }, "geometry": { "type": "Polygon", "coordinates": [ [ [ 77.684163051832925, 8.712628491739244 ], [ 77.684227576490045, 8.721663730740309 ], [ 77.675146400183763, 8.721727855439013 ], [ 77.675082093188095, 8.712692549012493 ], [ 77.684163051832925, 8.712628491739244 ] ] ] } },
{ "type": "Feature", "properties": { "zone_id": "ZONE_R10_C15", "row": 10, "col": 15, "flooded_area_km2": 0.0575, "agricultural_exposed_km2": 0.0092, "buildings_exposed_count": 0, "roads_exposed_km": 0.343, "total_buildings_count": 7, "total_roads_km": 18.32, "population_exposed_proxy": 0, "land_use_breakdown": { "Tree Cover": 0.017, "Shrubland": 0.0018, "Grassland": 0.001, "Cropland": 0.0092, "Built-up": 0.0261, "Bare Soil": 0.0002, "Permanent Water": 0.0022 }, "locality_name": "Palayamkottai & South Canal (Sector 10-15)", "priority_score": 8.36, "score_infra": 7.0184499098971109, "score_agri": 9.0382360241728179, "rank_infra": 19, "rank_agri": 29, "exposure_class": "LOW", "class_color": "#22c55e", "contributing_factors_json": { "flood_overlap_pct": 64.5, "building_exposure_pct": 0.0, "road_disruption_pct": 23.6, "population_proxy_pct": 0.0, "cropland_loss_pct": 11.9 }, "primary_reason": "0.34 km roads submerged (23.6% contribution); 0.01 km² cropland inundated (11.9% contribution)", "recommended_action": "Low exposure: Standard monitoring; maintain flood gate surveillance and culvert clearing.", "rank": 22 }, "geometry": { "type": "Polygon", "coordinates": [ [ [ 77.75694080346851, 8.730177619779999 ], [ 77.757007211810489, 8.739212301594197 ], [ 77.747926161900224, 8.739278298050992 ], [ 77.747859971622191, 8.730243546982674 ], [ 77.75694080346851, 8.730177619779999 ] ] ] } },
{ "type": "Feature", "properties": { "zone_id": "ZONE_R08_C15", "row": 8, "col": 15, "flooded_area_km2": 0.0453, "agricultural_exposed_km2": 0.034, "buildings_exposed_count": 0, "roads_exposed_km": 0.073, "total_buildings_count": 0, "total_roads_km": 1.255, "population_exposed_proxy": 0, "land_use_breakdown": { "Tree Cover": 0.0059, "Shrubland": 0.0008, "Grassland": 0.0001, "Cropland": 0.034, "Built-up": 0.0038, "Permanent Water": 0.0007 }, "locality_name": "Vannarpettai & River Corridor (Sector 8-15)", "priority_score": 8.35, "score_infra": 4.5119584158880306, "score_agri": 14.274781932489628, "rank_infra": 29, "rank_agri": 20, "exposure_class": "LOW", "class_color": "#22c55e", "contributing_factors_json": { "flood_overlap_pct": 50.9, "building_exposure_pct": 0.0, "road_disruption_pct": 5.0, "population_proxy_pct": 0.0, "cropland_loss_pct": 44.1 }, "primary_reason": "0.07 km roads submerged (5.0% contribution); 0.03 km² cropland inundated (44.1% contribution)", "recommended_action": "Low exposure: Standard monitoring; maintain flood gate surveillance and culvert clearing.", "rank": 23 }, "geometry": { "type": "Polygon", "coordinates": [ [ [ 77.757073691509476, 8.748246978609858 ], [ 77.757140242573868, 8.757281650822128 ], [ 77.748058755832901, 8.757347785796748 ], [ 77.747992423301, 8.748313044323966 ], [ 77.757073691509476, 8.748246978609858 ] ] ] } },
{ "type": "Feature", "properties": { "zone_id": "ZONE_R08_C12", "row": 8, "col": 12, "flooded_area_km2": 0.0369, "agricultural_exposed_km2": 0.019, "buildings_exposed_count": 0, "roads_exposed_km": 0.3, "total_buildings_count": 0, "total_roads_km": 5.858, "population_exposed_proxy": 0, "land_use_breakdown": { "Tree Cover": 0.0126, "Cropland": 0.019, "Built-up": 0.0049, "Wetland": 0.0004 }, "locality_name": "North Basin & Agricultural Belt (Sector 8-12)", "priority_score": 7.24, "score_infra": 5.7794169279792564, "score_agri": 9.8091174815729829, "rank_infra": 21, "rank_agri": 27, "exposure_class": "LOW", "class_color": "#22c55e", "contributing_factors_json": { "flood_overlap_pct": 47.8, "building_exposure_pct": 0.0, "road_disruption_pct": 23.8, "population_proxy_pct": 0.0, "cropland_loss_pct": 28.4 }, "primary_reason": "0.30 km roads submerged (23.8% contribution); 0.02 km² cropland inundated (28.4% contribution)", "recommended_action": "Low exposure: Standard monitoring; maintain flood gate surveillance and culvert clearing.", "rank": 24 }, "geometry": { "type": "Polygon", "coordinates": [ [ [ 77.729829673724993, 8.748444523809368 ], [ 77.729895569166771, 8.75747940311977 ], [ 77.720813869710298, 8.757544885451784 ], [ 77.720748192826065, 8.748509937564288 ], [ 77.729829673724993, 8.748444523809368 ] ] ] } },
{ "type": "Feature", "properties": { "zone_id": "ZONE_R14_C03", "row": 14, "col": 3, "flooded_area_km2": 0.0357, "agricultural_exposed_km2": 0.0309, "buildings_exposed_count": 0, "roads_exposed_km": 0.093, "total_buildings_count": 62, "total_roads_km": 4.327, "population_exposed_proxy": 0, "land_use_breakdown": { "Tree Cover": 0.0025, "Grassland": 0.0016, "Cropland": 0.0309, "Built-up": 0.0007 }, "locality_name": "West Highland & Catchment (Sector 14-3)", "priority_score": 7.23, "score_infra": 4.0604161702819832, "score_agri": 12.536320087800446, "rank_infra": 30, "rank_agri": 22, "exposure_class": "LOW", "class_color": "#22c55e", "contributing_factors_json": { "flood_overlap_pct": 46.4, "building_exposure_pct": 0.0, "road_disruption_pct": 7.4, "population_proxy_pct": 0.0, "cropland_loss_pct": 46.3 }, "primary_reason": "0.09 km roads submerged (7.4% contribution); 0.03 km² cropland inundated (46.3% contribution)", "recommended_action": "Low exposure: Standard monitoring; maintain flood gate surveillance and culvert clearing.", "rank": 25 }, "geometry": { "type": "Polygon", "coordinates": [ [ [ 77.647711700477032, 8.694812393103881 ], [ 77.647775217405623, 8.703847909927955 ], [ 77.638694200730285, 8.703911034782488 ], [ 77.6386309010269, 8.694875451450416 ], [ 77.647711700477032, 8.694812393103881 ] ] ] } },
{ "type": "Feature", "properties": { "zone_id": "ZONE_R15_C14", "row": 15, "col": 14, "flooded_area_km2": 0.0163, "agricultural_exposed_km2": 0.0006, "buildings_exposed_count": 17, "roads_exposed_km": 0.301, "total_buildings_count": 908, "total_roads_km": 16.78, "population_exposed_proxy": 65, "land_use_breakdown": { "Tree Cover": 0.0035, "Shrubland": 0.0006, "Grassland": 0.0052, "Cropland": 0.0006, "Built-up": 0.0064 }, "locality_name": "Palayamkottai & South Canal (Sector 15-14)", "priority_score": 7.09, "score_infra": 8.1974027431389409, "score_agri": 4.9242126411022991, "rank_infra": 16, "rank_agri": 42, "exposure_class": "LOW", "class_color": "#22c55e", "contributing_factors_json": { "flood_overlap_pct": 21.6, "building_exposure_pct": 33.1, "road_disruption_pct": 24.4, "population_proxy_pct": 20.0, "cropland_loss_pct": 0.9 }, "primary_reason": "17 buildings exposed (33.1% score contribution); 0.30 km roads submerged (24.4% contribution)", "recommended_action": "Low exposure: Standard monitoring; maintain flood gate surveillance and culvert clearing.", "rank": 26 }, "geometry": { "type": "Polygon", "coordinates": [ [ [ 77.747530086781211, 8.685069719880534 ], [ 77.747595921570635, 8.694104494852869 ], [ 77.738515888556947, 8.694169929125941 ], [ 77.738450270668864, 8.68513508514312 ], [ 77.747530086781211, 8.685069719880534 ] ] ] } },
{ "type": "Feature", "properties": { "zone_id": "ZONE_R07_C13", "row": 7, "col": 13, "flooded_area_km2": 0.0337, "agricultural_exposed_km2": 0.0255, "buildings_exposed_count": 0, "roads_exposed_km": 0.189, "total_buildings_count": 0, "total_roads_km": 4.722, "population_exposed_proxy": 0, "land_use_breakdown": { "Tree Cover": 0.005, "Cropland": 0.0255, "Built-up": 0.0032 }, "locality_name": "Vannarpettai & River Corridor (Sector 7-13)", "priority_score": 7.01, "score_infra": 4.7179187401235962, "score_agri": 11.065823980488593, "rank_infra": 26, "rank_agri": 25, "exposure_class": "LOW", "class_color": "#22c55e", "contributing_factors_json": { "flood_overlap_pct": 45.1, "building_exposure_pct": 0.0, "road_disruption_pct": 15.5, "population_proxy_pct": 0.0, "cropland_loss_pct": 39.4 }, "primary_reason": "0.19 km roads submerged (15.5% contribution); 0.03 km² cropland inundated (39.4% contribution)", "recommended_action": "Low exposure: Standard monitoring; maintain flood gate surveillance and culvert clearing.", "rank": 27 }, "geometry": { "type": "Polygon", "coordinates": [ [ [ 77.738977197952423, 8.757413703232032 ], [ 77.739043382848607, 8.766448508935669 ], [ 77.729961535279386, 8.766514277631495 ], [ 77.729895569166771, 8.75747940311977 ], [ 77.738977197952423, 8.757413703232032 ] ] ] } },
{ "type": "Feature", "properties": { "zone_id": "ZONE_R18_C04", "row": 18, "col": 4, "flooded_area_km2": 0.0346, "agricultural_exposed_km2": 0.0344, "buildings_exposed_count": 0, "roads_exposed_km": 0.0, "total_buildings_count": 0, "total_roads_km": 1.971, "population_exposed_proxy": 0, "land_use_breakdown": { "Grassland": 0.0002, "Cropland": 0.0344 }, "locality_name": "South Agricultural Basin (Sector 18-4)", "priority_score": 6.97, "score_infra": 3.1899110194266034, "score_agri": 13.176066225258865, "rank_infra": 36, "rank_agri": 21, "exposure_class": "LOW", "class_color": "#22c55e", "contributing_factors_json": { "flood_overlap_pct": 46.6, "building_exposure_pct": 0.0, "road_disruption_pct": 0.0, "population_proxy_pct": 0.0, "cropland_loss_pct": 53.4 }, "primary_reason": "0.03 km² cropland inundated (53.4% contribution); 0.03 km² standing flood (46.6% contribution)", "recommended_action": "Low exposure: Standard monitoring; maintain flood gate surveillance and culvert clearing.", "rank": 28 }, "geometry": { "type": "Polygon", "coordinates": [ [ [ 77.65653818215128, 8.658607271020173 ], [ 77.656601641388221, 8.667642740039215 ], [ 77.647521560689398, 8.667705814229741 ], [ 77.647458317732884, 8.658670278487094 ], [ 77.65653818215128, 8.658607271020173 ] ] ] } },
{ "type": "Feature", "properties": { "zone_id": "ZONE_R17_C05", "row": 17, "col": 5, "flooded_area_km2": 0.0369, "agricultural_exposed_km2": 0.0296, "buildings_exposed_count": 0, "roads_exposed_km": 0.05, "total_buildings_count": 1, "total_roads_km": 1.199, "population_exposed_proxy": 0, "land_use_breakdown": { "Tree Cover": 0.0054, "Shrubland": 0.0015, "Grassland": 0.0001, "Cropland": 0.0296, "Built-up": 0.0003 }, "locality_name": "South Agricultural Basin (Sector 17-5)", "priority_score": 6.95, "score_infra": 3.6488887032522963, "score_agri": 12.150302367272515, "rank_infra": 33, "rank_agri": 23, "exposure_class": "LOW", "class_color": "#22c55e", "contributing_factors_json": { "flood_overlap_pct": 49.8, "building_exposure_pct": 0.0, "road_disruption_pct": 4.1, "population_proxy_pct": 0.0, "cropland_loss_pct": 46.1 }, "primary_reason": "0.05 km roads submerged (4.1% contribution); 0.03 km² cropland inundated (46.1% contribution)", "recommended_action": "Low exposure: Standard monitoring; maintain flood gate surveillance and culvert clearing.", "rank": 29 }, "geometry": { "type": "Polygon", "coordinates": [ [ [ 77.665681653371877, 8.667579450506857 ], [ 77.665745397830548, 8.676614847845979 ], [ 77.656665169340329, 8.676678204332784 ], [ 77.656601641388221, 8.667642740039215 ], [ 77.665681653371877, 8.667579450506857 ] ] ] } },
{ "type": "Feature", "properties": { "zone_id": "ZONE_R16_C09", "row": 16, "col": 9, "flooded_area_km2": 0.0389, "agricultural_exposed_km2": 0.0061, "buildings_exposed_count": 0, "roads_exposed_km": 0.444, "total_buildings_count": 8, "total_roads_km": 9.55, "population_exposed_proxy": 0, "land_use_breakdown": { "Tree Cover": 0.0101, "Shrubland": 0.0049, "Grassland": 0.0026, "Cropland": 0.0061, "Built-up": 0.0152 }, "locality_name": "Melapalayam & Drainage Plain (Sector 16-9)", "priority_score": 6.86, "score_infra": 6.8741478608019309, "score_agri": 6.687487354024535, "rank_infra": 20, "rank_agri": 35, "exposure_class": "LOW", "class_color": "#22c55e", "contributing_factors_json": { "flood_overlap_pct": 53.2, "building_exposure_pct": 0.0, "road_disruption_pct": 37.2, "population_proxy_pct": 0.0, "cropland_loss_pct": 9.6 }, "primary_reason": "0.44 km roads submerged (37.2% contribution); 0.01 km² cropland inundated (9.6% contribution)", "recommended_action": "Low exposure: Standard monitoring; maintain flood gate surveillance and culvert clearing.", "rank": 30 }, "geometry": { "type": "Polygon", "coordinates": [ [ [ 77.702065619876322, 8.676359266360665 ], [ 77.702130300174389, 8.685394388858562 ], [ 77.693050132210161, 8.685458675413347 ], [ 77.692985668620437, 8.676423485046822 ], [ 77.702065619876322, 8.676359266360665 ] ] ] } },
{ "type": "Feature", "properties": { "zone_id": "ZONE_R09_C16", "row": 9, "col": 16, "flooded_area_km2": 0.0509, "agricultural_exposed_km2": 0.0029, "buildings_exposed_count": 0, "roads_exposed_km": 0.171, "total_buildings_count": 0, "total_roads_km": 3.573, "population_exposed_proxy": 0, "land_use_breakdown": { "Tree Cover": 0.0025, "Shrubland": 0.0318, "Grassland": 0.0112, "Cropland": 0.0029, "Built-up": 0.0025 }, "locality_name": "Vannarpettai & River Corridor (Sector 9-16)", "priority_score": 6.07, "score_infra": 4.6905245693132454, "score_agri": 6.1064832699631522, "rank_infra": 27, "rank_agri": 38, "exposure_class": "LOW", "class_color": "#22c55e", "contributing_factors_json": { "flood_overlap_pct": 78.7, "building_exposure_pct": 0.0, "road_disruption_pct": 16.2, "population_proxy_pct": 0.0, "cropland_loss_pct": 5.2 }, "primary_reason": "0.17 km roads submerged (16.2% contribution); 0.00 km² cropland inundated (5.2% contribution)", "recommended_action": "Low exposure: Standard monitoring; maintain flood gate surveillance and culvert clearing.", "rank": 31 }, "geometry": { "type": "Polygon", "coordinates": [ [ [ 77.766088190363732, 8.739146088061867 ], [ 77.766154888352531, 8.748180695592435 ], [ 77.757073691509476, 8.748246978609858 ], [ 77.757007211810489, 8.739212301594197 ], [ 77.766088190363732, 8.739146088061867 ] ] ] } },
{ "type": "Feature", "properties": { "zone_id": "ZONE_R07_C11", "row": 7, "col": 11, "flooded_area_km2": 0.0347, "agricultural_exposed_km2": 0.017, "buildings_exposed_count": 0, "roads_exposed_km": 0.091, "total_buildings_count": 0, "total_roads_km": 6.428, "population_exposed_proxy": 0, "land_use_breakdown": { "Tree Cover": 0.0042, "Shrubland": 0.0025, "Grassland": 0.0081, "Cropland": 0.017, "Built-up": 0.0015, "Bare Soil": 0.0014 }, "locality_name": "North Basin & Agricultural Belt (Sector 7-11)", "priority_score": 5.62, "score_infra": 3.482542329737917, "score_agri": 8.4251531671285829, "rank_infra": 34, "rank_agri": 30, "exposure_class": "LOW", "class_color": "#22c55e", "contributing_factors_json": { "flood_overlap_pct": 58.0, "building_exposure_pct": 0.0, "road_disruption_pct": 9.3, "population_proxy_pct": 0.0, "cropland_loss_pct": 32.7 }, "primary_reason": "0.09 km roads submerged (9.3% contribution); 0.02 km² cropland inundated (32.7% contribution)", "recommended_action": "Low exposure: Standard monitoring; maintain flood gate surveillance and culvert clearing.", "rank": 32 }, "geometry": { "type": "Polygon", "coordinates": [ [ [ 77.720813869710298, 8.757544885451784 ], [ 77.720879617031002, 8.766579828543771 ], [ 77.711797628337862, 8.766645161664336 ], [ 77.711732099817354, 8.757610150219918 ], [ 77.720813869710298, 8.757544885451784 ] ] ] } },
{ "type": "Feature", "properties": { "zone_id": "ZONE_R12_C06", "row": 12, "col": 6, "flooded_area_km2": 0.0306, "agricultural_exposed_km2": 0.0233, "buildings_exposed_count": 0, "roads_exposed_km": 0.0, "total_buildings_count": 46, "total_roads_km": 2.347, "population_exposed_proxy": 0, "land_use_breakdown": { "Tree Cover": 0.0049, "Shrubland": 0.0009, "Cropland": 0.0233, "Built-up": 0.0015 }, "locality_name": "West Highland & Catchment (Sector 12-6)", "priority_score": 5.39, "score_infra": 2.5641683180173604, "score_agri": 9.5970866868350928, "rank_infra": 45, "rank_agri": 28, "exposure_class": "LOW", "class_color": "#22c55e", "contributing_factors_json": { "flood_overlap_pct": 53.3, "building_exposure_pct": 0.0, "road_disruption_pct": 0.0, "population_proxy_pct": 0.0, "cropland_loss_pct": 46.7 }, "primary_reason": "0.02 km² cropland inundated (46.7% contribution); 0.03 km² standing flood (53.3% contribution)", "recommended_action": "Low exposure: Standard monitoring; maintain flood gate surveillance and culvert clearing.", "rank": 33 }, "geometry": { "type": "Polygon", "coordinates": [ [ [ 77.675082093188095, 8.712692549012493 ], [ 77.675146400183763, 8.721727855439013 ], [ 77.666065154645452, 8.721791763444882 ], [ 77.666001065319364, 8.712756389820724 ], [ 77.675082093188095, 8.712692549012493 ] ] ] } },
{ "type": "Feature", "properties": { "zone_id": "ZONE_R19_C05", "row": 19, "col": 5, "flooded_area_km2": 0.0414, "agricultural_exposed_km2": 0.0121, "buildings_exposed_count": 0, "roads_exposed_km": 0.031, "total_buildings_count": 0, "total_roads_km": 3.607, "population_exposed_proxy": 0, "land_use_breakdown": { "Tree Cover": 0.0056, "Shrubland": 0.0178, "Grassland": 0.0056, "Cropland": 0.0121, "Permanent Water": 0.0003 }, "locality_name": "South Agricultural Basin (Sector 19-5)", "priority_score": 5.37, "score_infra": 3.0800669038962516, "score_agri": 7.467686852414877, "rank_infra": 37, "rank_agri": 34, "exposure_class": "LOW", "class_color": "#22c55e", "contributing_factors_json": { "flood_overlap_pct": 72.3, "building_exposure_pct": 0.0, "road_disruption_pct": 3.3, "population_proxy_pct": 0.0, "cropland_loss_pct": 24.4 }, "primary_reason": "0.03 km roads submerged (3.3% contribution); 0.01 km² cropland inundated (24.4% contribution)", "recommended_action": "Low exposure: Standard monitoring; maintain flood gate surveillance and culvert clearing.", "rank": 34 }, "geometry": { "type": "Polygon", "coordinates": [ [ [ 77.665554371294448, 8.649508641647817 ], [ 77.665617977862524, 8.658544048439198 ], [ 77.65653818215128, 8.658607271020173 ], [ 77.656474791621505, 8.649571797280473 ], [ 77.665554371294448, 8.649508641647817 ] ] ] } },
{ "type": "Feature", "properties": { "zone_id": "ZONE_R08_C17", "row": 8, "col": 17, "flooded_area_km2": 0.057, "agricultural_exposed_km2": 0.0, "buildings_exposed_count": 0, "roads_exposed_km": 0.0, "total_buildings_count": 0, "total_roads_km": 0.027, "population_exposed_proxy": 0, "land_use_breakdown": { "Tree Cover": 0.0001, "Shrubland": 0.0569 }, "locality_name": "Vannarpettai & River Corridor (Sector 8-17)", "priority_score": 5.35, "score_infra": 3.2106646639128806, "score_agri": 5.3511077731881347, "rank_infra": 35, "rank_agri": 40, "exposure_class": "LOW", "class_color": "#22c55e", "contributing_factors_json": { "flood_overlap_pct": 100.0, "building_exposure_pct": 0.0, "road_disruption_pct": 0.0, "population_proxy_pct": 0.0, "cropland_loss_pct": 0.0 }, "primary_reason": "0.06 km² standing flood (100.0% contribution)", "recommended_action": "Low exposure: Standard monitoring; maintain flood gate surveillance and culvert clearing.", "rank": 35 }, "geometry": { "type": "Polygon", "coordinates": [ [ [ 77.775236013595887, 8.748114195279953 ], [ 77.775303001700053, 8.757148728287847 ], [ 77.766221657941017, 8.757215298316408 ], [ 77.766154888352531, 8.748180695592435 ], [ 77.775236013595887, 8.748114195279953 ] ] ] } },
{ "type": "Feature", "properties": { "zone_id": "ZONE_R09_C09", "row": 9, "col": 9, "flooded_area_km2": 0.0275, "agricultural_exposed_km2": 0.0195, "buildings_exposed_count": 0, "roads_exposed_km": 0.062, "total_buildings_count": 4, "total_roads_km": 11.792, "population_exposed_proxy": 0, "land_use_breakdown": { "Tree Cover": 0.0016, "Shrubland": 0.0039, "Grassland": 0.0007, "Cropland": 0.0195, "Built-up": 0.0018 }, "locality_name": "Tirunelveli Urban Core (Sector 9-9)", "priority_score": 5.05, "score_infra": 2.8756731397418989, "score_agri": 8.3874390175785081, "rank_infra": 40, "rank_agri": 31, "exposure_class": "LOW", "class_color": "#22c55e", "contributing_factors_json": { "flood_overlap_pct": 51.1, "building_exposure_pct": 0.0, "road_disruption_pct": 7.1, "population_proxy_pct": 0.0, "cropland_loss_pct": 41.8 }, "primary_reason": "0.06 km roads submerged (7.1% contribution); 0.02 km² cropland inundated (41.8% contribution)", "recommended_action": "Low exposure: Standard monitoring; maintain flood gate surveillance and culvert clearing.", "rank": 36 }, "geometry": { "type": "Polygon", "coordinates": [ [ [ 77.702519850193269, 8.739605023915262 ], [ 77.702585019978017, 8.748640113057837 ], [ 77.693503328497528, 8.748704874780259 ], [ 77.693438377060801, 8.739669717747217 ], [ 77.702519850193269, 8.739605023915262 ] ] ] } },
{ "type": "Feature", "properties": { "zone_id": "ZONE_R13_C06", "row": 13, "col": 6, "flooded_area_km2": 0.0262, "agricultural_exposed_km2": 0.018, "buildings_exposed_count": 0, "roads_exposed_km": 0.061, "total_buildings_count": 0, "total_roads_km": 2.1, "population_exposed_proxy": 0, "land_use_breakdown": { "Tree Cover": 0.0082, "Cropland": 0.018 }, "locality_name": "West Highland & Catchment (Sector 13-6)", "priority_score": 4.76, "score_infra": 2.7382832058835445, "score_agri": 7.8296238631220341, "rank_infra": 42, "rank_agri": 33, "exposure_class": "LOW", "class_color": "#22c55e", "contributing_factors_json": { "flood_overlap_pct": 51.7, "building_exposure_pct": 0.0, "road_disruption_pct": 7.4, "population_proxy_pct": 0.0, "cropland_loss_pct": 40.9 }, "primary_reason": "0.06 km roads submerged (7.4% contribution); 0.02 km² cropland inundated (40.9% contribution)", "recommended_action": "Low exposure: Standard monitoring; maintain flood gate surveillance and culvert clearing.", "rank": 37 }, "geometry": { "type": "Polygon", "coordinates": [ [ [ 77.675017855416328, 8.703657237830251 ], [ 77.675082093188095, 8.712692549012493 ], [ 77.666001065319364, 8.712756389820724 ], [ 77.665937044982897, 8.703721011443937 ], [ 77.675017855416328, 8.703657237830251 ] ] ] } },
{ "type": "Feature", "properties": { "zone_id": "ZONE_R08_C14", "row": 8, "col": 14, "flooded_area_km2": 0.021, "agricultural_exposed_km2": 0.0204, "buildings_exposed_count": 0, "roads_exposed_km": 0.013, "total_buildings_count": 1, "total_roads_km": 4.848, "population_exposed_proxy": 0, "land_use_breakdown": { "Tree Cover": 0.0004, "Cropland": 0.0204, "Built-up": 0.0002 }, "locality_name": "Vannarpettai & River Corridor (Sector 8-14)", "priority_score": 4.25, "score_infra": 2.0494792186268964, "score_agri": 7.8962415110089887, "rank_infra": 49, "rank_agri": 32, "exposure_class": "LOW", "class_color": "#22c55e", "contributing_factors_json": { "flood_overlap_pct": 46.3, "building_exposure_pct": 0.0, "road_disruption_pct": 1.8, "population_proxy_pct": 0.0, "cropland_loss_pct": 51.9 }, "primary_reason": "0.01 km roads submerged (1.8% contribution); 0.02 km² cropland inundated (51.9% contribution)", "recommended_action": "Low exposure: Standard monitoring; maintain flood gate surveillance and culvert clearing.", "rank": 38 }, "geometry": { "type": "Polygon", "coordinates": [ [ [ 77.747992423301, 8.748313044323966 ], [ 77.748058755832901, 8.757347785796748 ], [ 77.738977197952423, 8.757413703232032 ], [ 77.738911083961412, 8.748378892726537 ], [ 77.747992423301, 8.748313044323966 ] ] ] } },
{ "type": "Feature", "properties": { "zone_id": "ZONE_R09_C07", "row": 9, "col": 7, "flooded_area_km2": 0.0153, "agricultural_exposed_km2": 0.0078, "buildings_exposed_count": 0, "roads_exposed_km": 0.288, "total_buildings_count": 0, "total_roads_km": 3.803, "population_exposed_proxy": 0, "land_use_breakdown": { "Tree Cover": 0.0032, "Cropland": 0.0078, "Built-up": 0.0043 }, "locality_name": "West Highland & Catchment (Sector 9-7)", "priority_score": 3.93, "score_infra": 4.0380832655247305, "score_agri": 4.514543088136417, "rank_infra": 31, "rank_agri": 44, "exposure_class": "LOW", "class_color": "#22c55e", "contributing_factors_json": { "flood_overlap_pct": 36.5, "building_exposure_pct": 0.0, "road_disruption_pct": 42.0, "population_proxy_pct": 0.0, "cropland_loss_pct": 21.5 }, "primary_reason": "0.29 km roads submerged (42.0% contribution); 0.01 km² cropland inundated (21.5% contribution)", "recommended_action": "Low exposure: Standard monitoring; maintain flood gate surveillance and culvert clearing.", "rank": 39 }, "geometry": { "type": "Polygon", "coordinates": [ [ [ 77.684356834211371, 8.739734194446678 ], [ 77.684421567291892, 8.748769419142347 ], [ 77.675339736595447, 8.748833746136066 ], [ 77.675275221879289, 8.739798454005623 ], [ 77.684356834211371, 8.739734194446678 ] ] ] } },
{ "type": "Feature", "properties": { "zone_id": "ZONE_R07_C10", "row": 7, "col": 10, "flooded_area_km2": 0.0246, "agricultural_exposed_km2": 0.0105, "buildings_exposed_count": 0, "roads_exposed_km": 0.068, "total_buildings_count": 6, "total_roads_km": 4.098, "population_exposed_proxy": 0, "land_use_breakdown": { "Tree Cover": 0.0088, "Shrubland": 0.0003, "Cropland": 0.0105, "Built-up": 0.005 }, "locality_name": "North Basin & Agricultural Belt (Sector 7-10)", "priority_score": 3.84, "score_infra": 2.4479583759296624, "score_agri": 5.5350185534926206, "rank_infra": 46, "rank_agri": 39, "exposure_class": "LOW", "class_color": "#22c55e", "contributing_factors_json": { "flood_overlap_pct": 60.2, "building_exposure_pct": 0.0, "road_disruption_pct": 10.2, "population_proxy_pct": 0.0, "cropland_loss_pct": 29.6 }, "primary_reason": "0.07 km roads submerged (10.2% contribution); 0.01 km² cropland inundated (29.6% contribution)", "recommended_action": "Low exposure: Standard monitoring; maintain flood gate surveillance and culvert clearing.", "rank": 40 }, "geometry": { "type": "Polygon", "coordinates": [ [ [ 77.711732099817354, 8.757610150219918 ], [ 77.711797628337862, 8.766645161664336 ], [ 77.702715569434289, 8.766710276985048 ], [ 77.702650259722276, 8.757675197416043 ], [ 77.711732099817354, 8.757610150219918 ] ] ] } },
{ "type": "Feature", "properties": { "zone_id": "ZONE_R13_C10", "row": 13, "col": 10, "flooded_area_km2": 0.0158, "agricultural_exposed_km2": 0.0001, "buildings_exposed_count": 0, "roads_exposed_km": 0.398, "total_buildings_count": 2, "total_roads_km": 17.599, "population_exposed_proxy": 0, "land_use_breakdown": { "Tree Cover": 0.0009, "Shrubland": 0.0055, "Cropland": 0.0001, "Built-up": 0.0093 }, "locality_name": "Tirunelveli Urban Core (Sector 13-10)", "priority_score": 3.78, "score_infra": 4.8941556000028275, "score_agri": 2.6551708041082187, "rank_infra": 25, "rank_agri": 58, "exposure_class": "LOW", "class_color": "#22c55e", "contributing_factors_json": { "flood_overlap_pct": 39.2, "building_exposure_pct": 0.0, "road_disruption_pct": 60.5, "population_proxy_pct": 0.0, "cropland_loss_pct": 0.3 }, "primary_reason": "0.40 km roads submerged (60.5% contribution); 0.00 km² cropland inundated (0.3% contribution)", "recommended_action": "Low exposure: Standard monitoring; maintain flood gate surveillance and culvert clearing.", "rank": 41 }, "geometry": { "type": "Polygon", "coordinates": [ [ [ 77.71134040264991, 8.703399981083287 ], [ 77.711405510081491, 8.712435021209286 ], [ 77.702324760513875, 8.712499727829625 ], [ 77.70225987048498, 8.703464619597876 ], [ 77.71134040264991, 8.703399981083287 ] ] ] } },
{ "type": "Feature", "properties": { "zone_id": "ZONE_R16_C07", "row": 16, "col": 7, "flooded_area_km2": 0.0218, "agricultural_exposed_km2": 0.0097, "buildings_exposed_count": 0, "roads_exposed_km": 0.115, "total_buildings_count": 0, "total_roads_km": 1.464, "population_exposed_proxy": 0, "land_use_breakdown": { "Tree Cover": 0.0116, "Shrubland": 0.0002, "Cropland": 0.0097, "Built-up": 0.0003 }, "locality_name": "West Highland & Catchment (Sector 16-7)", "priority_score": 3.76, "score_infra": 2.7338111245251944, "score_agri": 5.1762567847511329, "rank_infra": 43, "rank_agri": 41, "exposure_class": "LOW", "class_color": "#22c55e", "contributing_factors_json": { "flood_overlap_pct": 54.5, "building_exposure_pct": 0.0, "road_disruption_pct": 17.6, "population_proxy_pct": 0.0, "cropland_loss_pct": 27.9 }, "primary_reason": "0.12 km roads submerged (17.6% contribution); 0.01 km² cropland inundated (27.9% contribution)", "recommended_action": "Low exposure: Standard monitoring; maintain flood gate surveillance and culvert clearing.", "rank": 42 }, "geometry": { "type": "Polygon", "coordinates": [ [ [ 77.683905647704748, 8.676487488195072 ], [ 77.683969894578013, 8.685522746202453 ], [ 77.674889587512084, 8.685586601217903 ], [ 77.674825557363405, 8.676551275797436 ], [ 77.683905647704748, 8.676487488195072 ] ] ] } },
{ "type": "Feature", "properties": { "zone_id": "ZONE_R09_C13", "row": 9, "col": 13, "flooded_area_km2": 0.0196, "agricultural_exposed_km2": 0.0157, "buildings_exposed_count": 0, "roads_exposed_km": 0.027, "total_buildings_count": 0, "total_roads_km": 0.602, "population_exposed_proxy": 0, "land_use_breakdown": { "Tree Cover": 0.0033, "Cropland": 0.0157, "Built-up": 0.0006 }, "locality_name": "Tirunelveli Urban Core (Sector 9-13)", "priority_score": 3.69, "score_infra": 1.9417918407313575, "score_agri": 6.4485962150653888, "rank_infra": 54, "rank_agri": 36, "exposure_class": "LOW", "class_color": "#22c55e", "contributing_factors_json": { "flood_overlap_pct": 49.8, "building_exposure_pct": 0.0, "road_disruption_pct": 4.2, "population_proxy_pct": 0.0, "cropland_loss_pct": 46.0 }, "primary_reason": "0.03 km roads submerged (4.2% contribution); 0.02 km² cropland inundated (46.0% contribution)", "recommended_action": "Low exposure: Standard monitoring; maintain flood gate surveillance and culvert clearing.", "rank": 43 }, "geometry": { "type": "Polygon", "coordinates": [ [ [ 77.738845040867218, 8.739344077424034 ], [ 77.738911083961412, 8.748378892726537 ], [ 77.729829673724993, 8.748444523809368 ], [ 77.729763848945723, 8.739409639705134 ], [ 77.738845040867218, 8.739344077424034 ] ] ] } },
{ "type": "Feature", "properties": { "zone_id": "ZONE_R15_C03", "row": 15, "col": 3, "flooded_area_km2": 0.0185, "agricultural_exposed_km2": 0.0157, "buildings_exposed_count": 0, "roads_exposed_km": 0.0, "total_buildings_count": 0, "total_roads_km": 1.826, "population_exposed_proxy": 0, "land_use_breakdown": { "Tree Cover": 0.0028, "Cropland": 0.0157 }, "locality_name": "West Highland & Catchment (Sector 15-3)", "priority_score": 3.44, "score_infra": 1.6084358958936502, "score_agri": 6.2677875802171714, "rank_infra": 56, "rank_agri": 37, "exposure_class": "LOW", "class_color": "#22c55e", "contributing_factors_json": { "flood_overlap_pct": 50.5, "building_exposure_pct": 0.0, "road_disruption_pct": 0.0, "population_proxy_pct": 0.0, "cropland_loss_pct": 49.5 }, "primary_reason": "0.02 km² cropland inundated (49.5% contribution); 0.02 km² standing flood (50.5% contribution)", "recommended_action": "Low exposure: Standard monitoring; maintain flood gate surveillance and culvert clearing.", "rank": 44 }, "geometry": { "type": "Polygon", "coordinates": [ [ [ 77.647648252053486, 8.685776871542947 ], [ 77.647711700477032, 8.694812393103881 ], [ 77.6386309010269, 8.694875451450416 ], [ 77.638567669594309, 8.685839863384533 ], [ 77.647648252053486, 8.685776871542947 ] ] ] } },
{ "type": "Feature", "properties": { "zone_id": "ZONE_R09_C17", "row": 9, "col": 17, "flooded_area_km2": 0.0361, "agricultural_exposed_km2": 0.0002, "buildings_exposed_count": 0, "roads_exposed_km": 0.0, "total_buildings_count": 0, "total_roads_km": 2.001, "population_exposed_proxy": 0, "land_use_breakdown": { "Tree Cover": 0.0002, "Shrubland": 0.0333, "Grassland": 0.0024, "Cropland": 0.0002 }, "locality_name": "Vannarpettai & River Corridor (Sector 9-17)", "priority_score": 3.41, "score_infra": 2.0406359610264979, "score_agri": 3.4467549807392097, "rank_infra": 51, "rank_agri": 48, "exposure_class": "LOW", "class_color": "#22c55e", "contributing_factors_json": { "flood_overlap_pct": 99.4, "building_exposure_pct": 0.0, "road_disruption_pct": 0.0, "population_proxy_pct": 0.0, "cropland_loss_pct": 0.6 }, "primary_reason": "0.00 km² cropland inundated (0.6% contribution); 0.04 km² standing flood (99.4% contribution)", "recommended_action": "Low exposure: Standard monitoring; maintain flood gate surveillance and culvert clearing.", "rank": 45 }, "geometry": { "type": "Polygon", "coordinates": [ [ [ 77.775169097325687, 8.739079657462243 ], [ 77.775236013595887, 8.748114195279953 ], [ 77.766154888352531, 8.748180695592435 ], [ 77.766088190363732, 8.739146088061867 ], [ 77.775169097325687, 8.739079657462243 ] ] ] } },
{ "type": "Feature", "properties": { "zone_id": "ZONE_R12_C04", "row": 12, "col": 4, "flooded_area_km2": 0.0086, "agricultural_exposed_km2": 0.005, "buildings_exposed_count": 1, "roads_exposed_km": 0.288, "total_buildings_count": 577, "total_roads_km": 12.314, "population_exposed_proxy": 4, "land_use_breakdown": { "Shrubland": 0.0005, "Grassland": 0.0031, "Cropland": 0.005 }, "locality_name": "West Highland & Catchment (Sector 12-4)", "priority_score": 3.23, "score_infra": 3.8111889485088328, "score_agri": 3.2199303401067652, "rank_infra": 32, "rank_agri": 49, "exposure_class": "LOW", "class_color": "#22c55e", "contributing_factors_json": { "flood_overlap_pct": 25.0, "building_exposure_pct": 4.3, "road_disruption_pct": 51.2, "population_proxy_pct": 2.7, "cropland_loss_pct": 16.8 }, "primary_reason": "1 buildings exposed (4.3% score contribution); 0.29 km roads submerged (51.2% contribution)", "recommended_action": "Low exposure: Standard monitoring; maintain flood gate surveillance and culvert clearing.", "rank": 46 }, "geometry": { "type": "Polygon", "coordinates": [ [ [ 77.656919968460983, 8.712820014155987 ], [ 77.656983840109419, 8.721855454749948 ], [ 77.647902456809959, 8.721918929346277 ], [ 77.647838802847247, 8.712883422010359 ], [ 77.656919968460983, 8.712820014155987 ] ] ] } },
{ "type": "Feature", "properties": { "zone_id": "ZONE_R14_C04", "row": 14, "col": 4, "flooded_area_km2": 0.0083, "agricultural_exposed_km2": 0.004, "buildings_exposed_count": 6, "roads_exposed_km": 0.086, "total_buildings_count": 400, "total_roads_km": 9.452, "population_exposed_proxy": 23, "land_use_breakdown": { "Tree Cover": 0.0019, "Cropland": 0.004, "Built-up": 0.0024 }, "locality_name": "West Highland & Catchment (Sector 14-4)", "priority_score": 3.04, "score_infra": 2.9707870222326744, "score_agri": 3.0135272421950674, "rank_infra": 39, "rank_agri": 52, "exposure_class": "LOW", "class_color": "#22c55e", "contributing_factors_json": { "flood_overlap_pct": 25.7, "building_exposure_pct": 27.3, "road_disruption_pct": 16.3, "population_proxy_pct": 16.5, "cropland_loss_pct": 14.3 }, "primary_reason": "6 buildings exposed (27.3% score contribution); 0.09 km roads submerged (16.3% contribution)", "recommended_action": "Low exposure: Standard monitoring; maintain flood gate surveillance and culvert clearing.", "rank": 47 }, "geometry": { "type": "Polygon", "coordinates": [ [ [ 77.656792431422133, 8.69474911872423 ], [ 77.656856165567916, 8.703784568812475 ], [ 77.647775217405623, 8.703847909927955 ], [ 77.647711700477032, 8.694812393103881 ], [ 77.656792431422133, 8.69474911872423 ] ] ] } },
{ "type": "Feature", "properties": { "zone_id": "ZONE_R17_C04", "row": 17, "col": 4, "flooded_area_km2": 0.0147, "agricultural_exposed_km2": 0.0076, "buildings_exposed_count": 3, "roads_exposed_km": 0.02, "total_buildings_count": 31, "total_roads_km": 3.708, "population_exposed_proxy": 11, "land_use_breakdown": { "Tree Cover": 0.0038, "Shrubland": 0.0001, "Grassland": 0.0023, "Cropland": 0.0076, "Built-up": 0.0009 }, "locality_name": "South Agricultural Basin (Sector 17-4)", "priority_score": 2.97, "score_infra": 2.0432118994959216, "score_agri": 4.0363944159683136, "rank_infra": 50, "rank_agri": 45, "exposure_class": "LOW", "class_color": "#22c55e", "contributing_factors_json": { "flood_overlap_pct": 46.4, "building_exposure_pct": 13.9, "road_disruption_pct": 3.9, "population_proxy_pct": 8.1, "cropland_loss_pct": 27.7 }, "primary_reason": "3 buildings exposed (13.9% score contribution); 0.02 km roads submerged (3.9% contribution)", "recommended_action": "Low exposure: Standard monitoring; maintain flood gate surveillance and culvert clearing.", "rank": 48 }, "geometry": { "type": "Polygon", "coordinates": [ [ [ 77.656601641388221, 8.667642740039215 ], [ 77.656665169340329, 8.676678204332784 ], [ 77.647584872126927, 8.676741345249962 ], [ 77.647521560689398, 8.667705814229741 ], [ 77.656601641388221, 8.667642740039215 ] ] ] } },
{ "type": "Feature", "properties": { "zone_id": "ZONE_R12_C11", "row": 12, "col": 11, "flooded_area_km2": 0.0259, "agricultural_exposed_km2": 0.0019, "buildings_exposed_count": 0, "roads_exposed_km": 0.045, "total_buildings_count": 2, "total_roads_km": 1.715, "population_exposed_proxy": 0, "land_use_breakdown": { "Tree Cover": 0.0049, "Shrubland": 0.0191, "Cropland": 0.0019 }, "locality_name": "Tirunelveli Urban Core (Sector 12-11)", "priority_score": 2.9, "score_infra": 1.9797497791464076, "score_agri": 3.1090448884336785, "rank_infra": 52, "rank_agri": 50, "exposure_class": "LOW", "class_color": "#22c55e", "contributing_factors_json": { "flood_overlap_pct": 84.0, "building_exposure_pct": 0.0, "road_disruption_pct": 8.9, "population_proxy_pct": 0.0, "cropland_loss_pct": 7.1 }, "primary_reason": "0.04 km roads submerged (8.9% contribution); 0.00 km² cropland inundated (7.1% contribution)", "recommended_action": "Low exposure: Standard monitoring; maintain flood gate surveillance and culvert clearing.", "rank": 49 }, "geometry": { "type": "Polygon", "coordinates": [ [ [ 77.720486189488227, 8.712370098155994 ], [ 77.720551584709384, 8.721405065177141 ], [ 77.711470687673952, 8.721470056567105 ], [ 77.711405510081491, 8.712435021209286 ], [ 77.720486189488227, 8.712370098155994 ] ] ] } },
{ "type": "Feature", "properties": { "zone_id": "ZONE_R14_C13", "row": 14, "col": 13, "flooded_area_km2": 0.0069, "agricultural_exposed_km2": 0.0, "buildings_exposed_count": 8, "roads_exposed_km": 0.066, "total_buildings_count": 1163, "total_roads_km": 18.793, "population_exposed_proxy": 30, "land_use_breakdown": { "Tree Cover": 0.0015, "Built-up": 0.0054 }, "locality_name": "Melapalayam & Drainage Plain (Sector 14-13)", "priority_score": 2.79, "score_infra": 3.0350790765592475, "score_agri": 1.9333706333194596, "rank_infra": 38, "rank_agri": 65, "exposure_class": "LOW", "class_color": "#22c55e", "contributing_factors_json": { "flood_overlap_pct": 23.3, "building_exposure_pct": 39.7, "road_disruption_pct": 13.6, "population_proxy_pct": 23.5, "cropland_loss_pct": 0.0 }, "primary_reason": "8 buildings exposed (39.7% score contribution); 0.07 km roads submerged (13.6% contribution)", "recommended_action": "Low exposure: Standard monitoring; maintain flood gate surveillance and culvert clearing.", "rank": 50 }, "geometry": { "type": "Polygon", "coordinates": [ [ [ 77.738515888556947, 8.694169929125941 ], [ 77.738581577291953, 8.703204768340822 ], [ 77.729501256287577, 8.703270055446671 ], [ 77.729435784696335, 8.694235147445886 ], [ 77.738515888556947, 8.694169929125941 ] ] ] } },
{ "type": "Feature", "properties": { "zone_id": "ZONE_R19_C06", "row": 19, "col": 6, "flooded_area_km2": 0.0143, "agricultural_exposed_km2": 0.0122, "buildings_exposed_count": 0, "roads_exposed_km": 0.0, "total_buildings_count": 0, "total_roads_km": 1.524, "population_exposed_proxy": 0, "land_use_breakdown": { "Tree Cover": 0.0004, "Shrubland": 0.0001, "Grassland": 0.0016, "Cropland": 0.0122 }, "locality_name": "South Agricultural Basin (Sector 19-6)", "priority_score": 2.66, "score_infra": 1.2455979786058644, "score_agri": 4.8633944184075615, "rank_infra": 60, "rank_agri": 43, "exposure_class": "LOW", "class_color": "#22c55e", "contributing_factors_json": { "flood_overlap_pct": 50.4, "building_exposure_pct": 0.0, "road_disruption_pct": 0.0, "population_proxy_pct": 0.0, "cropland_loss_pct": 49.6 }, "primary_reason": "0.01 km² cropland inundated (49.6% contribution); 0.01 km² standing flood (50.4% contribution)", "recommended_action": "Low exposure: Standard monitoring; maintain flood gate surveillance and culvert clearing.", "rank": 51 }, "geometry": { "type": "Polygon", "coordinates": [ [ [ 77.674633882034144, 8.64944527113674 ], [ 77.674697704632507, 8.658480610752033 ], [ 77.665617977862524, 8.658544048439198 ], [ 77.665554371294448, 8.649508641647817 ], [ 77.674633882034144, 8.64944527113674 ] ] ] } },
{ "type": "Feature", "properties": { "zone_id": "ZONE_R11_C03", "row": 11, "col": 3, "flooded_area_km2": 0.0133, "agricultural_exposed_km2": 0.0001, "buildings_exposed_count": 4, "roads_exposed_km": 0.069, "total_buildings_count": 398, "total_roads_km": 10.972, "population_exposed_proxy": 15, "land_use_breakdown": { "Tree Cover": 0.0018, "Grassland": 0.0086, "Cropland": 0.0001, "Built-up": 0.0023, "Bare Soil": 0.0002, "Permanent Water": 0.0003 }, "locality_name": "West Highland & Catchment (Sector 11-3)", "priority_score": 2.54, "score_infra": 2.4378334262169883, "score_agri": 2.0236431773389119, "rank_infra": 47, "rank_agri": 62, "exposure_class": "LOW", "class_color": "#22c55e", "contributing_factors_json": { "flood_overlap_pct": 49.2, "building_exposure_pct": 21.8, "road_disruption_pct": 15.6, "population_proxy_pct": 12.9, "cropland_loss_pct": 0.4 }, "primary_reason": "4 buildings exposed (21.8% score contribution); 0.07 km roads submerged (15.6% contribution)", "recommended_action": "Low exposure: Standard monitoring; maintain flood gate surveillance and culvert clearing.", "rank": 52 }, "geometry": { "type": "Polygon", "coordinates": [ [ [ 77.647902456809959, 8.721918929346277 ], [ 77.647966179301775, 8.730954431930904 ], [ 77.638884509545107, 8.731017756327772 ], [ 77.638821004981367, 8.721982187225974 ], [ 77.647902456809959, 8.721918929346277 ] ] ] } },
{ "type": "Feature", "properties": { "zone_id": "ZONE_R12_C15", "row": 12, "col": 15, "flooded_area_km2": 0.0105, "agricultural_exposed_km2": 0.0001, "buildings_exposed_count": 0, "roads_exposed_km": 0.223, "total_buildings_count": 17, "total_roads_km": 9.171, "population_exposed_proxy": 0, "land_use_breakdown": { "Tree Cover": 0.0012, "Cropland": 0.0001, "Built-up": 0.0092 }, "locality_name": "Palayamkottai & South Canal (Sector 12-15)", "priority_score": 2.28, "score_infra": 2.836573588723533, "score_agri": 1.6550269388609935, "rank_infra": 41, "rank_agri": 71, "exposure_class": "LOW", "class_color": "#22c55e", "contributing_factors_json": { "flood_overlap_pct": 43.3, "building_exposure_pct": 0.0, "road_disruption_pct": 56.2, "population_proxy_pct": 0.0, "cropland_loss_pct": 0.5 }, "primary_reason": "0.22 km roads submerged (56.2% contribution); 0.00 km² cropland inundated (0.5% contribution)", "recommended_action": "Low exposure: Standard monitoring; maintain flood gate surveillance and culvert clearing.", "rank": 53 }, "geometry": { "type": "Polygon", "coordinates": [ [ [ 77.756808200822107, 8.712108241775383 ], [ 77.756874466475182, 8.721142933172107 ], [ 77.747793852458571, 8.72120879112385 ], [ 77.747727804400995, 8.712174030479376 ], [ 77.756808200822107, 8.712108241775383 ] ] ] } },
{ "type": "Feature", "properties": { "zone_id": "ZONE_R15_C11", "row": 15, "col": 11, "flooded_area_km2": 0.0063, "agricultural_exposed_km2": 0.0018, "buildings_exposed_count": 5, "roads_exposed_km": 0.053, "total_buildings_count": 722, "total_roads_km": 13.827, "population_exposed_proxy": 19, "land_use_breakdown": { "Tree Cover": 0.0022, "Shrubland": 0.0007, "Grassland": 0.0004, "Cropland": 0.0018, "Built-up": 0.0012 }, "locality_name": "Melapalayam & Drainage Plain (Sector 15-11)", "priority_score": 2.2, "score_infra": 2.1955514256096973, "score_agri": 1.95361739978685, "rank_infra": 48, "rank_agri": 64, "exposure_class": "LOW", "class_color": "#22c55e", "contributing_factors_json": { "flood_overlap_pct": 26.9, "building_exposure_pct": 31.5, "road_disruption_pct": 13.9, "population_proxy_pct": 18.9, "cropland_loss_pct": 8.9 }, "primary_reason": "5 buildings exposed (31.5% score contribution); 0.05 km roads submerged (13.9% contribution)", "recommended_action": "Low exposure: Standard monitoring; maintain flood gate surveillance and culvert clearing.", "rank": 54 }, "geometry": { "type": "Polygon", "coordinates": [ [ [ 77.720290426162379, 8.685265168484003 ], [ 77.720355610222967, 8.694300149804587 ], [ 77.71127536537098, 8.694364936193949 ], [ 77.711210398236503, 8.685329886546105 ], [ 77.720290426162379, 8.685265168484003 ] ] ] } },
{ "type": "Feature", "properties": { "zone_id": "ZONE_R13_C13", "row": 13, "col": 13, "flooded_area_km2": 0.004, "agricultural_exposed_km2": 0.0, "buildings_exposed_count": 5, "roads_exposed_km": 0.12, "total_buildings_count": 232, "total_roads_km": 13.793, "population_exposed_proxy": 19, "land_use_breakdown": { "Tree Cover": 0.0005, "Built-up": 0.0035 }, "locality_name": "Tirunelveli Urban Core (Sector 13-13)", "priority_score": 2.17, "score_infra": 2.6745267518220235, "score_agri": 1.4106331381922272, "rank_infra": 44, "rank_agri": 80, "exposure_class": "LOW", "class_color": "#22c55e", "contributing_factors_json": { "flood_overlap_pct": 17.3, "building_exposure_pct": 31.8, "road_disruption_pct": 31.8, "population_proxy_pct": 19.1, "cropland_loss_pct": 0.0 }, "primary_reason": "5 buildings exposed (31.8% score contribution); 0.12 km roads submerged (31.8% contribution)", "recommended_action": "Low exposure: Standard monitoring; maintain flood gate surveillance and culvert clearing.", "rank": 55 }, "geometry": { "type": "Polygon", "coordinates": [ [ [ 77.738581577291953, 8.703204768340822 ], [ 77.738647336882181, 8.712239602782915 ], [ 77.72956679849986, 8.712304958677834 ], [ 77.729501256287577, 8.703270055446671 ], [ 77.738581577291953, 8.703204768340822 ] ] ] } },
{ "type": "Feature", "properties": { "zone_id": "ZONE_R19_C04", "row": 19, "col": 4, "flooded_area_km2": 0.0103, "agricultural_exposed_km2": 0.0103, "buildings_exposed_count": 0, "roads_exposed_km": 0.0, "total_buildings_count": 1, "total_roads_km": 0.801, "population_exposed_proxy": 0, "land_use_breakdown": { "Cropland": 0.0103 }, "locality_name": "South Agricultural Basin (Sector 19-4)", "priority_score": 2.08, "score_infra": 0.95174560908695349, "score_agri": 3.9395375351064423, "rank_infra": 64, "rank_agri": 46, "exposure_class": "LOW", "class_color": "#22c55e", "contributing_factors_json": { "flood_overlap_pct": 46.5, "building_exposure_pct": 0.0, "road_disruption_pct": 0.0, "population_proxy_pct": 0.0, "cropland_loss_pct": 53.5 }, "primary_reason": "0.01 km² cropland inundated (53.5% contribution); 0.01 km² standing flood (46.5% contribution)", "recommended_action": "Low exposure: Standard monitoring; maintain flood gate surveillance and culvert clearing.", "rank": 56 }, "geometry": { "type": "Polygon", "coordinates": [ [ [ 77.656474791621505, 8.649571797280473 ], [ 77.65653818215128, 8.658607271020173 ], [ 77.647458317732884, 8.658670278487094 ], [ 77.647395143249412, 8.649634738026837 ], [ 77.656474791621505, 8.649571797280473 ] ] ] } },
{ "type": "Feature", "properties": { "zone_id": "ZONE_R13_C11", "row": 13, "col": 11, "flooded_area_km2": 0.0167, "agricultural_exposed_km2": 0.0, "buildings_exposed_count": 0, "roads_exposed_km": 0.076, "total_buildings_count": 364, "total_roads_km": 16.38, "population_exposed_proxy": 0, "land_use_breakdown": { "Tree Cover": 0.0047, "Shrubland": 0.0119, "Built-up": 0.0001 }, "locality_name": "Tirunelveli Urban Core (Sector 13-11)", "priority_score": 2.0, "score_infra": 1.7045971956414223, "score_agri": 1.7860460631932953, "rank_infra": 55, "rank_agri": 67, "exposure_class": "LOW", "class_color": "#22c55e", "contributing_factors_json": { "flood_overlap_pct": 78.2, "building_exposure_pct": 0.0, "road_disruption_pct": 21.8, "population_proxy_pct": 0.0, "cropland_loss_pct": 0.0 }, "primary_reason": "0.08 km roads submerged (21.8% contribution); 0.02 km² standing flood (78.2% contribution)", "recommended_action": "Low exposure: Standard monitoring; maintain flood gate surveillance and culvert clearing.", "rank": 57 }, "geometry": { "type": "Polygon", "coordinates": [ [ [ 77.720420864662174, 8.703335126363529 ], [ 77.720486189488227, 8.712370098155994 ], [ 77.711405510081491, 8.712435021209286 ], [ 77.71134040264991, 8.703399981083287 ], [ 77.720420864662174, 8.703335126363529 ] ] ] } },
{ "type": "Feature", "properties": { "zone_id": "ZONE_R07_C14", "row": 7, "col": 14, "flooded_area_km2": 0.0108, "agricultural_exposed_km2": 0.0068, "buildings_exposed_count": 0, "roads_exposed_km": 0.026, "total_buildings_count": 1, "total_roads_km": 7.932, "population_exposed_proxy": 0, "land_use_breakdown": { "Tree Cover": 0.004, "Cropland": 0.0068 }, "locality_name": "Vannarpettai & River Corridor (Sector 7-14)", "priority_score": 1.9, "score_infra": 1.1149907630870937, "score_agri": 3.0510457969157105, "rank_infra": 63, "rank_agri": 51, "exposure_class": "LOW", "class_color": "#22c55e", "contributing_factors_json": { "flood_overlap_pct": 53.4, "building_exposure_pct": 0.0, "road_disruption_pct": 7.9, "population_proxy_pct": 0.0, "cropland_loss_pct": 38.8 }, "primary_reason": "0.03 km roads submerged (7.9% contribution); 0.01 km² cropland inundated (38.8% contribution)", "recommended_action": "Low exposure: Standard monitoring; maintain flood gate surveillance and culvert clearing.", "rank": 58 }, "geometry": { "type": "Polygon", "coordinates": [ [ [ 77.748058755832901, 8.757347785796748 ], [ 77.748125159504283, 8.766382522464484 ], [ 77.739043382848607, 8.766448508935669 ], [ 77.738977197952423, 8.757413703232032 ], [ 77.748058755832901, 8.757347785796748 ] ] ] } },
{ "type": "Feature", "properties": { "zone_id": "ZONE_R15_C08", "row": 15, "col": 8, "flooded_area_km2": 0.0092, "agricultural_exposed_km2": 0.009, "buildings_exposed_count": 0, "roads_exposed_km": 0.0, "total_buildings_count": 0, "total_roads_km": 1.866, "population_exposed_proxy": 0, "land_use_breakdown": { "Tree Cover": 0.0001, "Grassland": 0.0001, "Cropland": 0.009 }, "locality_name": "Melapalayam & Drainage Plain (Sector 15-8)", "priority_score": 1.84, "score_infra": 0.84288786692091233, "score_agri": 3.4610901678119101, "rank_infra": 67, "rank_agri": 47, "exposure_class": "LOW", "class_color": "#22c55e", "contributing_factors_json": { "flood_overlap_pct": 47.0, "building_exposure_pct": 0.0, "road_disruption_pct": 0.0, "population_proxy_pct": 0.0, "cropland_loss_pct": 53.0 }, "primary_reason": "0.01 km² cropland inundated (53.0% contribution); 0.01 km² standing flood (47.0% contribution)", "recommended_action": "Low exposure: Standard monitoring; maintain flood gate surveillance and culvert clearing.", "rank": 59 }, "geometry": { "type": "Polygon", "coordinates": [ [ [ 77.693050132210161, 8.685458675413347 ], [ 77.693114665467832, 8.694493861032427 ], [ 77.684034210885045, 8.694557999465493 ], [ 77.683969894578013, 8.685522746202453 ], [ 77.693050132210161, 8.685458675413347 ] ] ] } },
{ "type": "Feature", "properties": { "zone_id": "ZONE_R17_C03", "row": 17, "col": 3, "flooded_area_km2": 0.008, "agricultural_exposed_km2": 0.0022, "buildings_exposed_count": 0, "roads_exposed_km": 0.144, "total_buildings_count": 0, "total_roads_km": 5.464, "population_exposed_proxy": 0, "land_use_breakdown": { "Tree Cover": 0.0033, "Shrubland": 0.0008, "Grassland": 0.0002, "Cropland": 0.0022, "Built-up": 0.0001, "Permanent Water": 0.0014 }, "locality_name": "South Agricultural Basin (Sector 17-3)", "priority_score": 1.82, "score_infra": 1.977428679020234, "score_agri": 1.799508732756768, "rank_infra": 53, "rank_agri": 66, "exposure_class": "LOW", "class_color": "#22c55e", "contributing_factors_json": { "flood_overlap_pct": 41.4, "building_exposure_pct": 0.0, "road_disruption_pct": 45.5, "population_proxy_pct": 0.0, "cropland_loss_pct": 13.1 }, "primary_reason": "0.14 km roads submerged (45.5% contribution); 0.00 km² cropland inundated (13.1% contribution)", "recommended_action": "Low exposure: Standard monitoring; maintain flood gate surveillance and culvert clearing.", "rank": 60 }, "geometry": { "type": "Polygon", "coordinates": [ [ [ 77.647521560689398, 8.667705814229741 ], [ 77.647584872126927, 8.676741345249962 ], [ 77.638504506424525, 8.676804270589649 ], [ 77.638441411509547, 8.667768673070572 ], [ 77.647521560689398, 8.667705814229741 ] ] ] } },
{ "type": "Feature", "properties": { "zone_id": "ZONE_R15_C02", "row": 15, "col": 2, "flooded_area_km2": 0.0075, "agricultural_exposed_km2": 0.0075, "buildings_exposed_count": 0, "roads_exposed_km": 0.022, "total_buildings_count": 0, "total_roads_km": 1.761, "population_exposed_proxy": 0, "land_use_breakdown": { "Cropland": 0.0075 }, "locality_name": "West Highland & Catchment (Sector 15-2)", "priority_score": 1.64, "score_infra": 0.91415592482017893, "score_agri": 2.9317773718180251, "rank_infra": 66, "rank_agri": 53, "exposure_class": "LOW", "class_color": "#22c55e", "contributing_factors_json": { "flood_overlap_pct": 42.9, "building_exposure_pct": 0.0, "road_disruption_pct": 7.7, "population_proxy_pct": 0.0, "cropland_loss_pct": 49.4 }, "primary_reason": "0.02 km roads submerged (7.7% contribution); 0.01 km² cropland inundated (49.4% contribution)", "recommended_action": "Low exposure: Standard monitoring; maintain flood gate surveillance and culvert clearing.", "rank": 61 }, "geometry": { "type": "Polygon", "coordinates": [ [ [ 77.638567669594309, 8.685839863384533 ], [ 77.6386309010269, 8.694875451450416 ], [ 77.629550033305989, 8.694938293755982 ], [ 77.629487018872339, 8.685902639412982 ], [ 77.638567669594309, 8.685839863384533 ] ] ] } },
{ "type": "Feature", "properties": { "zone_id": "ZONE_R18_C03", "row": 18, "col": 3, "flooded_area_km2": 0.0089, "agricultural_exposed_km2": 0.0018, "buildings_exposed_count": 0, "roads_exposed_km": 0.099, "total_buildings_count": 0, "total_roads_km": 6.014, "population_exposed_proxy": 0, "land_use_breakdown": { "Tree Cover": 0.002, "Shrubland": 0.0011, "Grassland": 0.0007, "Cropland": 0.0018, "Built-up": 0.0033 }, "locality_name": "South Agricultural Basin (Sector 18-3)", "priority_score": 1.6, "score_infra": 1.5613671205278747, "score_agri": 1.6393237214593459, "rank_infra": 57, "rank_agri": 72, "exposure_class": "LOW", "class_color": "#22c55e", "contributing_factors_json": { "flood_overlap_pct": 52.3, "building_exposure_pct": 0.0, "road_disruption_pct": 35.6, "population_proxy_pct": 0.0, "cropland_loss_pct": 12.2 }, "primary_reason": "0.10 km roads submerged (35.6% contribution); 0.00 km² cropland inundated (12.2% contribution)", "recommended_action": "Low exposure: Standard monitoring; maintain flood gate surveillance and culvert clearing.", "rank": 62 }, "geometry": { "type": "Polygon", "coordinates": [ [ [ 77.647458317732884, 8.658670278487094 ], [ 77.647521560689398, 8.667705814229741 ], [ 77.638441411509547, 8.667768673070572 ], [ 77.638378384841445, 8.658733070832113 ], [ 77.647458317732884, 8.658670278487094 ] ] ] } },
{ "type": "Feature", "properties": { "zone_id": "ZONE_R19_C02", "row": 19, "col": 2, "flooded_area_km2": 0.0083, "agricultural_exposed_km2": 0.0071, "buildings_exposed_count": 0, "roads_exposed_km": 0.0, "total_buildings_count": 0, "total_roads_km": 3.006, "population_exposed_proxy": 0, "land_use_breakdown": { "Tree Cover": 0.0003, "Cropland": 0.0071, "Permanent Water": 0.0009 }, "locality_name": "South Agricultural Basin (Sector 19-2)", "priority_score": 1.55, "score_infra": 0.72365059315866676, "score_agri": 2.8282584441052339, "rank_infra": 71, "rank_agri": 55, "exposure_class": "LOW", "class_color": "#22c55e", "contributing_factors_json": { "flood_overlap_pct": 50.3, "building_exposure_pct": 0.0, "road_disruption_pct": 0.0, "population_proxy_pct": 0.0, "cropland_loss_pct": 49.7 }, "primary_reason": "0.01 km² cropland inundated (49.7% contribution); 0.01 km² standing flood (50.3% contribution)", "recommended_action": "Low exposure: Standard monitoring; maintain flood gate surveillance and culvert clearing.", "rank": 63 }, "geometry": { "type": "Polygon", "coordinates": [ [ [ 77.638315426412248, 8.649697463879079 ], [ 77.638378384841445, 8.658733070832113 ], [ 77.629298383711117, 8.658795648047411 ], [ 77.629235641344138, 8.649759974829387 ], [ 77.638315426412248, 8.649697463879079 ] ] ] } },
{ "type": "Feature", "properties": { "zone_id": "ZONE_R07_C01", "row": 7, "col": 1, "flooded_area_km2": 0.0075, "agricultural_exposed_km2": 0.0075, "buildings_exposed_count": 0, "roads_exposed_km": 0.0, "total_buildings_count": 0, "total_roads_km": 0.309, "population_exposed_proxy": 0, "land_use_breakdown": { "Cropland": 0.0075 }, "locality_name": "North Basin & Agricultural Belt (Sector 7-1)", "priority_score": 1.52, "score_infra": 0.69301864739341279, "score_agri": 2.868595292553235, "rank_infra": 76, "rank_agri": 54, "exposure_class": "LOW", "class_color": "#22c55e", "contributing_factors_json": { "flood_overlap_pct": 46.5, "building_exposure_pct": 0.0, "road_disruption_pct": 0.0, "population_proxy_pct": 0.0, "cropland_loss_pct": 53.5 }, "primary_reason": "0.01 km² cropland inundated (53.5% contribution); 0.01 km² standing flood (46.5% contribution)", "recommended_action": "Low exposure: Standard monitoring; maintain flood gate surveillance and culvert clearing.", "rank": 64 }, "geometry": { "type": "Polygon", "coordinates": [ [ [ 77.629993039811239, 8.758187741426426 ], [ 77.630056598760731, 8.767223357788763 ], [ 77.620973918512433, 8.767286512549164 ], [ 77.620910578444679, 8.75825083011321 ], [ 77.629993039811239, 8.758187741426426 ] ] ] } },
{ "type": "Feature", "properties": { "zone_id": "ZONE_R22_C18", "row": 22, "col": 18, "flooded_area_km2": 0.0083, "agricultural_exposed_km2": 0.0068, "buildings_exposed_count": 0, "roads_exposed_km": 0.0, "total_buildings_count": 0, "total_roads_km": 1.008, "population_exposed_proxy": 0, "land_use_breakdown": { "Shrubland": 0.0015, "Cropland": 0.0068 }, "locality_name": "South Agricultural Basin (Sector 22-18)", "priority_score": 1.52, "score_infra": 0.71282808233615602, "score_agri": 2.7416783575251467, "rank_infra": 72, "rank_agri": 57, "exposure_class": "LOW", "class_color": "#22c55e", "contributing_factors_json": { "flood_overlap_pct": 51.4, "building_exposure_pct": 0.0, "road_disruption_pct": 0.0, "population_proxy_pct": 0.0, "cropland_loss_pct": 48.6 }, "primary_reason": "0.01 km² cropland inundated (48.6% contribution); 0.01 km² standing flood (51.4% contribution)", "recommended_action": "Low exposure: Standard monitoring; maintain flood gate surveillance and culvert clearing.", "rank": 65 }, "geometry": { "type": "Polygon", "coordinates": [ [ [ 77.783383737766584, 8.62156449162697 ], [ 77.783449936190621, 8.630599021631099 ], [ 77.774371702066858, 8.630664830252782 ], [ 77.77430571887281, 8.62163023034967 ], [ 77.783383737766584, 8.62156449162697 ] ] ] } },
{ "type": "Feature", "properties": { "zone_id": "ZONE_R17_C02", "row": 17, "col": 2, "flooded_area_km2": 0.0086, "agricultural_exposed_km2": 0.0022, "buildings_exposed_count": 0, "roads_exposed_km": 0.078, "total_buildings_count": 0, "total_roads_km": 6.181, "population_exposed_proxy": 0, "land_use_breakdown": { "Tree Cover": 0.0017, "Shrubland": 0.0003, "Grassland": 0.002, "Cropland": 0.0022, "Built-up": 0.0024 }, "locality_name": "South Agricultural Basin (Sector 17-2)", "priority_score": 1.49, "score_infra": 1.3478133168863866, "score_agri": 1.6662899452064825, "rank_infra": 59, "rank_agri": 70, "exposure_class": "LOW", "class_color": "#22c55e", "contributing_factors_json": { "flood_overlap_pct": 54.1, "building_exposure_pct": 0.0, "road_disruption_pct": 30.0, "population_proxy_pct": 0.0, "cropland_loss_pct": 15.9 }, "primary_reason": "0.08 km roads submerged (30.0% contribution); 0.00 km² cropland inundated (15.9% contribution)", "recommended_action": "Low exposure: Standard monitoring; maintain flood gate surveillance and culvert clearing.", "rank": 66 }, "geometry": { "type": "Polygon", "coordinates": [ [ [ 77.638441411509547, 8.667768673070572 ], [ 77.638504506424525, 8.676804270589649 ], [ 77.629424072467287, 8.676866980344014 ], [ 77.629361194082847, 8.66783131655389 ], [ 77.638441411509547, 8.667768673070572 ] ] ] } },
{ "type": "Feature", "properties": { "zone_id": "ZONE_R21_C15", "row": 21, "col": 15, "flooded_area_km2": 0.0073, "agricultural_exposed_km2": 0.0073, "buildings_exposed_count": 0, "roads_exposed_km": 0.0, "total_buildings_count": 0, "total_roads_km": 2.115, "population_exposed_proxy": 0, "land_use_breakdown": { "Cropland": 0.0073 }, "locality_name": "South Agricultural Basin (Sector 21-15)", "priority_score": 1.48, "score_infra": 0.6745381501295884, "score_agri": 2.7920994180851486, "rank_infra": 78, "rank_agri": 56, "exposure_class": "LOW", "class_color": "#22c55e", "contributing_factors_json": { "flood_overlap_pct": 46.5, "building_exposure_pct": 0.0, "road_disruption_pct": 0.0, "population_proxy_pct": 0.0, "cropland_loss_pct": 53.5 }, "primary_reason": "0.01 km² cropland inundated (53.5% contribution); 0.01 km² standing flood (46.5% contribution)", "recommended_action": "Low exposure: Standard monitoring; maintain flood gate surveillance and culvert clearing.", "rank": 67 }, "geometry": { "type": "Polygon", "coordinates": [ [ [ 77.756215018878635, 8.630795804507839 ], [ 77.756280642844757, 8.639830538785722 ], [ 77.747201978759335, 8.639895773622023 ], [ 77.747136570282024, 8.630860970124909 ], [ 77.756215018878635, 8.630795804507839 ] ] ] } },
{ "type": "Feature", "properties": { "zone_id": "ZONE_R21_C16", "row": 21, "col": 16, "flooded_area_km2": 0.0092, "agricultural_exposed_km2": 0.0052, "buildings_exposed_count": 0, "roads_exposed_km": 0.0, "total_buildings_count": 0, "total_roads_km": 1.051, "population_exposed_proxy": 0, "land_use_breakdown": { "Tree Cover": 0.0015, "Shrubland": 0.0004, "Grassland": 0.0021, "Cropland": 0.0052 }, "locality_name": "South Agricultural Basin (Sector 21-16)", "priority_score": 1.43, "score_infra": 0.70580272983577519, "score_agri": 2.3644090711308134, "rank_infra": 73, "rank_agri": 60, "exposure_class": "LOW", "class_color": "#22c55e", "contributing_factors_json": { "flood_overlap_pct": 60.5, "building_exposure_pct": 0.0, "road_disruption_pct": 0.0, "population_proxy_pct": 0.0, "cropland_loss_pct": 39.5 }, "primary_reason": "0.01 km² cropland inundated (39.5% contribution); 0.01 km² standing flood (60.5% contribution)", "recommended_action": "Low exposure: Standard monitoring; maintain flood gate surveillance and culvert clearing.", "rank": 68 }, "geometry": { "type": "Polygon", "coordinates": [ [ [ 77.765293396218212, 8.63073042454775 ], [ 77.765359235664889, 8.63976508937875 ], [ 77.756280642844757, 8.639830538785722 ], [ 77.756215018878635, 8.630795804507839 ], [ 77.765293396218212, 8.63073042454775 ] ] ] } },
{ "type": "Feature", "properties": { "zone_id": "ZONE_R16_C08", "row": 16, "col": 8, "flooded_area_km2": 0.0065, "agricultural_exposed_km2": 0.0021, "buildings_exposed_count": 0, "roads_exposed_km": 0.101, "total_buildings_count": 0, "total_roads_km": 5.49, "population_exposed_proxy": 0, "land_use_breakdown": { "Tree Cover": 0.0002, "Shrubland": 0.0013, "Cropland": 0.0021, "Built-up": 0.0029 }, "locality_name": "Melapalayam & Drainage Plain (Sector 16-8)", "priority_score": 1.42, "score_infra": 1.4571071396215587, "score_agri": 1.5063378324507986, "rank_infra": 58, "rank_agri": 76, "exposure_class": "LOW", "class_color": "#22c55e", "contributing_factors_json": { "flood_overlap_pct": 43.0, "building_exposure_pct": 0.0, "road_disruption_pct": 40.9, "population_proxy_pct": 0.0, "cropland_loss_pct": 16.0 }, "primary_reason": "0.10 km roads submerged (40.9% contribution); 0.00 km² cropland inundated (16.0% contribution)", "recommended_action": "Low exposure: Standard monitoring; maintain flood gate surveillance and culvert clearing.", "rank": 69 }, "geometry": { "type": "Polygon", "coordinates": [ [ [ 77.692985668620437, 8.676423485046822 ], [ 77.693050132210161, 8.685458675413347 ], [ 77.683969894578013, 8.685522746202453 ], [ 77.683905647704748, 8.676487488195072 ], [ 77.692985668620437, 8.676423485046822 ] ] ] } },
{ "type": "Feature", "properties": { "zone_id": "ZONE_R10_C07", "row": 10, "col": 7, "flooded_area_km2": 0.0096, "agricultural_exposed_km2": 0.0009, "buildings_exposed_count": 0, "roads_exposed_km": 0.062, "total_buildings_count": 1, "total_roads_km": 4.372, "population_exposed_proxy": 0, "land_use_breakdown": { "Tree Cover": 0.0017, "Shrubland": 0.0001, "Cropland": 0.0009, "Built-up": 0.0069 }, "locality_name": "West Highland & Catchment (Sector 10-7)", "priority_score": 1.35, "score_infra": 1.1964161093770955, "score_agri": 1.3390380506645845, "rank_infra": 62, "rank_agri": 82, "exposure_class": "LOW", "class_color": "#22c55e", "contributing_factors_json": { "flood_overlap_pct": 66.5, "building_exposure_pct": 0.0, "road_disruption_pct": 26.3, "population_proxy_pct": 0.0, "cropland_loss_pct": 7.2 }, "primary_reason": "0.06 km roads submerged (26.3% contribution); 0.00 km² cropland inundated (7.2% contribution)", "recommended_action": "Low exposure: Standard monitoring; maintain flood gate surveillance and culvert clearing.", "rank": 70 }, "geometry": { "type": "Polygon", "coordinates": [ [ [ 77.68429217061346, 8.730698964977728 ], [ 77.684356834211371, 8.739734194446678 ], [ 77.675275221879289, 8.739798454005623 ], [ 77.675210776411461, 8.730763157104999 ], [ 77.68429217061346, 8.730698964977728 ] ] ] } },
{ "type": "Feature", "properties": { "zone_id": "ZONE_R13_C05", "row": 13, "col": 5, "flooded_area_km2": 0.0068, "agricultural_exposed_km2": 0.0063, "buildings_exposed_count": 0, "roads_exposed_km": 0.0, "total_buildings_count": 12, "total_roads_km": 2.717, "population_exposed_proxy": 0, "land_use_breakdown": { "Grassland": 0.0005, "Cropland": 0.0063 }, "locality_name": "West Highland & Catchment (Sector 13-5)", "priority_score": 1.32, "score_infra": 0.61029938893250957, "score_agri": 2.4565595876147888, "rank_infra": 81, "rank_agri": 59, "exposure_class": "LOW", "class_color": "#22c55e", "contributing_factors_json": { "flood_overlap_pct": 48.4, "building_exposure_pct": 0.0, "road_disruption_pct": 0.0, "population_proxy_pct": 0.0, "cropland_loss_pct": 51.6 }, "primary_reason": "0.01 km² cropland inundated (51.6% contribution); 0.01 km² standing flood (48.4% contribution)", "recommended_action": "Low exposure: Standard monitoring; maintain flood gate surveillance and culvert clearing.", "rank": 71 }, "geometry": { "type": "Polygon", "coordinates": [ [ [ 77.665937044982897, 8.703721011443937 ], [ 77.666001065319364, 8.712756389820724 ], [ 77.656919968460983, 8.712820014155987 ], [ 77.656856165567916, 8.703784568812475 ], [ 77.665937044982897, 8.703721011443937 ] ] ] } },
{ "type": "Feature", "properties": { "zone_id": "ZONE_R12_C10", "row": 12, "col": 10, "flooded_area_km2": 0.0111, "agricultural_exposed_km2": 0.0022, "buildings_exposed_count": 0, "roads_exposed_km": 0.0, "total_buildings_count": 0, "total_roads_km": 2.435, "population_exposed_proxy": 0, "land_use_breakdown": { "Tree Cover": 0.0069, "Shrubland": 0.001, "Grassland": 0.001, "Cropland": 0.0022 }, "locality_name": "Tirunelveli Urban Core (Sector 12-10)", "priority_score": 1.28, "score_infra": 0.70459977707442978, "score_agri": 1.6769784644362191, "rank_infra": 74, "rank_agri": 69, "exposure_class": "LOW", "class_color": "#22c55e", "contributing_factors_json": { "flood_overlap_pct": 81.4, "building_exposure_pct": 0.0, "road_disruption_pct": 0.0, "population_proxy_pct": 0.0, "cropland_loss_pct": 18.6 }, "primary_reason": "0.00 km² cropland inundated (18.6% contribution); 0.01 km² standing flood (81.4% contribution)", "recommended_action": "Low exposure: Standard monitoring; maintain flood gate surveillance and culvert clearing.", "rank": 72 }, "geometry": { "type": "Polygon", "coordinates": [ [ [ 77.711405510081491, 8.712435021209286 ], [ 77.711470687673952, 8.721470056567105 ], [ 77.702389720469412, 8.721534831296326 ], [ 77.702324760513875, 8.712499727829625 ], [ 77.711405510081491, 8.712435021209286 ] ] ] } },
{ "type": "Feature", "properties": { "zone_id": "ZONE_R10_C16", "row": 10, "col": 16, "flooded_area_km2": 0.0113, "agricultural_exposed_km2": 0.0018, "buildings_exposed_count": 0, "roads_exposed_km": 0.0, "total_buildings_count": 0, "total_roads_km": 5.625, "population_exposed_proxy": 0, "land_use_breakdown": { "Tree Cover": 0.0058, "Shrubland": 0.0003, "Grassland": 0.0006, "Cropland": 0.0018, "Built-up": 0.0013, "Bare Soil": 0.001, "Permanent Water": 0.0005 }, "locality_name": "Palayamkottai & South Canal (Sector 10-16)", "priority_score": 1.26, "score_infra": 0.70143525269323248, "score_agri": 1.580314165744132, "rank_infra": 75, "rank_agri": 74, "exposure_class": "LOW", "class_color": "#22c55e", "contributing_factors_json": { "flood_overlap_pct": 84.5, "building_exposure_pct": 0.0, "road_disruption_pct": 0.0, "population_proxy_pct": 0.0, "cropland_loss_pct": 15.5 }, "primary_reason": "0.00 km² cropland inundated (15.5% contribution); 0.01 km² standing flood (84.5% contribution)", "recommended_action": "Low exposure: Standard monitoring; maintain flood gate surveillance and culvert clearing.", "rank": 73 }, "geometry": { "type": "Polygon", "coordinates": [ [ [ 77.766021563966206, 8.730111475729558 ], [ 77.766088190363732, 8.739146088061867 ], [ 77.757007211810489, 8.739212301594197 ], [ 77.75694080346851, 8.730177619779999 ], [ 77.766021563966206, 8.730111475729558 ] ] ] } },
{ "type": "Feature", "properties": { "zone_id": "ZONE_R17_C06", "row": 17, "col": 6, "flooded_area_km2": 0.0108, "agricultural_exposed_km2": 0.0021, "buildings_exposed_count": 0, "roads_exposed_km": 0.0, "total_buildings_count": 2, "total_roads_km": 1.003, "population_exposed_proxy": 0, "land_use_breakdown": { "Tree Cover": 0.0005, "Shrubland": 0.0012, "Grassland": 0.007, "Cropland": 0.0021 }, "locality_name": "South Agricultural Basin (Sector 17-6)", "priority_score": 1.24, "score_infra": 0.68409403839370053, "score_agri": 1.6199547104541474, "rank_infra": 77, "rank_agri": 73, "exposure_class": "LOW", "class_color": "#22c55e", "contributing_factors_json": { "flood_overlap_pct": 81.7, "building_exposure_pct": 0.0, "road_disruption_pct": 0.0, "population_proxy_pct": 0.0, "cropland_loss_pct": 18.3 }, "primary_reason": "0.00 km² cropland inundated (18.3% contribution); 0.01 km² standing flood (81.7% contribution)", "recommended_action": "Low exposure: Standard monitoring; maintain flood gate surveillance and culvert clearing.", "rank": 74 }, "geometry": { "type": "Polygon", "coordinates": [ [ [ 77.674761596406242, 8.667515945640538 ], [ 77.674825557363405, 8.676551275797436 ], [ 77.665745397830548, 8.676614847845979 ], [ 77.665681653371877, 8.667579450506857 ], [ 77.674761596406242, 8.667515945640538 ] ] ] } },
{ "type": "Feature", "properties": { "zone_id": "ZONE_R07_C12", "row": 7, "col": 12, "flooded_area_km2": 0.0065, "agricultural_exposed_km2": 0.0053, "buildings_exposed_count": 0, "roads_exposed_km": 0.0, "total_buildings_count": 0, "total_roads_km": 1.306, "population_exposed_proxy": 0, "land_use_breakdown": { "Cropland": 0.0053, "Wetland": 0.0012 }, "locality_name": "North Basin & Agricultural Belt (Sector 7-12)", "priority_score": 1.18, "score_infra": 0.55732611778424768, "score_agri": 2.139795573892457, "rank_infra": 83, "rank_agri": 61, "exposure_class": "LOW", "class_color": "#22c55e", "contributing_factors_json": { "flood_overlap_pct": 51.5, "building_exposure_pct": 0.0, "road_disruption_pct": 0.0, "population_proxy_pct": 0.0, "cropland_loss_pct": 48.5 }, "primary_reason": "0.01 km² cropland inundated (48.5% contribution); 0.01 km² standing flood (51.5% contribution)", "recommended_action": "Low exposure: Standard monitoring; maintain flood gate surveillance and culvert clearing.", "rank": 75 }, "geometry": { "type": "Polygon", "coordinates": [ [ [ 77.729895569166771, 8.75747940311977 ], [ 77.729961535279386, 8.766514277631495 ], [ 77.720879617031002, 8.766579828543771 ], [ 77.720813869710298, 8.757544885451784 ], [ 77.729895569166771, 8.75747940311977 ] ] ] } },
{ "type": "Feature", "properties": { "zone_id": "ZONE_R12_C05", "row": 12, "col": 5, "flooded_area_km2": 0.0062, "agricultural_exposed_km2": 0.0035, "buildings_exposed_count": 0, "roads_exposed_km": 0.033, "total_buildings_count": 867, "total_roads_km": 12.167, "population_exposed_proxy": 0, "land_use_breakdown": { "Grassland": 0.0012, "Cropland": 0.0035, "Built-up": 0.0015 }, "locality_name": "West Highland & Catchment (Sector 12-5)", "priority_score": 1.15, "score_infra": 0.8071987339161063, "score_agri": 1.6869244481870806, "rank_infra": 69, "rank_agri": 68, "exposure_class": "LOW", "class_color": "#22c55e", "contributing_factors_json": { "flood_overlap_pct": 50.6, "building_exposure_pct": 0.0, "road_disruption_pct": 16.5, "population_proxy_pct": 0.0, "cropland_loss_pct": 32.9 }, "primary_reason": "0.03 km roads submerged (16.5% contribution); 0.00 km² cropland inundated (32.9% contribution)", "recommended_action": "Low exposure: Standard monitoring; maintain flood gate surveillance and culvert clearing.", "rank": 76 }, "geometry": { "type": "Polygon", "coordinates": [ [ [ 77.666001065319364, 8.712756389820724 ], [ 77.666065154645452, 8.721791763444882 ], [ 77.656983840109419, 8.721855454749948 ], [ 77.656919968460983, 8.712820014155987 ], [ 77.666001065319364, 8.712756389820724 ] ] ] } },
{ "type": "Feature", "properties": { "zone_id": "ZONE_R11_C07", "row": 11, "col": 7, "flooded_area_km2": 0.0063, "agricultural_exposed_km2": 0.0027, "buildings_exposed_count": 0, "roads_exposed_km": 0.046, "total_buildings_count": 6, "total_roads_km": 14.906, "population_exposed_proxy": 0, "land_use_breakdown": { "Tree Cover": 0.0003, "Cropland": 0.0027, "Built-up": 0.0033 }, "locality_name": "West Highland & Catchment (Sector 11-7)", "priority_score": 1.15, "score_infra": 0.91464347765084797, "score_agri": 1.5027669907009673, "rank_infra": 65, "rank_agri": 77, "exposure_class": "LOW", "class_color": "#22c55e", "contributing_factors_json": { "flood_overlap_pct": 51.5, "building_exposure_pct": 0.0, "road_disruption_pct": 23.0, "population_proxy_pct": 0.0, "cropland_loss_pct": 25.5 }, "primary_reason": "0.05 km roads submerged (23.0% contribution); 0.00 km² cropland inundated (25.5% contribution)", "recommended_action": "Low exposure: Standard monitoring; maintain flood gate surveillance and culvert clearing.", "rank": 77 }, "geometry": { "type": "Polygon", "coordinates": [ [ [ 77.684227576490045, 8.721663730740309 ], [ 77.68429217061346, 8.730698964977728 ], [ 77.675210776411461, 8.730763157104999 ], [ 77.675146400183763, 8.721727855439013 ], [ 77.684227576490045, 8.721663730740309 ] ] ] } },
{ "type": "Feature", "properties": { "zone_id": "ZONE_R22_C05", "row": 22, "col": 5, "flooded_area_km2": 0.0052, "agricultural_exposed_km2": 0.0052, "buildings_exposed_count": 0, "roads_exposed_km": 0.0, "total_buildings_count": 0, "total_roads_km": 1.089, "population_exposed_proxy": 0, "land_use_breakdown": { "Cropland": 0.0052 }, "locality_name": "South Agricultural Basin (Sector 22-5)", "priority_score": 1.05, "score_infra": 0.48049292885943273, "score_agri": 1.9888927361702426, "rank_infra": 86, "rank_agri": 63, "exposure_class": "LOW", "class_color": "#22c55e", "contributing_factors_json": { "flood_overlap_pct": 46.5, "building_exposure_pct": 0.0, "road_disruption_pct": 0.0, "population_proxy_pct": 0.0, "cropland_loss_pct": 53.5 }, "primary_reason": "0.01 km² cropland inundated (53.5% contribution); 0.01 km² standing flood (46.5% contribution)", "recommended_action": "Low exposure: Standard monitoring; maintain flood gate surveillance and culvert clearing.", "rank": 78 }, "geometry": { "type": "Polygon", "coordinates": [ [ [ 77.665363965157553, 8.622402392979577 ], [ 77.665427364949977, 8.631437813913189 ], [ 77.656348216651395, 8.631500835658354 ], [ 77.656285032195115, 8.622465347785573 ], [ 77.665363965157553, 8.622402392979577 ] ] ] } },
{ "type": "Feature", "properties": { "zone_id": "ZONE_R07_C15", "row": 7, "col": 15, "flooded_area_km2": 0.0039, "agricultural_exposed_km2": 0.0039, "buildings_exposed_count": 0, "roads_exposed_km": 0.03, "total_buildings_count": 0, "total_roads_km": 4.449, "population_exposed_proxy": 0, "land_use_breakdown": { "Cropland": 0.0039 }, "locality_name": "Vannarpettai & River Corridor (Sector 7-15)", "priority_score": 0.96, "score_infra": 0.66192052949925573, "score_agri": 1.5778269329433052, "rank_infra": 79, "rank_agri": 75, "exposure_class": "LOW", "class_color": "#22c55e", "contributing_factors_json": { "flood_overlap_pct": 38.1, "building_exposure_pct": 0.0, "road_disruption_pct": 17.9, "population_proxy_pct": 0.0, "cropland_loss_pct": 43.9 }, "primary_reason": "0.03 km roads submerged (17.9% contribution); 0.00 km² cropland inundated (43.9% contribution)", "recommended_action": "Low exposure: Standard monitoring; maintain flood gate surveillance and culvert clearing.", "rank": 79 }, "geometry": { "type": "Polygon", "coordinates": [ [ [ 77.757140242573868, 8.757281650822128 ], [ 77.757206865012094, 8.766316318226155 ], [ 77.748125159504283, 8.766382522464484 ], [ 77.748058755832901, 8.757347785796748 ], [ 77.757140242573868, 8.757281650822128 ] ] ] } },
{ "type": "Feature", "properties": { "zone_id": "ZONE_R13_C14", "row": 13, "col": 14, "flooded_area_km2": 0.0017, "agricultural_exposed_km2": 0.0, "buildings_exposed_count": 2, "roads_exposed_km": 0.06, "total_buildings_count": 73, "total_roads_km": 16.931, "population_exposed_proxy": 8, "land_use_breakdown": { "Tree Cover": 0.0006, "Built-up": 0.0011 }, "locality_name": "Palayamkottai & South Canal (Sector 13-14)", "priority_score": 0.95, "score_infra": 1.2018777323834624, "score_agri": 0.61682504620971257, "rank_infra": 61, "rank_agri": 98, "exposure_class": "LOW", "class_color": "#22c55e", "contributing_factors_json": { "flood_overlap_pct": 16.7, "building_exposure_pct": 28.9, "road_disruption_pct": 36.1, "population_proxy_pct": 18.3, "cropland_loss_pct": 0.0 }, "primary_reason": "2 buildings exposed (28.9% score contribution); 0.06 km roads submerged (36.1% contribution)", "recommended_action": "Low exposure: Standard monitoring; maintain flood gate surveillance and culvert clearing.", "rank": 80 }, "geometry": { "type": "Polygon", "coordinates": [ [ [ 77.747661827441135, 8.7031392650541 ], [ 77.747727804400995, 8.712174030479376 ], [ 77.738647336882181, 8.712239602782915 ], [ 77.738581577291953, 8.703204768340822 ], [ 77.747661827441135, 8.7031392650541 ] ] ] } },
{ "type": "Feature", "properties": { "zone_id": "ZONE_R10_C10", "row": 10, "col": 10, "flooded_area_km2": 0.0052, "agricultural_exposed_km2": 0.0016, "buildings_exposed_count": 0, "roads_exposed_km": 0.046, "total_buildings_count": 6, "total_roads_km": 9.03, "population_exposed_proxy": 0, "land_use_breakdown": { "Tree Cover": 0.002, "Shrubland": 0.0003, "Cropland": 0.0016, "Built-up": 0.0013 }, "locality_name": "Tirunelveli Urban Core (Sector 10-10)", "priority_score": 0.93, "score_infra": 0.81300074269981404, "score_agri": 1.0820396811264925, "rank_infra": 68, "rank_agri": 90, "exposure_class": "LOW", "class_color": "#22c55e", "contributing_factors_json": { "flood_overlap_pct": 52.7, "building_exposure_pct": 0.0, "road_disruption_pct": 28.5, "population_proxy_pct": 0.0, "cropland_loss_pct": 18.7 }, "primary_reason": "0.05 km roads submerged (28.5% contribution); 0.00 km² cropland inundated (18.7% contribution)", "recommended_action": "Low exposure: Standard monitoring; maintain flood gate surveillance and culvert clearing.", "rank": 81 }, "geometry": { "type": "Polygon", "coordinates": [ [ [ 77.711535935435521, 8.73050508715191 ], [ 77.71160125337444, 8.739540112958869 ], [ 77.702519850193269, 8.739605023915262 ], [ 77.702454750359806, 8.73056992999315 ], [ 77.711535935435521, 8.73050508715191 ] ] ] } },
{ "type": "Feature", "properties": { "zone_id": "ZONE_R18_C06", "row": 18, "col": 6, "flooded_area_km2": 0.0085, "agricultural_exposed_km2": 0.0012, "buildings_exposed_count": 0, "roads_exposed_km": 0.0, "total_buildings_count": 0, "total_roads_km": 0.838, "population_exposed_proxy": 0, "land_use_breakdown": { "Tree Cover": 0.0004, "Shrubland": 0.0062, "Grassland": 0.0007, "Cropland": 0.0012 }, "locality_name": "South Agricultural Basin (Sector 18-6)", "priority_score": 0.93, "score_infra": 0.52207337036477108, "score_agri": 1.1442925581115593, "rank_infra": 85, "rank_agri": 89, "exposure_class": "LOW", "class_color": "#22c55e", "contributing_factors_json": { "flood_overlap_pct": 86.0, "building_exposure_pct": 0.0, "road_disruption_pct": 0.0, "population_proxy_pct": 0.0, "cropland_loss_pct": 14.0 }, "primary_reason": "0.00 km² cropland inundated (14.0% contribution); 0.01 km² standing flood (86.0% contribution)", "recommended_action": "Low exposure: Standard monitoring; maintain flood gate surveillance and culvert clearing.", "rank": 82 }, "geometry": { "type": "Polygon", "coordinates": [ [ [ 77.674697704632507, 8.658480610752033 ], [ 77.674761596406242, 8.667515945640538 ], [ 77.665681653371877, 8.667579450506857 ], [ 77.665617977862524, 8.658544048439198 ], [ 77.674697704632507, 8.658480610752033 ] ] ] } },
{ "type": "Feature", "properties": { "zone_id": "ZONE_R18_C01", "row": 18, "col": 1, "flooded_area_km2": 0.0058, "agricultural_exposed_km2": 0.0033, "buildings_exposed_count": 0, "roads_exposed_km": 0.0, "total_buildings_count": 0, "total_roads_km": 1.73, "population_exposed_proxy": 0, "land_use_breakdown": { "Shrubland": 0.0001, "Grassland": 0.0003, "Cropland": 0.0033, "Permanent Water": 0.0021 }, "locality_name": "South Agricultural Basin (Sector 18-1)", "priority_score": 0.9, "score_infra": 0.44574683046331565, "score_agri": 1.4968796380737801, "rank_infra": 89, "rank_agri": 78, "exposure_class": "LOW", "class_color": "#22c55e", "contributing_factors_json": { "flood_overlap_pct": 60.4, "building_exposure_pct": 0.0, "road_disruption_pct": 0.0, "population_proxy_pct": 0.0, "cropland_loss_pct": 39.6 }, "primary_reason": "0.00 km² cropland inundated (39.6% contribution); 0.01 km² standing flood (60.4% contribution)", "recommended_action": "Low exposure: Standard monitoring; maintain flood gate surveillance and culvert clearing.", "rank": 83 }, "geometry": { "type": "Polygon", "coordinates": [ [ [ 77.629298383711117, 8.658795648047411 ], [ 77.629361194082847, 8.66783131655389 ], [ 77.620280908643466, 8.66789374467189 ], [ 77.620218314576022, 8.658858010125201 ], [ 77.629298383711117, 8.658795648047411 ] ] ] } },
{ "type": "Feature", "properties": { "zone_id": "ZONE_R09_C06", "row": 9, "col": 6, "flooded_area_km2": 0.0032, "agricultural_exposed_km2": 0.003, "buildings_exposed_count": 0, "roads_exposed_km": 0.044, "total_buildings_count": 0, "total_roads_km": 5.025, "population_exposed_proxy": 0, "land_use_breakdown": { "Grassland": 0.0001, "Cropland": 0.003, "Built-up": 0.0001 }, "locality_name": "West Highland & Catchment (Sector 9-6)", "priority_score": 0.88, "score_infra": 0.73074750385971454, "score_agri": 1.2925780922989032, "rank_infra": 70, "rank_agri": 84, "exposure_class": "LOW", "class_color": "#22c55e", "contributing_factors_json": { "flood_overlap_pct": 34.2, "building_exposure_pct": 0.0, "road_disruption_pct": 28.8, "population_proxy_pct": 0.0, "cropland_loss_pct": 37.0 }, "primary_reason": "0.04 km roads submerged (28.8% contribution); 0.00 km² cropland inundated (37.0% contribution)", "recommended_action": "Low exposure: Standard monitoring; maintain flood gate surveillance and culvert clearing.", "rank": 84 }, "geometry": { "type": "Polygon", "coordinates": [ [ [ 77.675275221879289, 8.739798454005623 ], [ 77.675339736595447, 8.748833746136066 ], [ 77.666257836642558, 8.748897855753405 ], [ 77.666193540298934, 8.739862496416038 ], [ 77.675275221879289, 8.739798454005623 ] ] ] } },
{ "type": "Feature", "properties": { "zone_id": "ZONE_R12_C13", "row": 12, "col": 13, "flooded_area_km2": 0.0071, "agricultural_exposed_km2": 0.0018, "buildings_exposed_count": 0, "roads_exposed_km": 0.0, "total_buildings_count": 33, "total_roads_km": 12.181, "population_exposed_proxy": 0, "land_use_breakdown": { "Tree Cover": 0.0023, "Cropland": 0.0018, "Built-up": 0.0028, "Bare Soil": 0.0002 }, "locality_name": "Tirunelveli Urban Core (Sector 12-13)", "priority_score": 0.86, "score_infra": 0.46485996166807286, "score_agri": 1.1860220140355326, "rank_infra": 87, "rank_agri": 87, "exposure_class": "LOW", "class_color": "#22c55e", "contributing_factors_json": { "flood_overlap_pct": 77.4, "building_exposure_pct": 0.0, "road_disruption_pct": 0.0, "population_proxy_pct": 0.0, "cropland_loss_pct": 22.6 }, "primary_reason": "0.00 km² cropland inundated (22.6% contribution); 0.01 km² standing flood (77.4% contribution)", "recommended_action": "Low exposure: Standard monitoring; maintain flood gate surveillance and culvert clearing.", "rank": 85 }, "geometry": { "type": "Polygon", "coordinates": [ [ [ 77.738647336882181, 8.712239602782915 ], [ 77.738713167335931, 8.721274432447382 ], [ 77.729632411341456, 8.721339857134524 ], [ 77.72956679849986, 8.712304958677834 ], [ 77.738647336882181, 8.712239602782915 ] ] ] } },
{ "type": "Feature", "properties": { "zone_id": "ZONE_R14_C08", "row": 14, "col": 8, "flooded_area_km2": 0.0063, "agricultural_exposed_km2": 0.0021, "buildings_exposed_count": 0, "roads_exposed_km": 0.0, "total_buildings_count": 0, "total_roads_km": 3.709, "population_exposed_proxy": 0, "land_use_breakdown": { "Tree Cover": 0.0029, "Cropland": 0.0021, "Permanent Water": 0.0013 }, "locality_name": "Melapalayam & Drainage Plain (Sector 14-8)", "priority_score": 0.82, "score_infra": 0.43062051229531517, "score_agri": 1.1974988336235051, "rank_infra": 90, "rank_agri": 86, "exposure_class": "LOW", "class_color": "#22c55e", "contributing_factors_json": { "flood_overlap_pct": 72.2, "building_exposure_pct": 0.0, "road_disruption_pct": 0.0, "population_proxy_pct": 0.0, "cropland_loss_pct": 27.8 }, "primary_reason": "0.00 km² cropland inundated (27.8% contribution); 0.01 km² standing flood (72.2% contribution)", "recommended_action": "Low exposure: Standard monitoring; maintain flood gate surveillance and culvert clearing.", "rank": 86 }, "geometry": { "type": "Polygon", "coordinates": [ [ [ 77.693114665467832, 8.694493861032427 ], [ 77.693179268401607, 8.703529041899241 ], [ 77.684098596633973, 8.703593247979365 ], [ 77.684034210885045, 8.694557999465493 ], [ 77.693114665467832, 8.694493861032427 ] ] ] } },
{ "type": "Feature", "properties": { "zone_id": "ZONE_R10_C03", "row": 10, "col": 3, "flooded_area_km2": 0.0044, "agricultural_exposed_km2": 0.0036, "buildings_exposed_count": 0, "roads_exposed_km": 0.0, "total_buildings_count": 4, "total_roads_km": 1.207, "population_exposed_proxy": 0, "land_use_breakdown": { "Tree Cover": 0.0007, "Shrubland": 0.0001, "Cropland": 0.0036 }, "locality_name": "West Highland & Catchment (Sector 10-3)", "priority_score": 0.8, "score_infra": 0.37771091094410664, "score_agri": 1.4520290074176669, "rank_infra": 92, "rank_agri": 79, "exposure_class": "LOW", "class_color": "#22c55e", "contributing_factors_json": { "flood_overlap_pct": 51.5, "building_exposure_pct": 0.0, "road_disruption_pct": 0.0, "population_proxy_pct": 0.0, "cropland_loss_pct": 48.5 }, "primary_reason": "0.00 km² cropland inundated (48.5% contribution); 0.00 km² standing flood (51.5% contribution)", "recommended_action": "Low exposure: Standard monitoring; maintain flood gate surveillance and culvert clearing.", "rank": 87 }, "geometry": { "type": "Polygon", "coordinates": [ [ [ 77.647966179301775, 8.730954431930904 ], [ 77.648029970330754, 8.739989929759428 ], [ 77.638948082411645, 8.74005332067653 ], [ 77.638884509545107, 8.731017756327772 ], [ 77.647966179301775, 8.730954431930904 ] ] ] } },
{ "type": "Feature", "properties": { "zone_id": "ZONE_R21_C19", "row": 21, "col": 19, "flooded_area_km2": 0.0059, "agricultural_exposed_km2": 0.0021, "buildings_exposed_count": 0, "roads_exposed_km": 0.0, "total_buildings_count": 0, "total_roads_km": 1.255, "population_exposed_proxy": 0, "land_use_breakdown": { "Shrubland": 0.0037, "Grassland": 0.0001, "Cropland": 0.0021 }, "locality_name": "South Agricultural Basin (Sector 21-19)", "priority_score": 0.78, "score_infra": 0.4080895321976809, "score_agri": 1.159947200127448, "rank_infra": 91, "rank_agri": 88, "exposure_class": "LOW", "class_color": "#22c55e", "contributing_factors_json": { "flood_overlap_pct": 70.9, "building_exposure_pct": 0.0, "road_disruption_pct": 0.0, "population_proxy_pct": 0.0, "cropland_loss_pct": 29.1 }, "primary_reason": "0.00 km² cropland inundated (29.1% contribution); 0.01 km² standing flood (70.9% contribution)", "recommended_action": "Low exposure: Standard monitoring; maintain flood gate surveillance and culvert clearing.", "rank": 88 }, "geometry": { "type": "Polygon", "coordinates": [ [ [ 77.792528098355632, 8.630532998690889 ], [ 77.792594584193978, 8.63956745381541 ], [ 77.783516206573438, 8.639633546885406 ], [ 77.783449936190621, 8.630599021631099 ], [ 77.792528098355632, 8.630532998690889 ] ] ] } },
{ "type": "Feature", "properties": { "zone_id": "ZONE_R07_C09", "row": 7, "col": 9, "flooded_area_km2": 0.0036, "agricultural_exposed_km2": 0.0036, "buildings_exposed_count": 0, "roads_exposed_km": 0.0, "total_buildings_count": 0, "total_roads_km": 1.047, "population_exposed_proxy": 0, "land_use_breakdown": { "Cropland": 0.0036 }, "locality_name": "North Basin & Agricultural Belt (Sector 7-9)", "priority_score": 0.73, "score_infra": 0.3326489507488381, "score_agri": 1.3769257404255526, "rank_infra": 96, "rank_agri": 81, "exposure_class": "LOW", "class_color": "#22c55e", "contributing_factors_json": { "flood_overlap_pct": 46.5, "building_exposure_pct": 0.0, "road_disruption_pct": 0.0, "population_proxy_pct": 0.0, "cropland_loss_pct": 53.5 }, "primary_reason": "0.00 km² cropland inundated (53.5% contribution); 0.00 km² standing flood (46.5% contribution)", "recommended_action": "Low exposure: Standard monitoring; maintain flood gate surveillance and culvert clearing.", "rank": 89 }, "geometry": { "type": "Polygon", "coordinates": [ [ [ 77.702650259722276, 8.757675197416043 ], [ 77.702715569434289, 8.766710276985048 ], [ 77.69363344055472, 8.766775174497802 ], [ 77.693568349659444, 8.75774002703206 ], [ 77.702650259722276, 8.757675197416043 ] ] ] } },
{ "type": "Feature", "properties": { "zone_id": "ZONE_R09_C03", "row": 9, "col": 3, "flooded_area_km2": 0.0035, "agricultural_exposed_km2": 0.0035, "buildings_exposed_count": 0, "roads_exposed_km": 0.0, "total_buildings_count": 0, "total_roads_km": 0.0, "population_exposed_proxy": 0, "land_use_breakdown": { "Cropland": 0.0035 }, "locality_name": "West Highland & Catchment (Sector 9-3)", "priority_score": 0.71, "score_infra": 0.32340870211692591, "score_agri": 1.3386778031915099, "rank_infra": 97, "rank_agri": 83, "exposure_class": "LOW", "class_color": "#22c55e", "contributing_factors_json": { "flood_overlap_pct": 46.5, "building_exposure_pct": 0.0, "road_disruption_pct": 0.0, "population_proxy_pct": 0.0, "cropland_loss_pct": 53.5 }, "primary_reason": "0.00 km² cropland inundated (53.5% contribution); 0.00 km² standing flood (46.5% contribution)", "recommended_action": "Low exposure: Standard monitoring; maintain flood gate surveillance and culvert clearing.", "rank": 90 }, "geometry": { "type": "Polygon", "coordinates": [ [ [ 77.648029970330754, 8.739989929759428 ], [ 77.648093829904951, 8.749025422827039 ], [ 77.639011723589036, 8.749088880267442 ], [ 77.638948082411645, 8.74005332067653 ], [ 77.648029970330754, 8.739989929759428 ] ] ] } },
{ "type": "Feature", "properties": { "zone_id": "ZONE_R14_C01", "row": 14, "col": 1, "flooded_area_km2": 0.0032, "agricultural_exposed_km2": 0.0032, "buildings_exposed_count": 0, "roads_exposed_km": 0.0, "total_buildings_count": 75, "total_roads_km": 3.987, "population_exposed_proxy": 0, "land_use_breakdown": { "Cropland": 0.0032 }, "locality_name": "West Highland & Catchment (Sector 14-1)", "priority_score": 0.65, "score_infra": 0.29568795622118943, "score_agri": 1.2239339914893801, "rank_infra": 98, "rank_agri": 85, "exposure_class": "LOW", "class_color": "#22c55e", "contributing_factors_json": { "flood_overlap_pct": 46.5, "building_exposure_pct": 0.0, "road_disruption_pct": 0.0, "population_proxy_pct": 0.0, "cropland_loss_pct": 53.5 }, "primary_reason": "0.00 km² cropland inundated (53.5% contribution); 0.00 km² standing flood (46.5% contribution)", "recommended_action": "Low exposure: Standard monitoring; maintain flood gate surveillance and culvert clearing.", "rank": 91 }, "geometry": { "type": "Polygon", "coordinates": [ [ [ 77.629550033305989, 8.694938293755982 ], [ 77.629613115776181, 8.703973943368215 ], [ 77.620531962777562, 8.704036635677301 ], [ 77.620469097548551, 8.695000920012758 ], [ 77.629550033305989, 8.694938293755982 ] ] ] } },
{ "type": "Feature", "properties": { "zone_id": "ZONE_R13_C01", "row": 13, "col": 1, "flooded_area_km2": 0.006, "agricultural_exposed_km2": 0.0002, "buildings_exposed_count": 0, "roads_exposed_km": 0.0, "total_buildings_count": 329, "total_roads_km": 13.408, "population_exposed_proxy": 0, "land_use_breakdown": { "Grassland": 0.0058, "Cropland": 0.0002 }, "locality_name": "West Highland & Catchment (Sector 13-1)", "priority_score": 0.58, "score_infra": 0.34517970867952097, "score_agri": 0.62099456016091403, "rank_infra": 95, "rank_agri": 97, "exposure_class": "LOW", "class_color": "#22c55e", "contributing_factors_json": { "flood_overlap_pct": 96.3, "building_exposure_pct": 0.0, "road_disruption_pct": 0.0, "population_proxy_pct": 0.0, "cropland_loss_pct": 3.7 }, "primary_reason": "0.00 km² cropland inundated (3.7% contribution); 0.01 km² standing flood (96.3% contribution)", "recommended_action": "Low exposure: Standard monitoring; maintain flood gate surveillance and culvert clearing.", "rank": 92 }, "geometry": { "type": "Polygon", "coordinates": [ [ [ 77.629613115776181, 8.703973943368215 ], [ 77.629676266290858, 8.713009588244875 ], [ 77.620594895816794, 8.713072346609307 ], [ 77.620531962777562, 8.704036635677301 ], [ 77.629613115776181, 8.703973943368215 ] ] ] } },
{ "type": "Feature", "properties": { "zone_id": "ZONE_R15_C04", "row": 15, "col": 4, "flooded_area_km2": 0.0033, "agricultural_exposed_km2": 0.0023, "buildings_exposed_count": 0, "roads_exposed_km": 0.0, "total_buildings_count": 9, "total_roads_km": 1.287, "population_exposed_proxy": 0, "land_use_breakdown": { "Tree Cover": 0.001, "Cropland": 0.0023 }, "locality_name": "West Highland & Catchment (Sector 15-4)", "priority_score": 0.56, "score_infra": 0.26885316877806553, "score_agri": 0.97358164012313475, "rank_infra": 99, "rank_agri": 92, "exposure_class": "LOW", "class_color": "#22c55e", "contributing_factors_json": { "flood_overlap_pct": 55.4, "building_exposure_pct": 0.0, "road_disruption_pct": 0.0, "population_proxy_pct": 0.0, "cropland_loss_pct": 44.6 }, "primary_reason": "0.00 km² cropland inundated (44.6% contribution); 0.00 km² standing flood (55.4% contribution)", "recommended_action": "Low exposure: Standard monitoring; maintain flood gate surveillance and culvert clearing.", "rank": 93 }, "geometry": { "type": "Polygon", "coordinates": [ [ [ 77.656728766015618, 8.685713663896058 ], [ 77.656792431422133, 8.69474911872423 ], [ 77.647711700477032, 8.694812393103881 ], [ 77.647648252053486, 8.685776871542947 ], [ 77.656728766015618, 8.685713663896058 ] ] ] } },
{ "type": "Feature", "properties": { "zone_id": "ZONE_R15_C15", "row": 15, "col": 15, "flooded_area_km2": 0.0021, "agricultural_exposed_km2": 0.0006, "buildings_exposed_count": 0, "roads_exposed_km": 0.051, "total_buildings_count": 228, "total_roads_km": 8.822, "population_exposed_proxy": 0, "land_use_breakdown": { "Shrubland": 0.0013, "Grassland": 0.0002, "Cropland": 0.0006 }, "locality_name": "Palayamkottai & South Canal (Sector 15-15)", "priority_score": 0.56, "score_infra": 0.65256908301055938, "score_agri": 0.51677379640103227, "rank_infra": 80, "rank_agri": 104, "exposure_class": "LOW", "class_color": "#22c55e", "contributing_factors_json": { "flood_overlap_pct": 35.5, "building_exposure_pct": 0.0, "road_disruption_pct": 52.8, "population_proxy_pct": 0.0, "cropland_loss_pct": 11.7 }, "primary_reason": "0.05 km roads submerged (52.8% contribution); 0.00 km² cropland inundated (11.7% contribution)", "recommended_action": "Low exposure: Standard monitoring; maintain flood gate surveillance and culvert clearing.", "rank": 94 }, "geometry": { "type": "Polygon", "coordinates": [ [ [ 77.756609831820811, 8.685004138900696 ], [ 77.756675883503277, 8.694038844634822 ], [ 77.747595921570635, 8.694104494852869 ], [ 77.747530086781211, 8.685069719880534 ], [ 77.756609831820811, 8.685004138900696 ] ] ] } },
{ "type": "Feature", "properties": { "zone_id": "ZONE_R11_C02", "row": 11, "col": 2, "flooded_area_km2": 0.0028, "agricultural_exposed_km2": 0.0026, "buildings_exposed_count": 0, "roads_exposed_km": 0.0, "total_buildings_count": 109, "total_roads_km": 3.07, "population_exposed_proxy": 0, "land_use_breakdown": { "Tree Cover": 0.0002, "Cropland": 0.0026 }, "locality_name": "West Highland & Catchment (Sector 11-2)", "priority_score": 0.54, "score_infra": 0.25151195447853353, "score_agri": 1.01322218483315, "rank_infra": 100, "rank_agri": 91, "exposure_class": "LOW", "class_color": "#22c55e", "contributing_factors_json": { "flood_overlap_pct": 48.3, "building_exposure_pct": 0.0, "road_disruption_pct": 0.0, "population_proxy_pct": 0.0, "cropland_loss_pct": 51.7 }, "primary_reason": "0.00 km² cropland inundated (51.7% contribution); 0.00 km² standing flood (48.3% contribution)", "recommended_action": "Low exposure: Standard monitoring; maintain flood gate surveillance and culvert clearing.", "rank": 95 }, "geometry": { "type": "Polygon", "coordinates": [ [ [ 77.638821004981367, 8.721982187225974 ], [ 77.638884509545107, 8.731017756327772 ], [ 77.629802771485629, 8.731080863772254 ], [ 77.629739484858007, 8.722045228381155 ], [ 77.638821004981367, 8.721982187225974 ] ] ] } },
{ "type": "Feature", "properties": { "zone_id": "ZONE_R08_C01", "row": 8, "col": 1, "flooded_area_km2": 0.0024, "agricultural_exposed_km2": 0.0024, "buildings_exposed_count": 0, "roads_exposed_km": 0.0, "total_buildings_count": 0, "total_roads_km": 1.257, "population_exposed_proxy": 0, "land_use_breakdown": { "Cropland": 0.0024 }, "locality_name": "North Basin & Agricultural Belt (Sector 8-1)", "priority_score": 0.49, "score_infra": 0.22176596716589206, "score_agri": 0.91795049361703507, "rank_infra": 101, "rank_agri": 93, "exposure_class": "LOW", "class_color": "#22c55e", "contributing_factors_json": { "flood_overlap_pct": 46.5, "building_exposure_pct": 0.0, "road_disruption_pct": 0.0, "population_proxy_pct": 0.0, "cropland_loss_pct": 53.5 }, "primary_reason": "0.00 km² cropland inundated (53.5% contribution); 0.00 km² standing flood (46.5% contribution)", "recommended_action": "Low exposure: Standard monitoring; maintain flood gate surveillance and culvert clearing.", "rank": 96 }, "geometry": { "type": "Polygon", "coordinates": [ [ [ 77.629929548954237, 8.749152120299691 ], [ 77.629993039811239, 8.758187741426426 ], [ 77.620910578444679, 8.75825083011321 ], [ 77.620847306234978, 8.749215142915912 ], [ 77.629929548954237, 8.749152120299691 ] ] ] } },
{ "type": "Feature", "properties": { "zone_id": "ZONE_R19_C16", "row": 19, "col": 16, "flooded_area_km2": 0.0011, "agricultural_exposed_km2": 0.0011, "buildings_exposed_count": 0, "roads_exposed_km": 0.042, "total_buildings_count": 0, "total_roads_km": 1.693, "population_exposed_proxy": 0, "land_use_breakdown": { "Cropland": 0.0011 }, "locality_name": "South Agricultural Basin (Sector 19-16)", "priority_score": 0.46, "score_infra": 0.52381390094758762, "score_agri": 0.54134764271634694, "rank_infra": 84, "rank_agri": 103, "exposure_class": "LOW", "class_color": "#22c55e", "contributing_factors_json": { "flood_overlap_pct": 22.3, "building_exposure_pct": 0.0, "road_disruption_pct": 52.0, "population_proxy_pct": 0.0, "cropland_loss_pct": 25.7 }, "primary_reason": "0.04 km roads submerged (52.0% contribution); 0.00 km² cropland inundated (25.7% contribution)", "recommended_action": "Low exposure: Standard monitoring; maintain flood gate surveillance and culvert clearing.", "rank": 97 }, "geometry": { "type": "Polygon", "coordinates": [ [ [ 77.765425146610809, 8.648799749461428 ], [ 77.765491129064301, 8.657834404790927 ], [ 77.756412104581187, 8.657899993101164 ], [ 77.75634633807617, 8.648865268318447 ], [ 77.765425146610809, 8.648799749461428 ] ] ] } },
{ "type": "Feature", "properties": { "zone_id": "ZONE_R16_C06", "row": 16, "col": 6, "flooded_area_km2": 0.0023, "agricultural_exposed_km2": 0.0023, "buildings_exposed_count": 0, "roads_exposed_km": 0.0, "total_buildings_count": 0, "total_roads_km": 0.0, "population_exposed_proxy": 0, "land_use_breakdown": { "Cropland": 0.0023 }, "locality_name": "West Highland & Catchment (Sector 16-6)", "priority_score": 0.46, "score_infra": 0.21252571853397992, "score_agri": 0.879702556382992, "rank_infra": 104, "rank_agri": 94, "exposure_class": "LOW", "class_color": "#22c55e", "contributing_factors_json": { "flood_overlap_pct": 46.5, "building_exposure_pct": 0.0, "road_disruption_pct": 0.0, "population_proxy_pct": 0.0, "cropland_loss_pct": 53.5 }, "primary_reason": "0.00 km² cropland inundated (53.5% contribution); 0.00 km² standing flood (46.5% contribution)", "recommended_action": "Low exposure: Standard monitoring; maintain flood gate surveillance and culvert clearing.", "rank": 98 }, "geometry": { "type": "Polygon", "coordinates": [ [ [ 77.674825557363405, 8.676551275797436 ], [ 77.674889587512084, 8.685586601217903 ], [ 77.665809211246554, 8.685650240451746 ], [ 77.665745397830548, 8.676614847845979 ], [ 77.674825557363405, 8.676551275797436 ] ] ] } },
{ "type": "Feature", "properties": { "zone_id": "ZONE_R11_C13", "row": 11, "col": 13, "flooded_area_km2": 0.0014, "agricultural_exposed_km2": 0.0, "buildings_exposed_count": 0, "roads_exposed_km": 0.052, "total_buildings_count": 45, "total_roads_km": 19.748, "population_exposed_proxy": 0, "land_use_breakdown": { "Built-up": 0.0014 }, "locality_name": "Tirunelveli Urban Core (Sector 11-13)", "priority_score": 0.43, "score_infra": 0.60154654062316726, "score_agri": 0.2807701773166133, "rank_infra": 82, "rank_agri": 113, "exposure_class": "LOW", "class_color": "#22c55e", "contributing_factors_json": { "flood_overlap_pct": 30.6, "building_exposure_pct": 0.0, "road_disruption_pct": 69.4, "population_proxy_pct": 0.0, "cropland_loss_pct": 0.0 }, "primary_reason": "0.05 km roads submerged (69.4% contribution); 0.00 km² standing flood (30.6% contribution)", "recommended_action": "Low exposure: Standard monitoring; maintain flood gate surveillance and culvert clearing.", "rank": 99 }, "geometry": { "type": "Polygon", "coordinates": [ [ [ 77.738713167335931, 8.721274432447382 ], [ 77.738779068661486, 8.730309257329369 ], [ 77.729698094820648, 8.730374750811906 ], [ 77.729632411341456, 8.721339857134524 ], [ 77.738713167335931, 8.721274432447382 ] ] ] } },
{ "type": "Feature", "properties": { "zone_id": "ZONE_R13_C04", "row": 13, "col": 4, "flooded_area_km2": 0.0029, "agricultural_exposed_km2": 0.0015, "buildings_exposed_count": 0, "roads_exposed_km": 0.0, "total_buildings_count": 267, "total_roads_km": 6.205, "population_exposed_proxy": 0, "land_use_breakdown": { "Grassland": 0.0014, "Cropland": 0.0015 }, "locality_name": "West Highland & Catchment (Sector 13-4)", "priority_score": 0.43, "score_infra": 0.2174621598204024, "score_agri": 0.70514977574684667, "rank_infra": 103, "rank_agri": 95, "exposure_class": "LOW", "class_color": "#22c55e", "contributing_factors_json": { "flood_overlap_pct": 62.6, "building_exposure_pct": 0.0, "road_disruption_pct": 0.0, "population_proxy_pct": 0.0, "cropland_loss_pct": 37.4 }, "primary_reason": "0.00 km² cropland inundated (37.4% contribution); 0.00 km² standing flood (62.6% contribution)", "recommended_action": "Low exposure: Standard monitoring; maintain flood gate surveillance and culvert clearing.", "rank": 100 }, "geometry": { "type": "Polygon", "coordinates": [ [ [ 77.656856165567916, 8.703784568812475 ], [ 77.656919968460983, 8.712820014155987 ], [ 77.647838802847247, 8.712883422010359 ], [ 77.647775217405623, 8.703847909927955 ], [ 77.656856165567916, 8.703784568812475 ] ] ] } },
{ "type": "Feature", "properties": { "zone_id": "ZONE_R14_C02", "row": 14, "col": 2, "flooded_area_km2": 0.0012, "agricultural_exposed_km2": 0.0008, "buildings_exposed_count": 1, "roads_exposed_km": 0.0, "total_buildings_count": 373, "total_roads_km": 6.847, "population_exposed_proxy": 4, "land_use_breakdown": { "Tree Cover": 0.0004, "Cropland": 0.0008 }, "locality_name": "West Highland & Catchment (Sector 14-2)", "priority_score": 0.42, "score_infra": 0.34796266978250889, "score_agri": 0.48599305247851393, "rank_infra": 94, "rank_agri": 105, "exposure_class": "LOW", "class_color": "#22c55e", "contributing_factors_json": { "flood_overlap_pct": 26.5, "building_exposure_pct": 32.5, "road_disruption_pct": 0.0, "population_proxy_pct": 20.5, "cropland_loss_pct": 20.4 }, "primary_reason": "1 buildings exposed (32.5% score contribution); 0.00 km² cropland inundated (20.4% contribution)", "recommended_action": "Low exposure: Standard monitoring; maintain flood gate surveillance and culvert clearing.", "rank": 101 }, "geometry": { "type": "Polygon", "coordinates": [ [ [ 77.6386309010269, 8.694875451450416 ], [ 77.638694200730285, 8.703911034782488 ], [ 77.629613115776181, 8.703973943368215 ], [ 77.629550033305989, 8.694938293755982 ], [ 77.6386309010269, 8.694875451450416 ] ] ] } },
{ "type": "Feature", "properties": { "zone_id": "ZONE_R15_C06", "row": 15, "col": 6, "flooded_area_km2": 0.0039, "agricultural_exposed_km2": 0.0, "buildings_exposed_count": 0, "roads_exposed_km": 0.0, "total_buildings_count": 0, "total_roads_km": 2.847, "population_exposed_proxy": 0, "land_use_breakdown": { "Shrubland": 0.0039 }, "locality_name": "West Highland & Catchment (Sector 15-6)", "priority_score": 0.37, "score_infra": 0.2196770559519339, "score_agri": 0.36612842658655653, "rank_infra": 102, "rank_agri": 109, "exposure_class": "LOW", "class_color": "#22c55e", "contributing_factors_json": { "flood_overlap_pct": 100.0, "building_exposure_pct": 0.0, "road_disruption_pct": 0.0, "population_proxy_pct": 0.0, "cropland_loss_pct": 0.0 }, "primary_reason": "0.00 km² standing flood (100.0% contribution)", "recommended_action": "Low exposure: Standard monitoring; maintain flood gate surveillance and culvert clearing.", "rank": 102 }, "geometry": { "type": "Polygon", "coordinates": [ [ [ 77.674889587512084, 8.685586601217903 ], [ 77.674953686860363, 8.694621921897115 ], [ 77.665873093627994, 8.694685628319338 ], [ 77.665809211246554, 8.685650240451746 ], [ 77.674889587512084, 8.685586601217903 ] ] ] } },
{ "type": "Feature", "properties": { "zone_id": "ZONE_R22_C04", "row": 22, "col": 4, "flooded_area_km2": 0.0018, "agricultural_exposed_km2": 0.0018, "buildings_exposed_count": 0, "roads_exposed_km": 0.0, "total_buildings_count": 0, "total_roads_km": 2.256, "population_exposed_proxy": 0, "land_use_breakdown": { "Cropland": 0.0018 }, "locality_name": "South Agricultural Basin (Sector 22-4)", "priority_score": 0.36, "score_infra": 0.16632447537441905, "score_agri": 0.6884628702127763, "rank_infra": 109, "rank_agri": 96, "exposure_class": "LOW", "class_color": "#22c55e", "contributing_factors_json": { "flood_overlap_pct": 46.5, "building_exposure_pct": 0.0, "road_disruption_pct": 0.0, "population_proxy_pct": 0.0, "cropland_loss_pct": 53.5 }, "primary_reason": "0.00 km² cropland inundated (53.5% contribution); 0.00 km² standing flood (46.5% contribution)", "recommended_action": "Low exposure: Standard monitoring; maintain flood gate surveillance and culvert clearing.", "rank": 103 }, "geometry": { "type": "Polygon", "coordinates": [ [ [ 77.656285032195115, 8.622465347785573 ], [ 77.656348216651395, 8.631500835658354 ], [ 77.647268999669649, 8.631563642972738 ], [ 77.647206030557456, 8.622528088388524 ], [ 77.656285032195115, 8.622465347785573 ] ] ] } },
{ "type": "Feature", "properties": { "zone_id": "ZONE_R16_C04", "row": 16, "col": 4, "flooded_area_km2": 0.0023, "agricultural_exposed_km2": 0.0012, "buildings_exposed_count": 0, "roads_exposed_km": 0.0, "total_buildings_count": 20, "total_roads_km": 1.629, "population_exposed_proxy": 0, "land_use_breakdown": { "Tree Cover": 0.0011, "Cropland": 0.0012 }, "locality_name": "West Highland & Catchment (Sector 16-4)", "priority_score": 0.35, "score_infra": 0.17284317885144021, "score_agri": 0.56224223892267444, "rank_infra": 107, "rank_agri": 102, "exposure_class": "LOW", "class_color": "#22c55e", "contributing_factors_json": { "flood_overlap_pct": 62.4, "building_exposure_pct": 0.0, "road_disruption_pct": 0.0, "population_proxy_pct": 0.0, "cropland_loss_pct": 37.6 }, "primary_reason": "0.00 km² cropland inundated (37.6% contribution); 0.00 km² standing flood (62.4% contribution)", "recommended_action": "Low exposure: Standard monitoring; maintain flood gate surveillance and culvert clearing.", "rank": 104 }, "geometry": { "type": "Polygon", "coordinates": [ [ [ 77.656665169340329, 8.676678204332784 ], [ 77.656728766015618, 8.685713663896058 ], [ 77.647648252053486, 8.685776871542947 ], [ 77.647584872126927, 8.676741345249962 ], [ 77.656665169340329, 8.676678204332784 ] ] ] } },
{ "type": "Feature", "properties": { "zone_id": "ZONE_R18_C08", "row": 18, "col": 8, "flooded_area_km2": 0.0037, "agricultural_exposed_km2": 0.0, "buildings_exposed_count": 0, "roads_exposed_km": 0.0, "total_buildings_count": 0, "total_roads_km": 0.9, "population_exposed_proxy": 0, "land_use_breakdown": { "Shrubland": 0.0016, "Grassland": 0.002, "Bare Soil": 0.0001 }, "locality_name": "Melapalayam & Drainage Plain (Sector 18-8)", "priority_score": 0.35, "score_infra": 0.2084115659031168, "score_agri": 0.347352609838528, "rank_infra": 105, "rank_agri": 110, "exposure_class": "LOW", "class_color": "#22c55e", "contributing_factors_json": { "flood_overlap_pct": 100.0, "building_exposure_pct": 0.0, "road_disruption_pct": 0.0, "population_proxy_pct": 0.0, "cropland_loss_pct": 0.0 }, "primary_reason": "0.00 km² standing flood (100.0% contribution)", "recommended_action": "Low exposure: Standard monitoring; maintain flood gate surveillance and culvert clearing.", "rank": 105 }, "geometry": { "type": "Polygon", "coordinates": [ [ [ 77.692856950412249, 8.658353090090767 ], [ 77.692921274690519, 8.667388289937687 ], [ 77.68384147025715, 8.667452225448171 ], [ 77.683777362227119, 8.658416957966582 ], [ 77.692856950412249, 8.658353090090767 ] ] ] } },
{ "type": "Feature", "properties": { "zone_id": "ZONE_R08_C11", "row": 8, "col": 11, "flooded_area_km2": 0.0022, "agricultural_exposed_km2": 0.0013, "buildings_exposed_count": 0, "roads_exposed_km": 0.0, "total_buildings_count": 0, "total_roads_km": 0.952, "population_exposed_proxy": 0, "land_use_breakdown": { "Tree Cover": 0.0008, "Cropland": 0.0013, "Built-up": 0.0001 }, "locality_name": "North Basin & Agricultural Belt (Sector 8-11)", "priority_score": 0.35, "score_infra": 0.17081793743453527, "score_agri": 0.5817143594086891, "rank_infra": 108, "rank_agri": 100, "exposure_class": "LOW", "class_color": "#22c55e", "contributing_factors_json": { "flood_overlap_pct": 59.5, "building_exposure_pct": 0.0, "road_disruption_pct": 0.0, "population_proxy_pct": 0.0, "cropland_loss_pct": 40.5 }, "primary_reason": "0.00 km² cropland inundated (40.5% contribution); 0.00 km² standing flood (59.5% contribution)", "recommended_action": "Low exposure: Standard monitoring; maintain flood gate surveillance and culvert clearing.", "rank": 106 }, "geometry": { "type": "Polygon", "coordinates": [ [ [ 77.720748192826065, 8.748509937564288 ], [ 77.720813869710298, 8.757544885451784 ], [ 77.711732099817354, 8.757610150219918 ], [ 77.711666641498965, 8.748575133983149 ], [ 77.720748192826065, 8.748509937564288 ] ] ] } },
{ "type": "Feature", "properties": { "zone_id": "ZONE_R11_C05", "row": 11, "col": 5, "flooded_area_km2": 0.0011, "agricultural_exposed_km2": 0.0, "buildings_exposed_count": 0, "roads_exposed_km": 0.04, "total_buildings_count": 1504, "total_roads_km": 15.801, "population_exposed_proxy": 0, "land_use_breakdown": { "Built-up": 0.0011 }, "locality_name": "West Highland & Catchment (Sector 11-5)", "priority_score": 0.33, "score_infra": 0.4640279724080692, "score_agri": 0.21814349986832129, "rank_infra": 88, "rank_agri": 116, "exposure_class": "LOW", "class_color": "#22c55e", "contributing_factors_json": { "flood_overlap_pct": 31.0, "building_exposure_pct": 0.0, "road_disruption_pct": 69.0, "population_proxy_pct": 0.0, "cropland_loss_pct": 0.0 }, "primary_reason": "0.04 km roads submerged (69.0% contribution); 0.00 km² standing flood (31.0% contribution)", "recommended_action": "Low exposure: Standard monitoring; maintain flood gate surveillance and culvert clearing.", "rank": 107 }, "geometry": { "type": "Polygon", "coordinates": [ [ [ 77.666065154645452, 8.721791763444882 ], [ 77.666129312969275, 8.730827132311592 ], [ 77.657047780521282, 8.730890890589544 ], [ 77.656983840109419, 8.721855454749948 ], [ 77.666065154645452, 8.721791763444882 ] ] ] } },
{ "type": "Feature", "properties": { "zone_id": "ZONE_R22_C14", "row": 22, "col": 14, "flooded_area_km2": 0.0016, "agricultural_exposed_km2": 0.0016, "buildings_exposed_count": 0, "roads_exposed_km": 0.0, "total_buildings_count": 0, "total_roads_km": 0.624, "population_exposed_proxy": 0, "land_use_breakdown": { "Cropland": 0.0016 }, "locality_name": "South Agricultural Basin (Sector 22-14)", "priority_score": 0.32, "score_infra": 0.14784397811059471, "score_agri": 0.61196699574469005, "rank_infra": 111, "rank_agri": 99, "exposure_class": "LOW", "class_color": "#22c55e", "contributing_factors_json": { "flood_overlap_pct": 46.5, "building_exposure_pct": 0.0, "road_disruption_pct": 0.0, "population_proxy_pct": 0.0, "cropland_loss_pct": 53.5 }, "primary_reason": "0.00 km² cropland inundated (53.5% contribution); 0.00 km² standing flood (46.5% contribution)", "recommended_action": "Low exposure: Standard monitoring; maintain flood gate surveillance and culvert clearing.", "rank": 108 }, "geometry": { "type": "Polygon", "coordinates": [ [ [ 77.747071232827821, 8.621826161890638 ], [ 77.747136570282024, 8.630860970124909 ], [ 77.73805805066236, 8.630925921390851 ], [ 77.737992928471272, 8.621891044168153 ], [ 77.747071232827821, 8.621826161890638 ] ] ] } },
{ "type": "Feature", "properties": { "zone_id": "ZONE_R17_C07", "row": 17, "col": 7, "flooded_area_km2": 0.0032, "agricultural_exposed_km2": 0.0, "buildings_exposed_count": 0, "roads_exposed_km": 0.001, "total_buildings_count": 0, "total_roads_km": 6.075, "population_exposed_proxy": 0, "land_use_breakdown": { "Built-up": 0.0032 }, "locality_name": "South Agricultural Basin (Sector 17-7)", "priority_score": 0.31, "score_infra": 0.19029953520956336, "score_agri": 0.3032849806623108, "rank_infra": 106, "rank_agri": 112, "exposure_class": "LOW", "class_color": "#22c55e", "contributing_factors_json": { "flood_overlap_pct": 98.1, "building_exposure_pct": 0.0, "road_disruption_pct": 1.9, "population_proxy_pct": 0.0, "cropland_loss_pct": 0.0 }, "primary_reason": "0.00 km roads submerged (1.9% contribution); 0.00 km² standing flood (98.1% contribution)", "recommended_action": "Low exposure: Standard monitoring; maintain flood gate surveillance and culvert clearing.", "rank": 109 }, "geometry": { "type": "Polygon", "coordinates": [ [ [ 77.68384147025715, 8.667452225448171 ], [ 77.683905647704748, 8.676487488195072 ], [ 77.674825557363405, 8.676551275797436 ], [ 77.674761596406242, 8.667515945640538 ], [ 77.68384147025715, 8.667452225448171 ] ] ] } },
{ "type": "Feature", "properties": { "zone_id": "ZONE_R16_C01", "row": 16, "col": 1, "flooded_area_km2": 0.0017, "agricultural_exposed_km2": 0.0014, "buildings_exposed_count": 0, "roads_exposed_km": 0.0, "total_buildings_count": 0, "total_roads_km": 2.558, "population_exposed_proxy": 0, "land_use_breakdown": { "Tree Cover": 0.0003, "Cropland": 0.0014 }, "locality_name": "West Highland & Catchment (Sector 16-1)", "priority_score": 0.31, "score_infra": 0.14626171591999607, "score_agri": 0.56363484639864669, "rank_infra": 112, "rank_agri": 101, "exposure_class": "LOW", "class_color": "#22c55e", "contributing_factors_json": { "flood_overlap_pct": 51.3, "building_exposure_pct": 0.0, "road_disruption_pct": 0.0, "population_proxy_pct": 0.0, "cropland_loss_pct": 48.7 }, "primary_reason": "0.00 km² cropland inundated (48.7% contribution); 0.00 km² standing flood (51.3% contribution)", "recommended_action": "Low exposure: Standard monitoring; maintain flood gate surveillance and culvert clearing.", "rank": 110 }, "geometry": { "type": "Polygon", "coordinates": [ [ [ 77.629424072467287, 8.676866980344014 ], [ 77.629487018872339, 8.685902639412982 ], [ 77.6204063001218, 8.685965199620473 ], [ 77.62034357048941, 8.676929474505249 ], [ 77.629424072467287, 8.676866980344014 ] ] ] } },
{ "type": "Feature", "properties": { "zone_id": "ZONE_R09_C10", "row": 9, "col": 10, "flooded_area_km2": 0.0014, "agricultural_exposed_km2": 0.0, "buildings_exposed_count": 0, "roads_exposed_km": 0.027, "total_buildings_count": 4, "total_roads_km": 18.533, "population_exposed_proxy": 0, "land_use_breakdown": { "Tree Cover": 0.0005, "Built-up": 0.0009 }, "locality_name": "Tirunelveli Urban Core (Sector 9-10)", "priority_score": 0.29, "score_infra": 0.35025417991093294, "score_agri": 0.20897235997026065, "rank_infra": 93, "rank_agri": 117, "exposure_class": "LOW", "class_color": "#22c55e", "contributing_factors_json": { "flood_overlap_pct": 45.9, "building_exposure_pct": 0.0, "road_disruption_pct": 54.1, "population_proxy_pct": 0.0, "cropland_loss_pct": 0.0 }, "primary_reason": "0.03 km roads submerged (54.1% contribution); 0.00 km² standing flood (45.9% contribution)", "recommended_action": "Low exposure: Standard monitoring; maintain flood gate surveillance and culvert clearing.", "rank": 111 }, "geometry": { "type": "Polygon", "coordinates": [ [ [ 77.71160125337444, 8.739540112958869 ], [ 77.711666641498965, 8.748575133983149 ], [ 77.702585019978017, 8.748640113057837 ], [ 77.702519850193269, 8.739605023915262 ], [ 77.71160125337444, 8.739540112958869 ] ] ] } },
{ "type": "Feature", "properties": { "zone_id": "ZONE_R19_C01", "row": 19, "col": 1, "flooded_area_km2": 0.0017, "agricultural_exposed_km2": 0.0011, "buildings_exposed_count": 0, "roads_exposed_km": 0.0, "total_buildings_count": 0, "total_roads_km": 0.071, "population_exposed_proxy": 0, "land_use_breakdown": { "Cropland": 0.0011, "Permanent Water": 0.0006 }, "locality_name": "South Agricultural Basin (Sector 19-1)", "priority_score": 0.28, "score_infra": 0.13543920509748522, "score_agri": 0.47705475981855999, "rank_infra": 113, "rank_agri": 106, "exposure_class": "LOW", "class_color": "#22c55e", "contributing_factors_json": { "flood_overlap_pct": 57.3, "building_exposure_pct": 0.0, "road_disruption_pct": 0.0, "population_proxy_pct": 0.0, "cropland_loss_pct": 42.7 }, "primary_reason": "0.00 km² cropland inundated (42.7% contribution); 0.00 km² standing flood (57.3% contribution)", "recommended_action": "Low exposure: Standard monitoring; maintain flood gate surveillance and culvert clearing.", "rank": 112 }, "geometry": { "type": "Polygon", "coordinates": [ [ [ 77.629235641344138, 8.649759974829387 ], [ 77.629298383711117, 8.658795648047411 ], [ 77.620218314576022, 8.658858010125201 ], [ 77.620155788279192, 8.649822270869977 ], [ 77.629235641344138, 8.649759974829387 ] ] ] } },
{ "type": "Feature", "properties": { "zone_id": "ZONE_R15_C05", "row": 15, "col": 5, "flooded_area_km2": 0.0027, "agricultural_exposed_km2": 0.0, "buildings_exposed_count": 0, "roads_exposed_km": 0.0, "total_buildings_count": 0, "total_roads_km": 2.978, "population_exposed_proxy": 0, "land_use_breakdown": { "Tree Cover": 0.0014, "Shrubland": 0.001, "Grassland": 0.0003 }, "locality_name": "West Highland & Catchment (Sector 15-5)", "priority_score": 0.25, "score_infra": 0.15208411565903118, "score_agri": 0.2534735260983853, "rank_infra": 110, "rank_agri": 115, "exposure_class": "LOW", "class_color": "#22c55e", "contributing_factors_json": { "flood_overlap_pct": 100.0, "building_exposure_pct": 0.0, "road_disruption_pct": 0.0, "population_proxy_pct": 0.0, "cropland_loss_pct": 0.0 }, "primary_reason": "0.00 km² standing flood (100.0% contribution)", "recommended_action": "Low exposure: Standard monitoring; maintain flood gate surveillance and culvert clearing.", "rank": 113 }, "geometry": { "type": "Polygon", "coordinates": [ [ [ 77.665809211246554, 8.685650240451746 ], [ 77.665873093627994, 8.694685628319338 ], [ 77.656792431422133, 8.69474911872423 ], [ 77.656728766015618, 8.685713663896058 ], [ 77.665809211246554, 8.685650240451746 ] ] ] } },
{ "type": "Feature", "properties": { "zone_id": "ZONE_R14_C07", "row": 14, "col": 7, "flooded_area_km2": 0.0012, "agricultural_exposed_km2": 0.0012, "buildings_exposed_count": 0, "roads_exposed_km": 0.0, "total_buildings_count": 0, "total_roads_km": 6.844, "population_exposed_proxy": 0, "land_use_breakdown": { "Cropland": 0.0012 }, "locality_name": "West Highland & Catchment (Sector 14-7)", "priority_score": 0.24, "score_infra": 0.11088298358294603, "score_agri": 0.45897524680851753, "rank_infra": 116, "rank_agri": 107, "exposure_class": "LOW", "class_color": "#22c55e", "contributing_factors_json": { "flood_overlap_pct": 46.5, "building_exposure_pct": 0.0, "road_disruption_pct": 0.0, "population_proxy_pct": 0.0, "cropland_loss_pct": 53.5 }, "primary_reason": "0.00 km² cropland inundated (53.5% contribution); 0.00 km² standing flood (46.5% contribution)", "recommended_action": "Low exposure: Standard monitoring; maintain flood gate surveillance and culvert clearing.", "rank": 114 }, "geometry": { "type": "Polygon", "coordinates": [ [ [ 77.684034210885045, 8.694557999465493 ], [ 77.684098596633973, 8.703593247979365 ], [ 77.675017855416328, 8.703657237830251 ], [ 77.674953686860363, 8.694621921897115 ], [ 77.684034210885045, 8.694557999465493 ] ] ] } },
{ "type": "Feature", "properties": { "zone_id": "ZONE_R11_C04", "row": 11, "col": 4, "flooded_area_km2": 0.0022, "agricultural_exposed_km2": 0.0, "buildings_exposed_count": 0, "roads_exposed_km": 0.0, "total_buildings_count": 784, "total_roads_km": 11.911, "population_exposed_proxy": 0, "land_use_breakdown": { "Shrubland": 0.0016, "Grassland": 0.0006 }, "locality_name": "West Highland & Catchment (Sector 11-4)", "priority_score": 0.21, "score_infra": 0.12392039053698838, "score_agri": 0.20653398422831398, "rank_infra": 114, "rank_agri": 118, "exposure_class": "LOW", "class_color": "#22c55e", "contributing_factors_json": { "flood_overlap_pct": 100.0, "building_exposure_pct": 0.0, "road_disruption_pct": 0.0, "population_proxy_pct": 0.0, "cropland_loss_pct": 0.0 }, "primary_reason": "0.00 km² standing flood (100.0% contribution)", "recommended_action": "Low exposure: Standard monitoring; maintain flood gate surveillance and culvert clearing.", "rank": 115 }, "geometry": { "type": "Polygon", "coordinates": [ [ [ 77.656983840109419, 8.721855454749948 ], [ 77.657047780521282, 8.730890890589544 ], [ 77.647966179301775, 8.730954431930904 ], [ 77.647902456809959, 8.721918929346277 ], [ 77.656983840109419, 8.721855454749948 ] ] ] } },
{ "type": "Feature", "properties": { "zone_id": "ZONE_R16_C05", "row": 16, "col": 5, "flooded_area_km2": 0.0021, "agricultural_exposed_km2": 0.0, "buildings_exposed_count": 0, "roads_exposed_km": 0.0, "total_buildings_count": 0, "total_roads_km": 0.0, "population_exposed_proxy": 0, "land_use_breakdown": { "Tree Cover": 0.0016, "Shrubland": 0.0005 }, "locality_name": "West Highland & Catchment (Sector 16-5)", "priority_score": 0.2, "score_infra": 0.11828764551257979, "score_agri": 0.19714607585429966, "rank_infra": 115, "rank_agri": 119, "exposure_class": "LOW", "class_color": "#22c55e", "contributing_factors_json": { "flood_overlap_pct": 100.0, "building_exposure_pct": 0.0, "road_disruption_pct": 0.0, "population_proxy_pct": 0.0, "cropland_loss_pct": 0.0 }, "primary_reason": "0.00 km² standing flood (100.0% contribution)", "recommended_action": "Low exposure: Standard monitoring; maintain flood gate surveillance and culvert clearing.", "rank": 116 }, "geometry": { "type": "Polygon", "coordinates": [ [ [ 77.665745397830548, 8.676614847845979 ], [ 77.665809211246554, 8.685650240451746 ], [ 77.656728766015618, 8.685713663896058 ], [ 77.656665169340329, 8.676678204332784 ], [ 77.665745397830548, 8.676614847845979 ] ] ] } },
{ "type": "Feature", "properties": { "zone_id": "ZONE_R16_C02", "row": 16, "col": 2, "flooded_area_km2": 0.001, "agricultural_exposed_km2": 0.001, "buildings_exposed_count": 0, "roads_exposed_km": 0.0, "total_buildings_count": 0, "total_roads_km": 0.856, "population_exposed_proxy": 0, "land_use_breakdown": { "Cropland": 0.001 }, "locality_name": "West Highland & Catchment (Sector 16-2)", "priority_score": 0.2, "score_infra": 0.092402486319121693, "score_agri": 0.38247937234043128, "rank_infra": 118, "rank_agri": 108, "exposure_class": "LOW", "class_color": "#22c55e", "contributing_factors_json": { "flood_overlap_pct": 46.5, "building_exposure_pct": 0.0, "road_disruption_pct": 0.0, "population_proxy_pct": 0.0, "cropland_loss_pct": 53.5 }, "primary_reason": "0.00 km² cropland inundated (53.5% contribution); 0.00 km² standing flood (46.5% contribution)", "recommended_action": "Low exposure: Standard monitoring; maintain flood gate surveillance and culvert clearing.", "rank": 117 }, "geometry": { "type": "Polygon", "coordinates": [ [ [ 77.638504506424525, 8.676804270589649 ], [ 77.638567669594309, 8.685839863384533 ], [ 77.629487018872339, 8.685902639412982 ], [ 77.629424072467287, 8.676866980344014 ], [ 77.638504506424525, 8.676804270589649 ] ] ] } },
{ "type": "Feature", "properties": { "zone_id": "ZONE_R06_C05", "row": 6, "col": 5, "flooded_area_km2": 0.0011, "agricultural_exposed_km2": 0.0008, "buildings_exposed_count": 0, "roads_exposed_km": 0.0, "total_buildings_count": 0, "total_roads_km": 1.832, "population_exposed_proxy": 0, "land_use_breakdown": { "Grassland": 0.0003, "Cropland": 0.0008 }, "locality_name": "North Basin & Agricultural Belt (Sector 6-5)", "priority_score": 0.19, "score_infra": 0.090820224128523044, "score_agri": 0.33414722299438787, "rank_infra": 119, "rank_agri": 111, "exposure_class": "LOW", "class_color": "#22c55e", "contributing_factors_json": { "flood_overlap_pct": 54.4, "building_exposure_pct": 0.0, "road_disruption_pct": 0.0, "population_proxy_pct": 0.0, "cropland_loss_pct": 45.6 }, "primary_reason": "0.00 km² cropland inundated (45.6% contribution); 0.00 km² standing flood (54.4% contribution)", "recommended_action": "Low exposure: Standard monitoring; maintain flood gate surveillance and culvert clearing.", "rank": 118 }, "geometry": { "type": "Polygon", "coordinates": [ [ [ 77.666386636404098, 8.766968560107632 ], [ 77.666451139838287, 8.776003905114861 ], [ 77.657368514314939, 8.776067998303576 ], [ 77.657304229964637, 8.767032586308005 ], [ 77.666386636404098, 8.766968560107632 ] ] ] } },
{ "type": "Feature", "properties": { "zone_id": "ZONE_R21_C18", "row": 21, "col": 18, "flooded_area_km2": 0.0017, "agricultural_exposed_km2": 0.0, "buildings_exposed_count": 0, "roads_exposed_km": 0.0, "total_buildings_count": 0, "total_roads_km": 1.21, "population_exposed_proxy": 0, "land_use_breakdown": { "Shrubland": 0.0017 }, "locality_name": "South Agricultural Basin (Sector 21-18)", "priority_score": 0.16, "score_infra": 0.095756665414945555, "score_agri": 0.15959444235824258, "rank_infra": 117, "rank_agri": 121, "exposure_class": "LOW", "class_color": "#22c55e", "contributing_factors_json": { "flood_overlap_pct": 100.0, "building_exposure_pct": 0.0, "road_disruption_pct": 0.0, "population_proxy_pct": 0.0, "cropland_loss_pct": 0.0 }, "primary_reason": "0.00 km² standing flood (100.0% contribution)", "recommended_action": "Low exposure: Standard monitoring; maintain flood gate surveillance and culvert clearing.", "rank": 119 }, "geometry": { "type": "Polygon", "coordinates": [ [ [ 77.783449936190621, 8.630599021631099 ], [ 77.783516206573438, 8.639633546885406 ], [ 77.774437756985762, 8.639699425409253 ], [ 77.774371702066858, 8.630664830252782 ], [ 77.783449936190621, 8.630599021631099 ] ] ] } },
{ "type": "Feature", "properties": { "zone_id": "ZONE_R19_C19", "row": 19, "col": 19, "flooded_area_km2": 0.0016, "agricultural_exposed_km2": 0.0, "buildings_exposed_count": 0, "roads_exposed_km": 0.0, "total_buildings_count": 0, "total_roads_km": 1.134, "population_exposed_proxy": 0, "land_use_breakdown": { "Shrubland": 0.0013, "Grassland": 0.0003 }, "locality_name": "South Agricultural Basin (Sector 19-19)", "priority_score": 0.15, "score_infra": 0.090123920390537002, "score_agri": 0.15020653398422834, "rank_infra": 120, "rank_agri": 122, "exposure_class": "LOW", "class_color": "#22c55e", "contributing_factors_json": { "flood_overlap_pct": 100.0, "building_exposure_pct": 0.0, "road_disruption_pct": 0.0, "population_proxy_pct": 0.0, "cropland_loss_pct": 0.0 }, "primary_reason": "0.00 km² standing flood (100.0% contribution)", "recommended_action": "Low exposure: Standard monitoring; maintain flood gate surveillance and culvert clearing.", "rank": 120 }, "geometry": { "type": "Polygon", "coordinates": [ [ [ 77.792661142233413, 8.648601904182053 ], [ 77.792727772482294, 8.657636349785948 ], [ 77.783648963248865, 8.657702583125117 ], [ 77.783582548923391, 8.648668067385037 ], [ 77.792661142233413, 8.648601904182053 ] ] ] } },
{ "type": "Feature", "properties": { "zone_id": "ZONE_R08_C10", "row": 8, "col": 10, "flooded_area_km2": 0.0016, "agricultural_exposed_km2": 0.0, "buildings_exposed_count": 0, "roads_exposed_km": 0.0, "total_buildings_count": 1, "total_roads_km": 10.625, "population_exposed_proxy": 0, "land_use_breakdown": { "Tree Cover": 0.0016 }, "locality_name": "North Basin & Agricultural Belt (Sector 8-10)", "priority_score": 0.15, "score_infra": 0.090123920390537002, "score_agri": 0.15020653398422834, "rank_infra": 120, "rank_agri": 122, "exposure_class": "LOW", "class_color": "#22c55e", "contributing_factors_json": { "flood_overlap_pct": 100.0, "building_exposure_pct": 0.0, "road_disruption_pct": 0.0, "population_proxy_pct": 0.0, "cropland_loss_pct": 0.0 }, "primary_reason": "0.00 km² standing flood (100.0% contribution)", "recommended_action": "Low exposure: Standard monitoring; maintain flood gate surveillance and culvert clearing.", "rank": 121 }, "geometry": { "type": "Polygon", "coordinates": [ [ [ 77.711666641498965, 8.748575133983149 ], [ 77.711732099817354, 8.757610150219918 ], [ 77.702650259722276, 8.757675197416043 ], [ 77.702585019978017, 8.748640113057837 ], [ 77.711666641498965, 8.748575133983149 ] ] ] } },
{ "type": "Feature", "properties": { "zone_id": "ZONE_R21_C17", "row": 21, "col": 17, "flooded_area_km2": 0.0007, "agricultural_exposed_km2": 0.0007, "buildings_exposed_count": 0, "roads_exposed_km": 0.0, "total_buildings_count": 0, "total_roads_km": 1.093, "population_exposed_proxy": 0, "land_use_breakdown": { "Cropland": 0.0007 }, "locality_name": "South Agricultural Basin (Sector 21-17)", "priority_score": 0.14, "score_infra": 0.064681740423385189, "score_agri": 0.26773556063830189, "rank_infra": 124, "rank_agri": 114, "exposure_class": "LOW", "class_color": "#22c55e", "contributing_factors_json": { "flood_overlap_pct": 46.5, "building_exposure_pct": 0.0, "road_disruption_pct": 0.0, "population_proxy_pct": 0.0, "cropland_loss_pct": 53.5 }, "primary_reason": "0.00 km² cropland inundated (53.5% contribution); 0.00 km² standing flood (46.5% contribution)", "recommended_action": "Low exposure: Standard monitoring; maintain flood gate surveillance and culvert clearing.", "rank": 122 }, "geometry": { "type": "Polygon", "coordinates": [ [ [ 77.774371702066858, 8.630664830252782 ], [ 77.774437756985762, 8.639699425409253 ], [ 77.765359235664889, 8.63976508937875 ], [ 77.765293396218212, 8.63073042454775 ], [ 77.774371702066858, 8.630664830252782 ] ] ] } },
{ "type": "Feature", "properties": { "zone_id": "ZONE_R09_C04", "row": 9, "col": 4, "flooded_area_km2": 0.0015, "agricultural_exposed_km2": 0.0, "buildings_exposed_count": 0, "roads_exposed_km": 0.0, "total_buildings_count": 0, "total_roads_km": 3.903, "population_exposed_proxy": 0, "land_use_breakdown": { "Tree Cover": 0.0015 }, "locality_name": "West Highland & Catchment (Sector 9-4)", "priority_score": 0.14, "score_infra": 0.084491175366128435, "score_agri": 0.14081862561021408, "rank_infra": 122, "rank_agri": 124, "exposure_class": "LOW", "class_color": "#22c55e", "contributing_factors_json": { "flood_overlap_pct": 100.0, "building_exposure_pct": 0.0, "road_disruption_pct": 0.0, "population_proxy_pct": 0.0, "cropland_loss_pct": 0.0 }, "primary_reason": "0.00 km² standing flood (100.0% contribution)", "recommended_action": "Low exposure: Standard monitoring; maintain flood gate surveillance and culvert clearing.", "rank": 123 }, "geometry": { "type": "Polygon", "coordinates": [ [ [ 77.657111789704643, 8.739926321669955 ], [ 77.657175867667604, 8.748961747986382 ], [ 77.648093829904951, 8.749025422827039 ], [ 77.648029970330754, 8.739989929759428 ], [ 77.657111789704643, 8.739926321669955 ] ] ] } },
{ "type": "Feature", "properties": { "zone_id": "ZONE_R17_C10", "row": 17, "col": 10, "flooded_area_km2": 0.0012, "agricultural_exposed_km2": 0.0, "buildings_exposed_count": 0, "roads_exposed_km": 0.0, "total_buildings_count": 0, "total_roads_km": 3.555, "population_exposed_proxy": 0, "land_use_breakdown": { "Grassland": 0.0012 }, "locality_name": "Melapalayam & Drainage Plain (Sector 17-10)", "priority_score": 0.11, "score_infra": 0.067592940292902748, "score_agri": 0.11265490048817123, "rank_infra": 123, "rank_agri": 125, "exposure_class": "LOW", "class_color": "#22c55e", "contributing_factors_json": { "flood_overlap_pct": 100.0, "building_exposure_pct": 0.0, "road_disruption_pct": 0.0, "population_proxy_pct": 0.0, "cropland_loss_pct": 0.0 }, "primary_reason": "0.00 km² standing flood (100.0% contribution)", "recommended_action": "Low exposure: Standard monitoring; maintain flood gate surveillance and culvert clearing.", "rank": 124 }, "geometry": { "type": "Polygon", "coordinates": [ [ [ 77.711080674368105, 8.667259772994235 ], [ 77.711145501238278, 8.67629483214459 ], [ 77.702065619876322, 8.676359266360665 ], [ 77.702001009472184, 8.667324139117047 ], [ 77.711080674368105, 8.667259772994235 ] ] ] } },
{ "type": "Feature", "properties": { "zone_id": "ZONE_R14_C20", "row": 14, "col": 20, "flooded_area_km2": 0.0011, "agricultural_exposed_km2": 0.0, "buildings_exposed_count": 0, "roads_exposed_km": 0.0, "total_buildings_count": 0, "total_roads_km": 2.663, "population_exposed_proxy": 0, "land_use_breakdown": { "Grassland": 0.0011 }, "locality_name": "East Thamirabarani Basin (Sector 14-20)", "priority_score": 0.1, "score_infra": 0.061960195268494188, "score_agri": 0.10326699211415699, "rank_infra": 125, "rank_agri": 126, "exposure_class": "LOW", "class_color": "#22c55e", "contributing_factors_json": { "flood_overlap_pct": 100.0, "building_exposure_pct": 0.0, "road_disruption_pct": 0.0, "population_proxy_pct": 0.0, "cropland_loss_pct": 0.0 }, "primary_reason": "0.00 km² standing flood (100.0% contribution)", "recommended_action": "Low exposure: Standard monitoring; maintain flood gate surveillance and culvert clearing.", "rank": 125 }, "geometry": { "type": "Polygon", "coordinates": [ [ [ 77.802074618756436, 8.693707354656894 ], [ 77.802141827264123, 8.702741705994118 ], [ 77.793062007163357, 8.70280850619385 ], [ 77.792995015740829, 8.693774084476706 ], [ 77.802074618756436, 8.693707354656894 ] ] ] } },
{ "type": "Feature", "properties": { "zone_id": "ZONE_R09_C02", "row": 9, "col": 2, "flooded_area_km2": 0.0005, "agricultural_exposed_km2": 0.0005, "buildings_exposed_count": 0, "roads_exposed_km": 0.0, "total_buildings_count": 0, "total_roads_km": 1.544, "population_exposed_proxy": 0, "land_use_breakdown": { "Cropland": 0.0005 }, "locality_name": "West Highland & Catchment (Sector 9-2)", "priority_score": 0.1, "score_infra": 0.046201243159560847, "score_agri": 0.19123968617021564, "rank_infra": 127, "rank_agri": 120, "exposure_class": "LOW", "class_color": "#22c55e", "contributing_factors_json": { "flood_overlap_pct": 46.5, "building_exposure_pct": 0.0, "road_disruption_pct": 0.0, "population_proxy_pct": 0.0, "cropland_loss_pct": 53.5 }, "primary_reason": "0.00 km² cropland inundated (53.5% contribution); 0.00 km² standing flood (46.5% contribution)", "recommended_action": "Low exposure: Standard monitoring; maintain flood gate surveillance and culvert clearing.", "rank": 126 }, "geometry": { "type": "Polygon", "coordinates": [ [ [ 77.638948082411645, 8.74005332067653 ], [ 77.639011723589036, 8.749088880267442 ], [ 77.629929548954237, 8.749152120299691 ], [ 77.62986612618171, 8.740116494413366 ], [ 77.638948082411645, 8.74005332067653 ] ] ] } },
{ "type": "Feature", "properties": { "zone_id": "ZONE_R22_C13", "row": 22, "col": 13, "flooded_area_km2": 0.001, "agricultural_exposed_km2": 0.0, "buildings_exposed_count": 0, "roads_exposed_km": 0.0, "total_buildings_count": 0, "total_roads_km": 1.195, "population_exposed_proxy": 0, "land_use_breakdown": { "Shrubland": 0.001 }, "locality_name": "South Agricultural Basin (Sector 22-13)", "priority_score": 0.09, "score_infra": 0.056327450244085614, "score_agri": 0.093879083740142713, "rank_infra": 126, "rank_agri": 127, "exposure_class": "LOW", "class_color": "#22c55e", "contributing_factors_json": { "flood_overlap_pct": 100.0, "building_exposure_pct": 0.0, "road_disruption_pct": 0.0, "population_proxy_pct": 0.0, "cropland_loss_pct": 0.0 }, "primary_reason": "0.00 km² standing flood (100.0% contribution)", "recommended_action": "Low exposure: Standard monitoring; maintain flood gate surveillance and culvert clearing.", "rank": 127 }, "geometry": { "type": "Polygon", "coordinates": [ [ [ 77.737992928471272, 8.621891044168153 ], [ 77.73805805066236, 8.630925921390851 ], [ 77.728979460253555, 8.630990658297581 ], [ 77.728914553333823, 8.621955712314117 ], [ 77.737992928471272, 8.621891044168153 ] ] ] } },
{ "type": "Feature", "properties": { "zone_id": "ZONE_R15_C07", "row": 15, "col": 7, "flooded_area_km2": 0.0008, "agricultural_exposed_km2": 0.0, "buildings_exposed_count": 0, "roads_exposed_km": 0.0, "total_buildings_count": 1, "total_roads_km": 0.911, "population_exposed_proxy": 0, "land_use_breakdown": { "Shrubland": 0.0008 }, "locality_name": "West Highland & Catchment (Sector 15-7)", "priority_score": 0.08, "score_infra": 0.045061960195268501, "score_agri": 0.07510326699211417, "rank_infra": 128, "rank_agri": 128, "exposure_class": "LOW", "class_color": "#22c55e", "contributing_factors_json": { "flood_overlap_pct": 100.0, "building_exposure_pct": 0.0, "road_disruption_pct": 0.0, "population_proxy_pct": 0.0, "cropland_loss_pct": 0.0 }, "primary_reason": "0.00 km² standing flood (100.0% contribution)", "recommended_action": "Low exposure: Standard monitoring; maintain flood gate surveillance and culvert clearing.", "rank": 128 }, "geometry": { "type": "Polygon", "coordinates": [ [ [ 77.683969894578013, 8.685522746202453 ], [ 77.684034210885045, 8.694557999465493 ], [ 77.674953686860363, 8.694621921897115 ], [ 77.674889587512084, 8.685586601217903 ], [ 77.683969894578013, 8.685522746202453 ] ] ] } },
{ "type": "Feature", "properties": { "zone_id": "ZONE_R16_C10", "row": 16, "col": 10, "flooded_area_km2": 0.0007, "agricultural_exposed_km2": 0.0, "buildings_exposed_count": 0, "roads_exposed_km": 0.0, "total_buildings_count": 3, "total_roads_km": 4.159, "population_exposed_proxy": 0, "land_use_breakdown": { "Grassland": 0.0007 }, "locality_name": "Melapalayam & Drainage Plain (Sector 16-10)", "priority_score": 0.07, "score_infra": 0.039429215170859934, "score_agri": 0.065715358618099892, "rank_infra": 129, "rank_agri": 129, "exposure_class": "LOW", "class_color": "#22c55e", "contributing_factors_json": { "flood_overlap_pct": 100.0, "building_exposure_pct": 0.0, "road_disruption_pct": 0.0, "population_proxy_pct": 0.0, "cropland_loss_pct": 0.0 }, "primary_reason": "0.00 km² standing flood (100.0% contribution)", "recommended_action": "Low exposure: Standard monitoring; maintain flood gate surveillance and culvert clearing.", "rank": 129 }, "geometry": { "type": "Polygon", "coordinates": [ [ [ 77.711145501238278, 8.67629483214459 ], [ 77.711210398236503, 8.685329886546105 ], [ 77.702130300174389, 8.685394388858562 ], [ 77.702065619876322, 8.676359266360665 ], [ 77.711145501238278, 8.67629483214459 ] ] ] } },
{ "type": "Feature", "properties": { "zone_id": "ZONE_R23_C13", "row": 23, "col": 13, "flooded_area_km2": 0.0003, "agricultural_exposed_km2": 0.0, "buildings_exposed_count": 0, "roads_exposed_km": 0.0, "total_buildings_count": 0, "total_roads_km": 0.0, "population_exposed_proxy": 0, "land_use_breakdown": { "Shrubland": 0.0003 }, "locality_name": "South Agricultural Basin (Sector 23-13)", "priority_score": 0.03, "score_infra": 0.016898235073225687, "score_agri": 0.028163725122042807, "rank_infra": 130, "rank_agri": 130, "exposure_class": "LOW", "class_color": "#22c55e", "contributing_factors_json": { "flood_overlap_pct": 100.0, "building_exposure_pct": 0.0, "road_disruption_pct": 0.0, "population_proxy_pct": 0.0, "cropland_loss_pct": 0.0 }, "primary_reason": "0.00 km² standing flood (100.0% contribution)", "recommended_action": "Low exposure: Standard monitoring; maintain flood gate surveillance and culvert clearing.", "rank": 130 }, "geometry": { "type": "Polygon", "coordinates": [ [ [ 77.737972754964488, 8.619090231268636 ], [ 77.737992928471272, 8.621891044168153 ], [ 77.728914553333823, 8.621955712314117 ], [ 77.728894446513664, 8.619154878099396 ], [ 77.737972754964488, 8.619090231268636 ] ] ] } },
{ "type": "Feature", "properties": { "zone_id": "ZONE_R19_C20", "row": 19, "col": 20, "flooded_area_km2": 0.0002, "agricultural_exposed_km2": 0.0, "buildings_exposed_count": 0, "roads_exposed_km": 0.0, "total_buildings_count": 0, "total_roads_km": 1.456, "population_exposed_proxy": 0, "land_use_breakdown": { "Shrubland": 0.0001, "Grassland": 0.0001 }, "locality_name": "South Agricultural Basin (Sector 19-20)", "priority_score": 0.02, "score_infra": 0.011265490048817125, "score_agri": 0.018775816748028543, "rank_infra": 131, "rank_agri": 131, "exposure_class": "LOW", "class_color": "#22c55e", "contributing_factors_json": { "flood_overlap_pct": 100.0, "building_exposure_pct": 0.0, "road_disruption_pct": 0.0, "population_proxy_pct": 0.0, "cropland_loss_pct": 0.0 }, "primary_reason": "0.00 km² standing flood (100.0% contribution)", "recommended_action": "Low exposure: Standard monitoring; maintain flood gate surveillance and culvert clearing.", "rank": 131 }, "geometry": { "type": "Polygon", "coordinates": [ [ [ 77.801739663333947, 8.648535526213516 ], [ 77.801806509497865, 8.657569901453593 ], [ 77.792727772482294, 8.657636349785948 ], [ 77.792661142233413, 8.648601904182053 ], [ 77.801739663333947, 8.648535526213516 ] ] ] } },
{ "type": "Feature", "properties": { "zone_id": "ZONE_R11_C06", "row": 11, "col": 6, "flooded_area_km2": 0.0001, "agricultural_exposed_km2": 0.0, "buildings_exposed_count": 0, "roads_exposed_km": 0.0, "total_buildings_count": 505, "total_roads_km": 8.19, "population_exposed_proxy": 0, "land_use_breakdown": { "Built-up": 0.0001 }, "locality_name": "West Highland & Catchment (Sector 11-6)", "priority_score": 0.01, "score_infra": 0.0056327450244085626, "score_agri": 0.0093879083740142713, "rank_infra": 132, "rank_agri": 132, "exposure_class": "LOW", "class_color": "#22c55e", "contributing_factors_json": { "flood_overlap_pct": 100.0, "building_exposure_pct": 0.0, "road_disruption_pct": 0.0, "population_proxy_pct": 0.0, "cropland_loss_pct": 0.0 }, "primary_reason": "0.00 km² standing flood (100.0% contribution)", "recommended_action": "Low exposure: Standard monitoring; maintain flood gate surveillance and culvert clearing.", "rank": 132 }, "geometry": { "type": "Polygon", "coordinates": [ [ [ 77.675146400183763, 8.721727855439013 ], [ 77.675210776411461, 8.730763157104999 ], [ 77.666129312969275, 8.730827132311592 ], [ 77.666065154645452, 8.721791763444882 ], [ 77.675146400183763, 8.721727855439013 ] ] ] } },
{ "type": "Feature", "properties": { "zone_id": "ZONE_R23_C02", "row": 23, "col": 2, "flooded_area_km2": 0.0, "agricultural_exposed_km2": 0.0, "buildings_exposed_count": 0, "roads_exposed_km": 0.0, "total_buildings_count": 0, "total_roads_km": 0.881, "population_exposed_proxy": 0, "land_use_breakdown": { }, "locality_name": "South Agricultural Basin (Sector 23-2)", "priority_score": 0.0, "score_infra": 0.0, "score_agri": 0.0, "rank_infra": 133, "rank_agri": 133, "exposure_class": "LOW", "class_color": "#22c55e", "contributing_factors_json": { "flood_overlap_pct": 0.0, "building_exposure_pct": 0.0, "road_disruption_pct": 0.0, "population_proxy_pct": 0.0, "cropland_loss_pct": 0.0 }, "primary_reason": "Zero flood exposure detected in current satellite pass.", "recommended_action": "Low exposure: Standard monitoring; maintain flood gate surveillance and culvert clearing.", "rank": 133 }, "geometry": { "type": "Polygon", "coordinates": [ [ [ 77.638107520662814, 8.619789571295962 ], [ 77.638126960478616, 8.622590614780625 ], [ 77.629047822192618, 8.622652926954089 ], [ 77.629028449090896, 8.619851862930702 ], [ 77.638107520662814, 8.619789571295962 ] ] ] } },
{ "type": "Feature", "properties": { "zone_id": "ZONE_R23_C15", "row": 23, "col": 15, "flooded_area_km2": 0.0, "agricultural_exposed_km2": 0.0, "buildings_exposed_count": 0, "roads_exposed_km": 0.0, "total_buildings_count": 0, "total_roads_km": 0.0, "population_exposed_proxy": 0, "land_use_breakdown": { }, "locality_name": "South Agricultural Basin (Sector 23-15)", "priority_score": 0.0, "score_infra": 0.0, "score_agri": 0.0, "rank_infra": 133, "rank_agri": 133, "exposure_class": "LOW", "class_color": "#22c55e", "contributing_factors_json": { "flood_overlap_pct": 0.0, "building_exposure_pct": 0.0, "road_disruption_pct": 0.0, "population_proxy_pct": 0.0, "cropland_loss_pct": 0.0 }, "primary_reason": "Zero flood exposure detected in current satellite pass.", "recommended_action": "Low exposure: Standard monitoring; maintain flood gate surveillance and culvert clearing.", "rank": 134 }, "geometry": { "type": "Polygon", "coordinates": [ [ [ 77.756129159297132, 8.618960295432252 ], [ 77.756149466169518, 8.621761065489649 ], [ 77.747071232827821, 8.621826161890638 ], [ 77.747050992636957, 8.6190253703769 ], [ 77.756129159297132, 8.618960295432252 ] ] ] } },
{ "type": "Feature", "properties": { "zone_id": "ZONE_R22_C07", "row": 22, "col": 7, "flooded_area_km2": 0.0, "agricultural_exposed_km2": 0.0, "buildings_exposed_count": 0, "roads_exposed_km": 0.0, "total_buildings_count": 0, "total_roads_km": 0.104, "population_exposed_proxy": 0, "land_use_breakdown": { }, "locality_name": "South Agricultural Basin (Sector 22-7)", "priority_score": 0.0, "score_infra": 0.0, "score_agri": 0.0, "rank_infra": 133, "rank_agri": 133, "exposure_class": "LOW", "class_color": "#22c55e", "contributing_factors_json": { "flood_overlap_pct": 0.0, "building_exposure_pct": 0.0, "road_disruption_pct": 0.0, "population_proxy_pct": 0.0, "cropland_loss_pct": 0.0 }, "primary_reason": "Zero flood exposure detected in current satellite pass.", "recommended_action": "Low exposure: Standard monitoring; maintain flood gate surveillance and culvert clearing.", "rank": 135 }, "geometry": { "type": "Polygon", "coordinates": [ [ [ 77.683521624120843, 8.62227584078984 ], [ 77.683585454561467, 8.631311127161927 ], [ 77.674506444331328, 8.631374577745092 ], [ 77.67444282921079, 8.622339223978381 ], [ 77.683521624120843, 8.62227584078984 ] ] ] } },
{ "type": "Feature", "properties": { "zone_id": "ZONE_R23_C09", "row": 23, "col": 9, "flooded_area_km2": 0.0, "agricultural_exposed_km2": 0.0, "buildings_exposed_count": 0, "roads_exposed_km": 0.0, "total_buildings_count": 0, "total_roads_km": 0.356, "population_exposed_proxy": 0, "land_use_breakdown": { }, "locality_name": "South Agricultural Basin (Sector 23-9)", "priority_score": 0.0, "score_infra": 0.0, "score_agri": 0.0, "rank_infra": 133, "rank_agri": 133, "exposure_class": "LOW", "class_color": "#22c55e", "contributing_factors_json": { "flood_overlap_pct": 0.0, "building_exposure_pct": 0.0, "road_disruption_pct": 0.0, "population_proxy_pct": 0.0, "cropland_loss_pct": 0.0 }, "primary_reason": "Zero flood exposure detected in current satellite pass.", "recommended_action": "Low exposure: Standard monitoring; maintain flood gate surveillance and culvert clearing.", "rank": 136 }, "geometry": { "type": "Polygon", "coordinates": [ [ [ 77.701659098830248, 8.619347534145462 ], [ 77.701679005575372, 8.622148431882326 ], [ 77.692600349653688, 8.622212243421851 ], [ 77.692580509605293, 8.6194113246521 ], [ 77.701659098830248, 8.619347534145462 ] ] ] } },
{ "type": "Feature", "properties": { "zone_id": "ZONE_R15_C18", "row": 15, "col": 18, "flooded_area_km2": 0.0, "agricultural_exposed_km2": 0.0, "buildings_exposed_count": 0, "roads_exposed_km": 0.0, "total_buildings_count": 0, "total_roads_km": 1.553, "population_exposed_proxy": 0, "land_use_breakdown": { }, "locality_name": "Palayamkottai & South Canal (Sector 15-18)", "priority_score": 0.0, "score_infra": 0.0, "score_agri": 0.0, "rank_infra": 133, "rank_agri": 133, "exposure_class": "LOW", "class_color": "#22c55e", "contributing_factors_json": { "flood_overlap_pct": 0.0, "building_exposure_pct": 0.0, "road_disruption_pct": 0.0, "population_proxy_pct": 0.0, "cropland_loss_pct": 0.0 }, "primary_reason": "Zero flood exposure detected in current satellite pass.", "recommended_action": "Low exposure: Standard monitoring; maintain flood gate surveillance and culvert clearing.", "rank": 137 }, "geometry": { "type": "Polygon", "coordinates": [ [ [ 77.783848638162183, 8.684806101739426 ], [ 77.783915340473598, 8.69384059839267 ], [ 77.774835593188868, 8.693906896396511 ], [ 77.774769107745385, 8.684872329821937 ], [ 77.783848638162183, 8.684806101739426 ] ] ] } },
{ "type": "Feature", "properties": { "zone_id": "ZONE_R15_C19", "row": 15, "col": 19, "flooded_area_km2": 0.0, "agricultural_exposed_km2": 0.0, "buildings_exposed_count": 0, "roads_exposed_km": 0.0, "total_buildings_count": 0, "total_roads_km": 6.953, "population_exposed_proxy": 0, "land_use_breakdown": { }, "locality_name": "East Thamirabarani Basin (Sector 15-19)", "priority_score": 0.0, "score_infra": 0.0, "score_agri": 0.0, "rank_infra": 133, "rank_agri": 133, "exposure_class": "LOW", "class_color": "#22c55e", "contributing_factors_json": { "flood_overlap_pct": 0.0, "building_exposure_pct": 0.0, "road_disruption_pct": 0.0, "population_proxy_pct": 0.0, "cropland_loss_pct": 0.0 }, "primary_reason": "Zero flood exposure detected in current satellite pass.", "recommended_action": "Low exposure: Standard monitoring; maintain flood gate surveillance and culvert clearing.", "rank": 138 }, "geometry": { "type": "Polygon", "coordinates": [ [ [ 77.792928096569895, 8.684739657972479 ], [ 77.792995015740829, 8.693774084476706 ], [ 77.783915340473598, 8.69384059839267 ], [ 77.783848638162183, 8.684806101739426 ], [ 77.792928096569895, 8.684739657972479 ] ] ] } },
{ "type": "Feature", "properties": { "zone_id": "ZONE_R15_C20", "row": 15, "col": 20, "flooded_area_km2": 0.0, "agricultural_exposed_km2": 0.0, "buildings_exposed_count": 0, "roads_exposed_km": 0.0, "total_buildings_count": 0, "total_roads_km": 5.143, "population_exposed_proxy": 0, "land_use_breakdown": { }, "locality_name": "East Thamirabarani Basin (Sector 15-20)", "priority_score": 0.0, "score_infra": 0.0, "score_agri": 0.0, "rank_infra": 133, "rank_agri": 133, "exposure_class": "LOW", "class_color": "#22c55e", "contributing_factors_json": { "flood_overlap_pct": 0.0, "building_exposure_pct": 0.0, "road_disruption_pct": 0.0, "population_proxy_pct": 0.0, "cropland_loss_pct": 0.0 }, "primary_reason": "Zero flood exposure detected in current satellite pass.", "recommended_action": "Low exposure: Standard monitoring; maintain flood gate surveillance and culvert clearing.", "rank": 139 }, "geometry": { "type": "Polygon", "coordinates": [ [ [ 77.802007482734439, 8.684672998529363 ], [ 77.802074618756436, 8.693707354656894 ], [ 77.792995015740829, 8.693774084476706 ], [ 77.792928096569895, 8.684739657972479 ], [ 77.802007482734439, 8.684672998529363 ] ] ] } },
{ "type": "Feature", "properties": { "zone_id": "ZONE_R15_C21", "row": 15, "col": 21, "flooded_area_km2": 0.0, "agricultural_exposed_km2": 0.0, "buildings_exposed_count": 0, "roads_exposed_km": 0.0, "total_buildings_count": 2, "total_roads_km": 3.988, "population_exposed_proxy": 0, "land_use_breakdown": { }, "locality_name": "East Thamirabarani Basin (Sector 15-21)", "priority_score": 0.0, "score_infra": 0.0, "score_agri": 0.0, "rank_infra": 133, "rank_agri": 133, "exposure_class": "LOW", "class_color": "#22c55e", "contributing_factors_json": { "flood_overlap_pct": 0.0, "building_exposure_pct": 0.0, "road_disruption_pct": 0.0, "population_proxy_pct": 0.0, "cropland_loss_pct": 0.0 }, "primary_reason": "Zero flood exposure detected in current satellite pass.", "recommended_action": "Low exposure: Standard monitoring; maintain flood gate surveillance and culvert clearing.", "rank": 140 }, "geometry": { "type": "Polygon", "coordinates": [ [ [ 77.81108679642179, 8.684606123418378 ], [ 77.811154149286367, 8.693640408941549 ], [ 77.802074618756436, 8.693707354656894 ], [ 77.802007482734439, 8.684672998529363 ], [ 77.81108679642179, 8.684606123418378 ] ] ] } },
{ "type": "Feature", "properties": { "zone_id": "ZONE_R15_C22", "row": 15, "col": 22, "flooded_area_km2": 0.0, "agricultural_exposed_km2": 0.0, "buildings_exposed_count": 0, "roads_exposed_km": 0.0, "total_buildings_count": 0, "total_roads_km": 4.091, "population_exposed_proxy": 0, "land_use_breakdown": { }, "locality_name": "East Thamirabarani Basin (Sector 15-22)", "priority_score": 0.0, "score_infra": 0.0, "score_agri": 0.0, "rank_infra": 133, "rank_agri": 133, "exposure_class": "LOW", "class_color": "#22c55e", "contributing_factors_json": { "flood_overlap_pct": 0.0, "building_exposure_pct": 0.0, "road_disruption_pct": 0.0, "population_proxy_pct": 0.0, "cropland_loss_pct": 0.0 }, "primary_reason": "Zero flood exposure detected in current satellite pass.", "recommended_action": "Low exposure: Standard monitoring; maintain flood gate surveillance and culvert clearing.", "rank": 141 }, "geometry": { "type": "Polygon", "coordinates": [ [ [ 77.818985740191039, 8.684547766643275 ], [ 77.819053281701784, 8.693581990555451 ], [ 77.811154149286367, 8.693640408941549 ], [ 77.81108679642179, 8.684606123418378 ], [ 77.818985740191039, 8.684547766643275 ] ] ] } },
{ "type": "Feature", "properties": { "zone_id": "ZONE_R23_C10", "row": 23, "col": 10, "flooded_area_km2": 0.0, "agricultural_exposed_km2": 0.0, "buildings_exposed_count": 0, "roads_exposed_km": 0.0, "total_buildings_count": 0, "total_roads_km": 0.465, "population_exposed_proxy": 0, "land_use_breakdown": { }, "locality_name": "South Agricultural Basin (Sector 23-10)", "priority_score": 0.0, "score_infra": 0.0, "score_agri": 0.0, "rank_infra": 133, "rank_agri": 133, "exposure_class": "LOW", "class_color": "#22c55e", "contributing_factors_json": { "flood_overlap_pct": 0.0, "building_exposure_pct": 0.0, "road_disruption_pct": 0.0, "population_proxy_pct": 0.0, "cropland_loss_pct": 0.0 }, "primary_reason": "Zero flood exposure detected in current satellite pass.", "recommended_action": "Low exposure: Standard monitoring; maintain flood gate surveillance and culvert clearing.", "rank": 142 }, "geometry": { "type": "Polygon", "coordinates": [ [ [ 77.710737618212605, 8.619283529545813 ], [ 77.710757591651941, 8.622084406179212 ], [ 77.701679005575372, 8.622148431882326 ], [ 77.701659098830248, 8.619347534145462 ], [ 77.710737618212605, 8.619283529545813 ] ] ] } },
{ "type": "Feature", "properties": { "zone_id": "ZONE_R23_C11", "row": 23, "col": 11, "flooded_area_km2": 0.0, "agricultural_exposed_km2": 0.0, "buildings_exposed_count": 0, "roads_exposed_km": 0.0, "total_buildings_count": 0, "total_roads_km": 0.144, "population_exposed_proxy": 0, "land_use_breakdown": { }, "locality_name": "South Agricultural Basin (Sector 23-11)", "priority_score": 0.0, "score_infra": 0.0, "score_agri": 0.0, "rank_infra": 133, "rank_agri": 133, "exposure_class": "LOW", "class_color": "#22c55e", "contributing_factors_json": { "flood_overlap_pct": 0.0, "building_exposure_pct": 0.0, "road_disruption_pct": 0.0, "population_proxy_pct": 0.0, "cropland_loss_pct": 0.0 }, "primary_reason": "Zero flood exposure detected in current satellite pass.", "recommended_action": "Low exposure: Standard monitoring; maintain flood gate surveillance and culvert clearing.", "rank": 143 }, "geometry": { "type": "Polygon", "coordinates": [ [ [ 77.719816067518394, 8.61921931086113 ], [ 77.7198361076494, 8.622020166320478 ], [ 77.710757591651941, 8.622084406179212 ], [ 77.710737618212605, 8.619283529545813 ], [ 77.719816067518394, 8.61921931086113 ] ] ] } },
{ "type": "Feature", "properties": { "zone_id": "ZONE_R22_C06", "row": 22, "col": 6, "flooded_area_km2": 0.0, "agricultural_exposed_km2": 0.0, "buildings_exposed_count": 0, "roads_exposed_km": 0.0, "total_buildings_count": 0, "total_roads_km": 0.406, "population_exposed_proxy": 0, "land_use_breakdown": { }, "locality_name": "South Agricultural Basin (Sector 22-6)", "priority_score": 0.0, "score_infra": 0.0, "score_agri": 0.0, "rank_infra": 133, "rank_agri": 133, "exposure_class": "LOW", "class_color": "#22c55e", "contributing_factors_json": { "flood_overlap_pct": 0.0, "building_exposure_pct": 0.0, "road_disruption_pct": 0.0, "population_proxy_pct": 0.0, "cropland_loss_pct": 0.0 }, "primary_reason": "Zero flood exposure detected in current satellite pass.", "recommended_action": "Low exposure: Standard monitoring; maintain flood gate surveillance and culvert clearing.", "rank": 144 }, "geometry": { "type": "Polygon", "coordinates": [ [ [ 77.67444282921079, 8.622339223978381 ], [ 77.674506444331328, 8.631374577745092 ], [ 77.665427364949977, 8.631437813913189 ], [ 77.665363965157553, 8.622402392979577 ], [ 77.67444282921079, 8.622339223978381 ] ] ] } },
{ "type": "Feature", "properties": { "zone_id": "ZONE_R23_C12", "row": 23, "col": 12, "flooded_area_km2": 0.0, "agricultural_exposed_km2": 0.0, "buildings_exposed_count": 0, "roads_exposed_km": 0.0, "total_buildings_count": 0, "total_roads_km": 0.525, "population_exposed_proxy": 0, "land_use_breakdown": { }, "locality_name": "South Agricultural Basin (Sector 23-12)", "priority_score": 0.0, "score_infra": 0.0, "score_agri": 0.0, "rank_infra": 133, "rank_agri": 133, "exposure_class": "LOW", "class_color": "#22c55e", "contributing_factors_json": { "flood_overlap_pct": 0.0, "building_exposure_pct": 0.0, "road_disruption_pct": 0.0, "population_proxy_pct": 0.0, "cropland_loss_pct": 0.0 }, "primary_reason": "Zero flood exposure detected in current satellite pass.", "recommended_action": "Low exposure: Standard monitoring; maintain flood gate surveillance and culvert clearing.", "rank": 145 }, "geometry": { "type": "Polygon", "coordinates": [ [ [ 77.728894446513664, 8.619154878099396 ], [ 77.728914553333823, 8.621955712314117 ], [ 77.7198361076494, 8.622020166320478 ], [ 77.719816067518394, 8.61921931086113 ], [ 77.728894446513664, 8.619154878099396 ] ] ] } },
{ "type": "Feature", "properties": { "zone_id": "ZONE_R23_C14", "row": 23, "col": 14, "flooded_area_km2": 0.0, "agricultural_exposed_km2": 0.0, "buildings_exposed_count": 0, "roads_exposed_km": 0.0, "total_buildings_count": 0, "total_roads_km": 0.0, "population_exposed_proxy": 0, "land_use_breakdown": { }, "locality_name": "South Agricultural Basin (Sector 23-14)", "priority_score": 0.0, "score_infra": 0.0, "score_agri": 0.0, "rank_infra": 133, "rank_agri": 133, "exposure_class": "LOW", "class_color": "#22c55e", "contributing_factors_json": { "flood_overlap_pct": 0.0, "building_exposure_pct": 0.0, "road_disruption_pct": 0.0, "population_proxy_pct": 0.0, "cropland_loss_pct": 0.0 }, "primary_reason": "Zero flood exposure detected in current satellite pass.", "recommended_action": "Low exposure: Standard monitoring; maintain flood gate surveillance and culvert clearing.", "rank": 146 }, "geometry": { "type": "Polygon", "coordinates": [ [ [ 77.747050992636957, 8.6190253703769 ], [ 77.747071232827821, 8.621826161890638 ], [ 77.737992928471272, 8.621891044168153 ], [ 77.737972754964488, 8.619090231268636 ], [ 77.747050992636957, 8.6190253703769 ] ] ] } },
{ "type": "Feature", "properties": { "zone_id": "ZONE_R22_C03", "row": 22, "col": 3, "flooded_area_km2": 0.0, "agricultural_exposed_km2": 0.0, "buildings_exposed_count": 0, "roads_exposed_km": 0.0, "total_buildings_count": 0, "total_roads_km": 2.354, "population_exposed_proxy": 0, "land_use_breakdown": { }, "locality_name": "South Agricultural Basin (Sector 22-3)", "priority_score": 0.0, "score_infra": 0.0, "score_agri": 0.0, "rank_infra": 133, "rank_agri": 133, "exposure_class": "LOW", "class_color": "#22c55e", "contributing_factors_json": { "flood_overlap_pct": 0.0, "building_exposure_pct": 0.0, "road_disruption_pct": 0.0, "population_proxy_pct": 0.0, "cropland_loss_pct": 0.0 }, "primary_reason": "Zero flood exposure detected in current satellite pass.", "recommended_action": "Low exposure: Standard monitoring; maintain flood gate surveillance and culvert clearing.", "rank": 147 }, "geometry": { "type": "Polygon", "coordinates": [ [ [ 77.647206030557456, 8.622528088388524 ], [ 77.647268999669649, 8.631563642972738 ], [ 77.638189714238777, 8.631626235848524 ], [ 77.638126960478616, 8.622590614780625 ], [ 77.647206030557456, 8.622528088388524 ] ] ] } },
{ "type": "Feature", "properties": { "zone_id": "ZONE_R16_C03", "row": 16, "col": 3, "flooded_area_km2": 0.0, "agricultural_exposed_km2": 0.0, "buildings_exposed_count": 0, "roads_exposed_km": 0.0, "total_buildings_count": 0, "total_roads_km": 4.51, "population_exposed_proxy": 0, "land_use_breakdown": { }, "locality_name": "West Highland & Catchment (Sector 16-3)", "priority_score": 0.0, "score_infra": 0.0, "score_agri": 0.0, "rank_infra": 133, "rank_agri": 133, "exposure_class": "LOW", "class_color": "#22c55e", "contributing_factors_json": { "flood_overlap_pct": 0.0, "building_exposure_pct": 0.0, "road_disruption_pct": 0.0, "population_proxy_pct": 0.0, "cropland_loss_pct": 0.0 }, "primary_reason": "Zero flood exposure detected in current satellite pass.", "recommended_action": "Low exposure: Standard monitoring; maintain flood gate surveillance and culvert clearing.", "rank": 148 }, "geometry": { "type": "Polygon", "coordinates": [ [ [ 77.647584872126927, 8.676741345249962 ], [ 77.647648252053486, 8.685776871542947 ], [ 77.638567669594309, 8.685839863384533 ], [ 77.638504506424525, 8.676804270589649 ], [ 77.647584872126927, 8.676741345249962 ] ] ] } },
{ "type": "Feature", "properties": { "zone_id": "ZONE_R23_C07", "row": 23, "col": 7, "flooded_area_km2": 0.0, "agricultural_exposed_km2": 0.0, "buildings_exposed_count": 0, "roads_exposed_km": 0.0, "total_buildings_count": 0, "total_roads_km": 0.641, "population_exposed_proxy": 0, "land_use_breakdown": { }, "locality_name": "South Agricultural Basin (Sector 23-7)", "priority_score": 0.0, "score_infra": 0.0, "score_agri": 0.0, "rank_infra": 133, "rank_agri": 133, "exposure_class": "LOW", "class_color": "#22c55e", "contributing_factors_json": { "flood_overlap_pct": 0.0, "building_exposure_pct": 0.0, "road_disruption_pct": 0.0, "population_proxy_pct": 0.0, "cropland_loss_pct": 0.0 }, "primary_reason": "Zero flood exposure detected in current satellite pass.", "recommended_action": "Low exposure: Standard monitoring; maintain flood gate surveillance and culvert clearing.", "rank": 149 }, "geometry": { "type": "Polygon", "coordinates": [ [ [ 77.683501850771648, 8.619474901057789 ], [ 77.683521624120843, 8.62227584078984 ], [ 77.67444282921079, 8.622339223978381 ], [ 77.67442312256334, 8.619538263354617 ], [ 77.683501850771648, 8.619474901057789 ] ] ] } },
{ "type": "Feature", "properties": { "zone_id": "ZONE_R23_C16", "row": 23, "col": 16, "flooded_area_km2": 0.0, "agricultural_exposed_km2": 0.0, "buildings_exposed_count": 0, "roads_exposed_km": 0.0, "total_buildings_count": 0, "total_roads_km": 0.343, "population_exposed_proxy": 0, "land_use_breakdown": { }, "locality_name": "South Agricultural Basin (Sector 23-16)", "priority_score": 0.0, "score_infra": 0.0, "score_agri": 0.0, "rank_infra": 133, "rank_agri": 133, "exposure_class": "LOW", "class_color": "#22c55e", "contributing_factors_json": { "flood_overlap_pct": 0.0, "building_exposure_pct": 0.0, "road_disruption_pct": 0.0, "population_proxy_pct": 0.0, "cropland_loss_pct": 0.0 }, "primary_reason": "Zero flood exposure detected in current satellite pass.", "recommended_action": "Low exposure: Standard monitoring; maintain flood gate surveillance and culvert clearing.", "rank": 150 }, "geometry": { "type": "Polygon", "coordinates": [ [ [ 77.765207254711143, 8.6188950064428 ], [ 77.76522762826248, 8.621695754973286 ], [ 77.756149466169518, 8.621761065489649 ], [ 77.756129159297132, 8.618960295432252 ], [ 77.765207254711143, 8.6188950064428 ] ] ] } },
{ "type": "Feature", "properties": { "zone_id": "ZONE_R23_C17", "row": 23, "col": 17, "flooded_area_km2": 0.0, "agricultural_exposed_km2": 0.0, "buildings_exposed_count": 0, "roads_exposed_km": 0.0, "total_buildings_count": 0, "total_roads_km": 1.098, "population_exposed_proxy": 0, "land_use_breakdown": { }, "locality_name": "South Agricultural Basin (Sector 23-17)", "priority_score": 0.0, "score_infra": 0.0, "score_agri": 0.0, "rank_infra": 133, "rank_agri": 133, "exposure_class": "LOW", "class_color": "#22c55e", "contributing_factors_json": { "flood_overlap_pct": 0.0, "building_exposure_pct": 0.0, "road_disruption_pct": 0.0, "population_proxy_pct": 0.0, "cropland_loss_pct": 0.0 }, "primary_reason": "Zero flood exposure detected in current satellite pass.", "recommended_action": "Low exposure: Standard monitoring; maintain flood gate surveillance and culvert clearing.", "rank": 151 }, "geometry": { "type": "Polygon", "coordinates": [ [ [ 77.774285278645081, 8.618829503416665 ], [ 77.77430571887281, 8.62163023034967 ], [ 77.76522762826248, 8.621695754973286 ], [ 77.765207254711143, 8.6188950064428 ], [ 77.774285278645081, 8.618829503416665 ] ] ] } },
{ "type": "Feature", "properties": { "zone_id": "ZONE_R22_C02", "row": 22, "col": 2, "flooded_area_km2": 0.0, "agricultural_exposed_km2": 0.0, "buildings_exposed_count": 0, "roads_exposed_km": 0.0, "total_buildings_count": 0, "total_roads_km": 1.429, "population_exposed_proxy": 0, "land_use_breakdown": { }, "locality_name": "South Agricultural Basin (Sector 22-2)", "priority_score": 0.0, "score_infra": 0.0, "score_agri": 0.0, "rank_infra": 133, "rank_agri": 133, "exposure_class": "LOW", "class_color": "#22c55e", "contributing_factors_json": { "flood_overlap_pct": 0.0, "building_exposure_pct": 0.0, "road_disruption_pct": 0.0, "population_proxy_pct": 0.0, "cropland_loss_pct": 0.0 }, "primary_reason": "Zero flood exposure detected in current satellite pass.", "recommended_action": "Low exposure: Standard monitoring; maintain flood gate surveillance and culvert clearing.", "rank": 152 }, "geometry": { "type": "Polygon", "coordinates": [ [ [ 77.638126960478616, 8.622590614780625 ], [ 77.638189714238777, 8.631626235848524 ], [ 77.629110360592804, 8.631688614277918 ], [ 77.629047822192618, 8.622652926954089 ], [ 77.638126960478616, 8.622590614780625 ] ] ] } },
{ "type": "Feature", "properties": { "zone_id": "ZONE_R22_C01", "row": 22, "col": 1, "flooded_area_km2": 0.0, "agricultural_exposed_km2": 0.0, "buildings_exposed_count": 0, "roads_exposed_km": 0.0, "total_buildings_count": 0, "total_roads_km": 0.0, "population_exposed_proxy": 0, "land_use_breakdown": { }, "locality_name": "South Agricultural Basin (Sector 22-1)", "priority_score": 0.0, "score_infra": 0.0, "score_agri": 0.0, "rank_infra": 133, "rank_agri": 133, "exposure_class": "LOW", "class_color": "#22c55e", "contributing_factors_json": { "flood_overlap_pct": 0.0, "building_exposure_pct": 0.0, "road_disruption_pct": 0.0, "population_proxy_pct": 0.0, "cropland_loss_pct": 0.0 }, "primary_reason": "Zero flood exposure detected in current satellite pass.", "recommended_action": "Low exposure: Standard monitoring; maintain flood gate surveillance and culvert clearing.", "rank": 153 }, "geometry": { "type": "Polygon", "coordinates": [ [ [ 77.629047822192618, 8.622652926954089 ], [ 77.629110360592804, 8.631688614277918 ], [ 77.620030938965812, 8.631750778253153 ], [ 77.619968615933502, 8.62271502490116 ], [ 77.629047822192618, 8.622652926954089 ] ] ] } },
{ "type": "Feature", "properties": { "zone_id": "ZONE_R23_C18", "row": 23, "col": 18, "flooded_area_km2": 0.0, "agricultural_exposed_km2": 0.0, "buildings_exposed_count": 0, "roads_exposed_km": 0.0, "total_buildings_count": 0, "total_roads_km": 0.393, "population_exposed_proxy": 0, "land_use_breakdown": { }, "locality_name": "South Agricultural Basin (Sector 23-18)", "priority_score": 0.0, "score_infra": 0.0, "score_agri": 0.0, "rank_infra": 133, "rank_agri": 133, "exposure_class": "LOW", "class_color": "#22c55e", "contributing_factors_json": { "flood_overlap_pct": 0.0, "building_exposure_pct": 0.0, "road_disruption_pct": 0.0, "population_proxy_pct": 0.0, "cropland_loss_pct": 0.0 }, "primary_reason": "Zero flood exposure detected in current satellite pass.", "recommended_action": "Low exposure: Standard monitoring; maintain flood gate surveillance and culvert clearing.", "rank": 154 }, "geometry": { "type": "Polygon", "coordinates": [ [ [ 77.783363230865049, 8.618763786362001 ], [ 77.783383737766584, 8.62156449162697 ], [ 77.77430571887281, 8.62163023034967 ], [ 77.774285278645081, 8.618829503416665 ], [ 77.783363230865049, 8.618763786362001 ] ] ] } },
{ "type": "Feature", "properties": { "zone_id": "ZONE_R21_C22", "row": 21, "col": 22, "flooded_area_km2": 0.0, "agricultural_exposed_km2": 0.0, "buildings_exposed_count": 0, "roads_exposed_km": 0.0, "total_buildings_count": 0, "total_roads_km": 0.707, "population_exposed_proxy": 0, "land_use_breakdown": { }, "locality_name": "South Agricultural Basin (Sector 21-22)", "priority_score": 0.0, "score_infra": 0.0, "score_agri": 0.0, "rank_infra": 133, "rank_agri": 133, "exposure_class": "LOW", "class_color": "#22c55e", "contributing_factors_json": { "flood_overlap_pct": 0.0, "building_exposure_pct": 0.0, "road_disruption_pct": 0.0, "population_proxy_pct": 0.0, "cropland_loss_pct": 0.0 }, "primary_reason": "Zero flood exposure detected in current satellite pass.", "recommended_action": "Low exposure: Standard monitoring; maintain flood gate surveillance and culvert clearing.", "rank": 155 }, "geometry": { "type": "Polygon", "coordinates": [ [ [ 77.818582022041127, 8.63034232271947 ], [ 77.818649126190209, 8.639376575307463 ], [ 77.810751122597949, 8.639434624069892 ], [ 77.810684205873713, 8.630400309887792 ], [ 77.818582022041127, 8.63034232271947 ] ] ] } },
{ "type": "Feature", "properties": { "zone_id": "ZONE_R21_C21", "row": 21, "col": 21, "flooded_area_km2": 0.0, "agricultural_exposed_km2": 0.0, "buildings_exposed_count": 0, "roads_exposed_km": 0.0, "total_buildings_count": 0, "total_roads_km": 0.0, "population_exposed_proxy": 0, "land_use_breakdown": { }, "locality_name": "South Agricultural Basin (Sector 21-21)", "priority_score": 0.0, "score_infra": 0.0, "score_agri": 0.0, "rank_infra": 133, "rank_agri": 133, "exposure_class": "LOW", "class_color": "#22c55e", "contributing_factors_json": { "flood_overlap_pct": 0.0, "building_exposure_pct": 0.0, "road_disruption_pct": 0.0, "population_proxy_pct": 0.0, "cropland_loss_pct": 0.0 }, "primary_reason": "Zero flood exposure detected in current satellite pass.", "recommended_action": "Low exposure: Standard monitoring; maintain flood gate surveillance and culvert clearing.", "rank": 156 }, "geometry": { "type": "Polygon", "coordinates": [ [ [ 77.810684205873713, 8.630400309887792 ], [ 77.810751122597949, 8.639434624069892 ], [ 77.801672889613457, 8.639501146207488 ], [ 77.801606188327952, 8.630466761440374 ], [ 77.810684205873713, 8.630400309887792 ] ] ] } },
{ "type": "Feature", "properties": { "zone_id": "ZONE_R23_C19", "row": 23, "col": 19, "flooded_area_km2": 0.0, "agricultural_exposed_km2": 0.0, "buildings_exposed_count": 0, "roads_exposed_km": 0.0, "total_buildings_count": 0, "total_roads_km": 0.315, "population_exposed_proxy": 0, "land_use_breakdown": { }, "locality_name": "South Agricultural Basin (Sector 23-19)", "priority_score": 0.0, "score_infra": 0.0, "score_agri": 0.0, "rank_infra": 133, "rank_agri": 133, "exposure_class": "LOW", "class_color": "#22c55e", "contributing_factors_json": { "flood_overlap_pct": 0.0, "building_exposure_pct": 0.0, "road_disruption_pct": 0.0, "population_proxy_pct": 0.0, "cropland_loss_pct": 0.0 }, "primary_reason": "Zero flood exposure detected in current satellite pass.", "recommended_action": "Low exposure: Standard monitoring; maintain flood gate surveillance and culvert clearing.", "rank": 157 }, "geometry": { "type": "Polygon", "coordinates": [ [ [ 77.792441111137194, 8.618697855286987 ], [ 77.792461684709949, 8.621498538813359 ], [ 77.783383737766584, 8.62156449162697 ], [ 77.783363230865049, 8.618763786362001 ], [ 77.792441111137194, 8.618697855286987 ] ] ] } },
{ "type": "Feature", "properties": { "zone_id": "ZONE_R14_C06", "row": 14, "col": 6, "flooded_area_km2": 0.0, "agricultural_exposed_km2": 0.0, "buildings_exposed_count": 0, "roads_exposed_km": 0.0, "total_buildings_count": 0, "total_roads_km": 2.521, "population_exposed_proxy": 0, "land_use_breakdown": { }, "locality_name": "West Highland & Catchment (Sector 14-6)", "priority_score": 0.0, "score_infra": 0.0, "score_agri": 0.0, "rank_infra": 133, "rank_agri": 133, "exposure_class": "LOW", "class_color": "#22c55e", "contributing_factors_json": { "flood_overlap_pct": 0.0, "building_exposure_pct": 0.0, "road_disruption_pct": 0.0, "population_proxy_pct": 0.0, "cropland_loss_pct": 0.0 }, "primary_reason": "Zero flood exposure detected in current satellite pass.", "recommended_action": "Low exposure: Standard monitoring; maintain flood gate surveillance and culvert clearing.", "rank": 158 }, "geometry": { "type": "Polygon", "coordinates": [ [ [ 77.674953686860363, 8.694621921897115 ], [ 77.675017855416328, 8.703657237830251 ], [ 77.665937044982897, 8.703721011443937 ], [ 77.665873093627994, 8.694685628319338 ], [ 77.674953686860363, 8.694621921897115 ] ] ] } },
{ "type": "Feature", "properties": { "zone_id": "ZONE_R21_C20", "row": 21, "col": 20, "flooded_area_km2": 0.0, "agricultural_exposed_km2": 0.0, "buildings_exposed_count": 0, "roads_exposed_km": 0.0, "total_buildings_count": 0, "total_roads_km": 0.588, "population_exposed_proxy": 0, "land_use_breakdown": { }, "locality_name": "South Agricultural Basin (Sector 21-20)", "priority_score": 0.0, "score_infra": 0.0, "score_agri": 0.0, "rank_infra": 133, "rank_agri": 133, "exposure_class": "LOW", "class_color": "#22c55e", "contributing_factors_json": { "flood_overlap_pct": 0.0, "building_exposure_pct": 0.0, "road_disruption_pct": 0.0, "population_proxy_pct": 0.0, "cropland_loss_pct": 0.0 }, "primary_reason": "Zero flood exposure detected in current satellite pass.", "recommended_action": "Low exposure: Standard monitoring; maintain flood gate surveillance and culvert clearing.", "rank": 159 }, "geometry": { "type": "Polygon", "coordinates": [ [ [ 77.801606188327952, 8.630466761440374 ], [ 77.801672889613457, 8.639501146207488 ], [ 77.792594584193978, 8.63956745381541 ], [ 77.792528098355632, 8.630532998690889 ], [ 77.801606188327952, 8.630466761440374 ] ] ] } },
{ "type": "Feature", "properties": { "zone_id": "ZONE_R14_C05", "row": 14, "col": 5, "flooded_area_km2": 0.0, "agricultural_exposed_km2": 0.0, "buildings_exposed_count": 0, "roads_exposed_km": 0.0, "total_buildings_count": 12, "total_roads_km": 3.364, "population_exposed_proxy": 0, "land_use_breakdown": { }, "locality_name": "West Highland & Catchment (Sector 14-5)", "priority_score": 0.0, "score_infra": 0.0, "score_agri": 0.0, "rank_infra": 133, "rank_agri": 133, "exposure_class": "LOW", "class_color": "#22c55e", "contributing_factors_json": { "flood_overlap_pct": 0.0, "building_exposure_pct": 0.0, "road_disruption_pct": 0.0, "population_proxy_pct": 0.0, "cropland_loss_pct": 0.0 }, "primary_reason": "Zero flood exposure detected in current satellite pass.", "recommended_action": "Low exposure: Standard monitoring; maintain flood gate surveillance and culvert clearing.", "rank": 160 }, "geometry": { "type": "Polygon", "coordinates": [ [ [ 77.665873093627994, 8.694685628319338 ], [ 77.665937044982897, 8.703721011443937 ], [ 77.656856165567916, 8.703784568812475 ], [ 77.656792431422133, 8.69474911872423 ], [ 77.665873093627994, 8.694685628319338 ] ] ] } },
{ "type": "Feature", "properties": { "zone_id": "ZONE_R23_C20", "row": 23, "col": 20, "flooded_area_km2": 0.0, "agricultural_exposed_km2": 0.0, "buildings_exposed_count": 0, "roads_exposed_km": 0.0, "total_buildings_count": 0, "total_roads_km": 0.0, "population_exposed_proxy": 0, "land_use_breakdown": { }, "locality_name": "South Agricultural Basin (Sector 23-20)", "priority_score": 0.0, "score_infra": 0.0, "score_agri": 0.0, "rank_infra": 133, "rank_agri": 133, "exposure_class": "LOW", "class_color": "#22c55e", "contributing_factors_json": { "flood_overlap_pct": 0.0, "building_exposure_pct": 0.0, "road_disruption_pct": 0.0, "population_proxy_pct": 0.0, "cropland_loss_pct": 0.0 }, "primary_reason": "Zero flood exposure detected in current satellite pass.", "recommended_action": "Low exposure: Standard monitoring; maintain flood gate surveillance and culvert clearing.", "rank": 161 }, "geometry": { "type": "Polygon", "coordinates": [ [ [ 77.801518919227632, 8.618631710199832 ], [ 77.801539559469006, 8.621432371917047 ], [ 77.792461684709949, 8.621498538813359 ], [ 77.792441111137194, 8.618697855286987 ], [ 77.801518919227632, 8.618631710199832 ] ] ] } },
{ "type": "Feature", "properties": { "zone_id": "ZONE_R21_C14", "row": 21, "col": 14, "flooded_area_km2": 0.0, "agricultural_exposed_km2": 0.0, "buildings_exposed_count": 0, "roads_exposed_km": 0.0, "total_buildings_count": 0, "total_roads_km": 0.0, "population_exposed_proxy": 0, "land_use_breakdown": { }, "locality_name": "South Agricultural Basin (Sector 21-14)", "priority_score": 0.0, "score_infra": 0.0, "score_agri": 0.0, "rank_infra": 133, "rank_agri": 133, "exposure_class": "LOW", "class_color": "#22c55e", "contributing_factors_json": { "flood_overlap_pct": 0.0, "building_exposure_pct": 0.0, "road_disruption_pct": 0.0, "population_proxy_pct": 0.0, "cropland_loss_pct": 0.0 }, "primary_reason": "Zero flood exposure detected in current satellite pass.", "recommended_action": "Low exposure: Standard monitoring; maintain flood gate surveillance and culvert clearing.", "rank": 162 }, "geometry": { "type": "Polygon", "coordinates": [ [ [ 77.747136570282024, 8.630860970124909 ], [ 77.747201978759335, 8.639895773622023 ], [ 77.738123243642562, 8.639960793879537 ], [ 77.73805805066236, 8.630925921390851 ], [ 77.747136570282024, 8.630860970124909 ] ] ] } },
{ "type": "Feature", "properties": { "zone_id": "ZONE_R23_C21", "row": 23, "col": 21, "flooded_area_km2": 0.0, "agricultural_exposed_km2": 0.0, "buildings_exposed_count": 0, "roads_exposed_km": 0.0, "total_buildings_count": 0, "total_roads_km": 0.403, "population_exposed_proxy": 0, "land_use_breakdown": { }, "locality_name": "South Agricultural Basin (Sector 23-21)", "priority_score": 0.0, "score_infra": 0.0, "score_agri": 0.0, "rank_infra": 133, "rank_agri": 133, "exposure_class": "LOW", "class_color": "#22c55e", "contributing_factors_json": { "flood_overlap_pct": 0.0, "building_exposure_pct": 0.0, "road_disruption_pct": 0.0, "population_proxy_pct": 0.0, "cropland_loss_pct": 0.0 }, "primary_reason": "Zero flood exposure detected in current satellite pass.", "recommended_action": "Low exposure: Standard monitoring; maintain flood gate surveillance and culvert clearing.", "rank": 163 }, "geometry": { "type": "Polygon", "coordinates": [ [ [ 77.810596654902525, 8.618565351108758 ], [ 77.810617361809918, 8.62136599094627 ], [ 77.801539559469006, 8.621432371917047 ], [ 77.801518919227632, 8.618631710199832 ], [ 77.810596654902525, 8.618565351108758 ] ] ] } },
{ "type": "Feature", "properties": { "zone_id": "ZONE_R23_C08", "row": 23, "col": 8, "flooded_area_km2": 0.0, "agricultural_exposed_km2": 0.0, "buildings_exposed_count": 0, "roads_exposed_km": 0.0, "total_buildings_count": 0, "total_roads_km": 1.105, "population_exposed_proxy": 0, "land_use_breakdown": { }, "locality_name": "South Agricultural Basin (Sector 23-8)", "priority_score": 0.0, "score_infra": 0.0, "score_agri": 0.0, "rank_infra": 133, "rank_agri": 133, "exposure_class": "LOW", "class_color": "#22c55e", "contributing_factors_json": { "flood_overlap_pct": 0.0, "building_exposure_pct": 0.0, "road_disruption_pct": 0.0, "population_proxy_pct": 0.0, "cropland_loss_pct": 0.0 }, "primary_reason": "Zero flood exposure detected in current satellite pass.", "recommended_action": "Low exposure: Standard monitoring; maintain flood gate surveillance and culvert clearing.", "rank": 164 }, "geometry": { "type": "Polygon", "coordinates": [ [ [ 77.692580509605293, 8.6194113246521 ], [ 77.692600349653688, 8.622212243421851 ], [ 77.683521624120843, 8.62227584078984 ], [ 77.683501850771648, 8.619474901057789 ], [ 77.692580509605293, 8.6194113246521 ] ] ] } },
{ "type": "Feature", "properties": { "zone_id": "ZONE_R14_C12", "row": 14, "col": 12, "flooded_area_km2": 0.0, "agricultural_exposed_km2": 0.0, "buildings_exposed_count": 0, "roads_exposed_km": 0.0, "total_buildings_count": 689, "total_roads_km": 14.264, "population_exposed_proxy": 0, "land_use_breakdown": { }, "locality_name": "Melapalayam & Drainage Plain (Sector 14-12)", "priority_score": 0.0, "score_infra": 0.0, "score_agri": 0.0, "rank_infra": 133, "rank_agri": 133, "exposure_class": "LOW", "class_color": "#22c55e", "contributing_factors_json": { "flood_overlap_pct": 0.0, "building_exposure_pct": 0.0, "road_disruption_pct": 0.0, "population_proxy_pct": 0.0, "cropland_loss_pct": 0.0 }, "primary_reason": "Zero flood exposure detected in current satellite pass.", "recommended_action": "Low exposure: Standard monitoring; maintain flood gate surveillance and culvert clearing.", "rank": 165 }, "geometry": { "type": "Polygon", "coordinates": [ [ [ 77.729435784696335, 8.694235147445886 ], [ 77.729501256287577, 8.703270055446671 ], [ 77.720420864662174, 8.703335126363529 ], [ 77.720355610222967, 8.694300149804587 ], [ 77.729435784696335, 8.694235147445886 ] ] ] } },
{ "type": "Feature", "properties": { "zone_id": "ZONE_R23_C01", "row": 23, "col": 1, "flooded_area_km2": 0.0, "agricultural_exposed_km2": 0.0, "buildings_exposed_count": 0, "roads_exposed_km": 0.0, "total_buildings_count": 0, "total_roads_km": 1.043, "population_exposed_proxy": 0, "land_use_breakdown": { }, "locality_name": "South Agricultural Basin (Sector 23-1)", "priority_score": 0.0, "score_infra": 0.0, "score_agri": 0.0, "rank_infra": 133, "rank_agri": 133, "exposure_class": "LOW", "class_color": "#22c55e", "contributing_factors_json": { "flood_overlap_pct": 0.0, "building_exposure_pct": 0.0, "road_disruption_pct": 0.0, "population_proxy_pct": 0.0, "cropland_loss_pct": 0.0 }, "primary_reason": "Zero flood exposure detected in current satellite pass.", "recommended_action": "Low exposure: Standard monitoring; maintain flood gate surveillance and culvert clearing.", "rank": 166 }, "geometry": { "type": "Polygon", "coordinates": [ [ [ 77.629028449090896, 8.619851862930702 ], [ 77.629047822192618, 8.622652926954089 ], [ 77.619968615933502, 8.62271502490116 ], [ 77.619949309548275, 8.619913940409649 ], [ 77.629028449090896, 8.619851862930702 ] ] ] } },
{ "type": "Feature", "properties": { "zone_id": "ZONE_R14_C19", "row": 14, "col": 19, "flooded_area_km2": 0.0, "agricultural_exposed_km2": 0.0, "buildings_exposed_count": 0, "roads_exposed_km": 0.0, "total_buildings_count": 0, "total_roads_km": 3.566, "population_exposed_proxy": 0, "land_use_breakdown": { }, "locality_name": "East Thamirabarani Basin (Sector 14-19)", "priority_score": 0.0, "score_infra": 0.0, "score_agri": 0.0, "rank_infra": 133, "rank_agri": 133, "exposure_class": "LOW", "class_color": "#22c55e", "contributing_factors_json": { "flood_overlap_pct": 0.0, "building_exposure_pct": 0.0, "road_disruption_pct": 0.0, "population_proxy_pct": 0.0, "cropland_loss_pct": 0.0 }, "primary_reason": "Zero flood exposure detected in current satellite pass.", "recommended_action": "Low exposure: Standard monitoring; maintain flood gate surveillance and culvert clearing.", "rank": 167 }, "geometry": { "type": "Polygon", "coordinates": [ [ [ 77.792995015740829, 8.693774084476706 ], [ 77.793062007163357, 8.70280850619385 ], [ 77.783982114802527, 8.702875090262044 ], [ 77.783915340473598, 8.69384059839267 ], [ 77.792995015740829, 8.693774084476706 ] ] ] } },
{ "type": "Feature", "properties": { "zone_id": "ZONE_R22_C22", "row": 22, "col": 22, "flooded_area_km2": 0.0, "agricultural_exposed_km2": 0.0, "buildings_exposed_count": 0, "roads_exposed_km": 0.0, "total_buildings_count": 0, "total_roads_km": 0.0, "population_exposed_proxy": 0, "land_use_breakdown": { }, "locality_name": "South Agricultural Basin (Sector 22-22)", "priority_score": 0.0, "score_infra": 0.0, "score_agri": 0.0, "rank_infra": 133, "rank_agri": 133, "exposure_class": "LOW", "class_color": "#22c55e", "contributing_factors_json": { "flood_overlap_pct": 0.0, "building_exposure_pct": 0.0, "road_disruption_pct": 0.0, "population_proxy_pct": 0.0, "cropland_loss_pct": 0.0 }, "primary_reason": "Zero flood exposure detected in current satellite pass.", "recommended_action": "Low exposure: Standard monitoring; maintain flood gate surveillance and culvert clearing.", "rank": 168 }, "geometry": { "type": "Polygon", "coordinates": [ [ [ 77.818514990755972, 8.621308065369245 ], [ 77.818582022041127, 8.63034232271947 ], [ 77.810684205873713, 8.630400309887792 ], [ 77.810617361809918, 8.62136599094627 ], [ 77.818514990755972, 8.621308065369245 ] ] ] } },
{ "type": "Feature", "properties": { "zone_id": "ZONE_R22_C21", "row": 22, "col": 21, "flooded_area_km2": 0.0, "agricultural_exposed_km2": 0.0, "buildings_exposed_count": 0, "roads_exposed_km": 0.0, "total_buildings_count": 0, "total_roads_km": 0.471, "population_exposed_proxy": 0, "land_use_breakdown": { }, "locality_name": "South Agricultural Basin (Sector 22-21)", "priority_score": 0.0, "score_infra": 0.0, "score_agri": 0.0, "rank_infra": 133, "rank_agri": 133, "exposure_class": "LOW", "class_color": "#22c55e", "contributing_factors_json": { "flood_overlap_pct": 0.0, "building_exposure_pct": 0.0, "road_disruption_pct": 0.0, "population_proxy_pct": 0.0, "cropland_loss_pct": 0.0 }, "primary_reason": "Zero flood exposure detected in current satellite pass.", "recommended_action": "Low exposure: Standard monitoring; maintain flood gate surveillance and culvert clearing.", "rank": 169 }, "geometry": { "type": "Polygon", "coordinates": [ [ [ 77.810617361809918, 8.62136599094627 ], [ 77.810684205873713, 8.630400309887792 ], [ 77.801606188327952, 8.630466761440374 ], [ 77.801539559469006, 8.621432371917047 ], [ 77.810617361809918, 8.62136599094627 ] ] ] } },
{ "type": "Feature", "properties": { "zone_id": "ZONE_R22_C20", "row": 22, "col": 20, "flooded_area_km2": 0.0, "agricultural_exposed_km2": 0.0, "buildings_exposed_count": 0, "roads_exposed_km": 0.0, "total_buildings_count": 0, "total_roads_km": 1.001, "population_exposed_proxy": 0, "land_use_breakdown": { }, "locality_name": "South Agricultural Basin (Sector 22-20)", "priority_score": 0.0, "score_infra": 0.0, "score_agri": 0.0, "rank_infra": 133, "rank_agri": 133, "exposure_class": "LOW", "class_color": "#22c55e", "contributing_factors_json": { "flood_overlap_pct": 0.0, "building_exposure_pct": 0.0, "road_disruption_pct": 0.0, "population_proxy_pct": 0.0, "cropland_loss_pct": 0.0 }, "primary_reason": "Zero flood exposure detected in current satellite pass.", "recommended_action": "Low exposure: Standard monitoring; maintain flood gate surveillance and culvert clearing.", "rank": 170 }, "geometry": { "type": "Polygon", "coordinates": [ [ [ 77.801539559469006, 8.621432371917047 ], [ 77.801606188327952, 8.630466761440374 ], [ 77.792528098355632, 8.630532998690889 ], [ 77.792461684709949, 8.621498538813359 ], [ 77.801539559469006, 8.621432371917047 ] ] ] } },
{ "type": "Feature", "properties": { "zone_id": "ZONE_R22_C19", "row": 22, "col": 19, "flooded_area_km2": 0.0, "agricultural_exposed_km2": 0.0, "buildings_exposed_count": 0, "roads_exposed_km": 0.0, "total_buildings_count": 0, "total_roads_km": 1.058, "population_exposed_proxy": 0, "land_use_breakdown": { }, "locality_name": "South Agricultural Basin (Sector 22-19)", "priority_score": 0.0, "score_infra": 0.0, "score_agri": 0.0, "rank_infra": 133, "rank_agri": 133, "exposure_class": "LOW", "class_color": "#22c55e", "contributing_factors_json": { "flood_overlap_pct": 0.0, "building_exposure_pct": 0.0, "road_disruption_pct": 0.0, "population_proxy_pct": 0.0, "cropland_loss_pct": 0.0 }, "primary_reason": "Zero flood exposure detected in current satellite pass.", "recommended_action": "Low exposure: Standard monitoring; maintain flood gate surveillance and culvert clearing.", "rank": 171 }, "geometry": { "type": "Polygon", "coordinates": [ [ [ 77.792461684709949, 8.621498538813359 ], [ 77.792528098355632, 8.630532998690889 ], [ 77.783449936190621, 8.630599021631099 ], [ 77.783383737766584, 8.62156449162697 ], [ 77.792461684709949, 8.621498538813359 ] ] ] } },
{ "type": "Feature", "properties": { "zone_id": "ZONE_R22_C17", "row": 22, "col": 17, "flooded_area_km2": 0.0, "agricultural_exposed_km2": 0.0, "buildings_exposed_count": 0, "roads_exposed_km": 0.0, "total_buildings_count": 0, "total_roads_km": 0.0, "population_exposed_proxy": 0, "land_use_breakdown": { }, "locality_name": "South Agricultural Basin (Sector 22-17)", "priority_score": 0.0, "score_infra": 0.0, "score_agri": 0.0, "rank_infra": 133, "rank_agri": 133, "exposure_class": "LOW", "class_color": "#22c55e", "contributing_factors_json": { "flood_overlap_pct": 0.0, "building_exposure_pct": 0.0, "road_disruption_pct": 0.0, "population_proxy_pct": 0.0, "cropland_loss_pct": 0.0 }, "primary_reason": "Zero flood exposure detected in current satellite pass.", "recommended_action": "Low exposure: Standard monitoring; maintain flood gate surveillance and culvert clearing.", "rank": 172 }, "geometry": { "type": "Polygon", "coordinates": [ [ [ 77.77430571887281, 8.62163023034967 ], [ 77.774371702066858, 8.630664830252782 ], [ 77.765293396218212, 8.63073042454775 ], [ 77.76522762826248, 8.621695754973286 ], [ 77.77430571887281, 8.62163023034967 ] ] ] } },
{ "type": "Feature", "properties": { "zone_id": "ZONE_R22_C16", "row": 22, "col": 16, "flooded_area_km2": 0.0, "agricultural_exposed_km2": 0.0, "buildings_exposed_count": 0, "roads_exposed_km": 0.0, "total_buildings_count": 0, "total_roads_km": 1.257, "population_exposed_proxy": 0, "land_use_breakdown": { }, "locality_name": "South Agricultural Basin (Sector 22-16)", "priority_score": 0.0, "score_infra": 0.0, "score_agri": 0.0, "rank_infra": 133, "rank_agri": 133, "exposure_class": "LOW", "class_color": "#22c55e", "contributing_factors_json": { "flood_overlap_pct": 0.0, "building_exposure_pct": 0.0, "road_disruption_pct": 0.0, "population_proxy_pct": 0.0, "cropland_loss_pct": 0.0 }, "primary_reason": "Zero flood exposure detected in current satellite pass.", "recommended_action": "Low exposure: Standard monitoring; maintain flood gate surveillance and culvert clearing.", "rank": 173 }, "geometry": { "type": "Polygon", "coordinates": [ [ [ 77.76522762826248, 8.621695754973286 ], [ 77.765293396218212, 8.63073042454775 ], [ 77.756215018878635, 8.630795804507839 ], [ 77.756149466169518, 8.621761065489649 ], [ 77.76522762826248, 8.621695754973286 ] ] ] } },
{ "type": "Feature", "properties": { "zone_id": "ZONE_R22_C15", "row": 22, "col": 15, "flooded_area_km2": 0.0, "agricultural_exposed_km2": 0.0, "buildings_exposed_count": 0, "roads_exposed_km": 0.0, "total_buildings_count": 0, "total_roads_km": 1.361, "population_exposed_proxy": 0, "land_use_breakdown": { }, "locality_name": "South Agricultural Basin (Sector 22-15)", "priority_score": 0.0, "score_infra": 0.0, "score_agri": 0.0, "rank_infra": 133, "rank_agri": 133, "exposure_class": "LOW", "class_color": "#22c55e", "contributing_factors_json": { "flood_overlap_pct": 0.0, "building_exposure_pct": 0.0, "road_disruption_pct": 0.0, "population_proxy_pct": 0.0, "cropland_loss_pct": 0.0 }, "primary_reason": "Zero flood exposure detected in current satellite pass.", "recommended_action": "Low exposure: Standard monitoring; maintain flood gate surveillance and culvert clearing.", "rank": 174 }, "geometry": { "type": "Polygon", "coordinates": [ [ [ 77.756149466169518, 8.621761065489649 ], [ 77.756215018878635, 8.630795804507839 ], [ 77.747136570282024, 8.630860970124909 ], [ 77.747071232827821, 8.621826161890638 ], [ 77.756149466169518, 8.621761065489649 ] ] ] } },
{ "type": "Feature", "properties": { "zone_id": "ZONE_R23_C03", "row": 23, "col": 3, "flooded_area_km2": 0.0, "agricultural_exposed_km2": 0.0, "buildings_exposed_count": 0, "roads_exposed_km": 0.0, "total_buildings_count": 0, "total_roads_km": 0.698, "population_exposed_proxy": 0, "land_use_breakdown": { }, "locality_name": "South Agricultural Basin (Sector 23-3)", "priority_score": 0.0, "score_infra": 0.0, "score_agri": 0.0, "rank_infra": 133, "rank_agri": 133, "exposure_class": "LOW", "class_color": "#22c55e", "contributing_factors_json": { "flood_overlap_pct": 0.0, "building_exposure_pct": 0.0, "road_disruption_pct": 0.0, "population_proxy_pct": 0.0, "cropland_loss_pct": 0.0 }, "primary_reason": "Zero flood exposure detected in current satellite pass.", "recommended_action": "Low exposure: Standard monitoring; maintain flood gate surveillance and culvert clearing.", "rank": 175 }, "geometry": { "type": "Polygon", "coordinates": [ [ [ 77.647186524030033, 8.619727065513191 ], [ 77.647206030557456, 8.622528088388524 ], [ 77.638126960478616, 8.622590614780625 ], [ 77.638107520662814, 8.619789571295962 ], [ 77.647186524030033, 8.619727065513191 ] ] ] } },
{ "type": "Feature", "properties": { "zone_id": "ZONE_R14_C22", "row": 14, "col": 22, "flooded_area_km2": 0.0, "agricultural_exposed_km2": 0.0, "buildings_exposed_count": 0, "roads_exposed_km": 0.0, "total_buildings_count": 0, "total_roads_km": 2.756, "population_exposed_proxy": 0, "land_use_breakdown": { }, "locality_name": "East Thamirabarani Basin (Sector 14-22)", "priority_score": 0.0, "score_infra": 0.0, "score_agri": 0.0, "rank_infra": 133, "rank_agri": 133, "exposure_class": "LOW", "class_color": "#22c55e", "contributing_factors_json": { "flood_overlap_pct": 0.0, "building_exposure_pct": 0.0, "road_disruption_pct": 0.0, "population_proxy_pct": 0.0, "cropland_loss_pct": 0.0 }, "primary_reason": "Zero flood exposure detected in current satellite pass.", "recommended_action": "Low exposure: Standard monitoring; maintain flood gate surveillance and culvert clearing.", "rank": 176 }, "geometry": { "type": "Polygon", "coordinates": [ [ [ 77.819053281701784, 8.693581990555451 ], [ 77.8191208961359, 8.702616209671254 ], [ 77.811221574870714, 8.702674689671165 ], [ 77.811154149286367, 8.693640408941549 ], [ 77.819053281701784, 8.693581990555451 ] ] ] } },
{ "type": "Feature", "properties": { "zone_id": "ZONE_R23_C04", "row": 23, "col": 4, "flooded_area_km2": 0.0, "agricultural_exposed_km2": 0.0, "buildings_exposed_count": 0, "roads_exposed_km": 0.0, "total_buildings_count": 0, "total_roads_km": 2.485, "population_exposed_proxy": 0, "land_use_breakdown": { }, "locality_name": "South Agricultural Basin (Sector 23-4)", "priority_score": 0.0, "score_infra": 0.0, "score_agri": 0.0, "rank_infra": 133, "rank_agri": 133, "exposure_class": "LOW", "class_color": "#22c55e", "contributing_factors_json": { "flood_overlap_pct": 0.0, "building_exposure_pct": 0.0, "road_disruption_pct": 0.0, "population_proxy_pct": 0.0, "cropland_loss_pct": 0.0 }, "primary_reason": "Zero flood exposure detected in current satellite pass.", "recommended_action": "Low exposure: Standard monitoring; maintain flood gate surveillance and culvert clearing.", "rank": 177 }, "geometry": { "type": "Polygon", "coordinates": [ [ [ 77.656265458958529, 8.619664345590166 ], [ 77.656285032195115, 8.622465347785573 ], [ 77.647206030557456, 8.622528088388524 ], [ 77.647186524030033, 8.619727065513191 ], [ 77.656265458958529, 8.619664345590166 ] ] ] } },
{ "type": "Feature", "properties": { "zone_id": "ZONE_R16_C12", "row": 16, "col": 12, "flooded_area_km2": 0.0, "agricultural_exposed_km2": 0.0, "buildings_exposed_count": 0, "roads_exposed_km": 0.0, "total_buildings_count": 76, "total_roads_km": 8.261, "population_exposed_proxy": 0, "land_use_breakdown": { }, "locality_name": "Melapalayam & Drainage Plain (Sector 16-12)", "priority_score": 0.0, "score_infra": 0.0, "score_agri": 0.0, "rank_infra": 133, "rank_agri": 133, "exposure_class": "LOW", "class_color": "#22c55e", "contributing_factors_json": { "flood_overlap_pct": 0.0, "building_exposure_pct": 0.0, "road_disruption_pct": 0.0, "population_proxy_pct": 0.0, "cropland_loss_pct": 0.0 }, "primary_reason": "Zero flood exposure detected in current satellite pass.", "recommended_action": "Low exposure: Standard monitoring; maintain flood gate surveillance and culvert clearing.", "rank": 178 }, "geometry": { "type": "Polygon", "coordinates": [ [ [ 77.729305053343921, 8.676165317154792 ], [ 77.729370383717878, 8.685200234680311 ], [ 77.720290426162379, 8.685265168484003 ], [ 77.720225312472181, 8.676230182406615 ], [ 77.729305053343921, 8.676165317154792 ] ] ] } },
{ "type": "Feature", "properties": { "zone_id": "ZONE_R14_C21", "row": 14, "col": 21, "flooded_area_km2": 0.0, "agricultural_exposed_km2": 0.0, "buildings_exposed_count": 0, "roads_exposed_km": 0.0, "total_buildings_count": 0, "total_roads_km": 1.736, "population_exposed_proxy": 0, "land_use_breakdown": { }, "locality_name": "East Thamirabarani Basin (Sector 14-21)", "priority_score": 0.0, "score_infra": 0.0, "score_agri": 0.0, "rank_infra": 133, "rank_agri": 133, "exposure_class": "LOW", "class_color": "#22c55e", "contributing_factors_json": { "flood_overlap_pct": 0.0, "building_exposure_pct": 0.0, "road_disruption_pct": 0.0, "population_proxy_pct": 0.0, "cropland_loss_pct": 0.0 }, "primary_reason": "Zero flood exposure detected in current satellite pass.", "recommended_action": "Low exposure: Standard monitoring; maintain flood gate surveillance and culvert clearing.", "rank": 179 }, "geometry": { "type": "Polygon", "coordinates": [ [ [ 77.811154149286367, 8.693640408941549 ], [ 77.811221574870714, 8.702674689671165 ], [ 77.802141827264123, 8.702741705994118 ], [ 77.802074618756436, 8.693707354656894 ], [ 77.811154149286367, 8.693640408941549 ] ] ] } },
{ "type": "Feature", "properties": { "zone_id": "ZONE_R23_C05", "row": 23, "col": 5, "flooded_area_km2": 0.0, "agricultural_exposed_km2": 0.0, "buildings_exposed_count": 0, "roads_exposed_km": 0.0, "total_buildings_count": 0, "total_roads_km": 0.0, "population_exposed_proxy": 0, "land_use_breakdown": { }, "locality_name": "South Agricultural Basin (Sector 23-5)", "priority_score": 0.0, "score_infra": 0.0, "score_agri": 0.0, "rank_infra": 133, "rank_agri": 133, "exposure_class": "LOW", "class_color": "#22c55e", "contributing_factors_json": { "flood_overlap_pct": 0.0, "building_exposure_pct": 0.0, "road_disruption_pct": 0.0, "population_proxy_pct": 0.0, "cropland_loss_pct": 0.0 }, "primary_reason": "Zero flood exposure detected in current satellite pass.", "recommended_action": "Low exposure: Standard monitoring; maintain flood gate surveillance and culvert clearing.", "rank": 180 }, "geometry": { "type": "Polygon", "coordinates": [ [ [ 77.665344325214292, 8.619601411534696 ], [ 77.665363965157553, 8.622402392979577 ], [ 77.656285032195115, 8.622465347785573 ], [ 77.656265458958529, 8.619664345590166 ], [ 77.665344325214292, 8.619601411534696 ] ] ] } },
{ "type": "Feature", "properties": { "zone_id": "ZONE_R22_C12", "row": 22, "col": 12, "flooded_area_km2": 0.0, "agricultural_exposed_km2": 0.0, "buildings_exposed_count": 0, "roads_exposed_km": 0.0, "total_buildings_count": 0, "total_roads_km": 2.245, "population_exposed_proxy": 0, "land_use_breakdown": { }, "locality_name": "South Agricultural Basin (Sector 22-12)", "priority_score": 0.0, "score_infra": 0.0, "score_agri": 0.0, "rank_infra": 133, "rank_agri": 133, "exposure_class": "LOW", "class_color": "#22c55e", "contributing_factors_json": { "flood_overlap_pct": 0.0, "building_exposure_pct": 0.0, "road_disruption_pct": 0.0, "population_proxy_pct": 0.0, "cropland_loss_pct": 0.0 }, "primary_reason": "Zero flood exposure detected in current satellite pass.", "recommended_action": "Low exposure: Standard monitoring; maintain flood gate surveillance and culvert clearing.", "rank": 181 }, "geometry": { "type": "Polygon", "coordinates": [ [ [ 77.728914553333823, 8.621955712314117 ], [ 77.728979460253555, 8.630990658297581 ], [ 77.71990079928959, 8.631055180837038 ], [ 77.7198361076494, 8.622020166320478 ], [ 77.728914553333823, 8.621955712314117 ] ] ] } },
{ "type": "Feature", "properties": { "zone_id": "ZONE_R23_C06", "row": 23, "col": 6, "flooded_area_km2": 0.0, "agricultural_exposed_km2": 0.0, "buildings_exposed_count": 0, "roads_exposed_km": 0.0, "total_buildings_count": 0, "total_roads_km": 0.876, "population_exposed_proxy": 0, "land_use_breakdown": { }, "locality_name": "South Agricultural Basin (Sector 23-6)", "priority_score": 0.0, "score_infra": 0.0, "score_agri": 0.0, "rank_infra": 133, "rank_agri": 133, "exposure_class": "LOW", "class_color": "#22c55e", "contributing_factors_json": { "flood_overlap_pct": 0.0, "building_exposure_pct": 0.0, "road_disruption_pct": 0.0, "population_proxy_pct": 0.0, "cropland_loss_pct": 0.0 }, "primary_reason": "Zero flood exposure detected in current satellite pass.", "recommended_action": "Low exposure: Standard monitoring; maintain flood gate surveillance and culvert clearing.", "rank": 182 }, "geometry": { "type": "Polygon", "coordinates": [ [ [ 77.67442312256334, 8.619538263354617 ], [ 77.67444282921079, 8.622339223978381 ], [ 77.665363965157553, 8.622402392979577 ], [ 77.665344325214292, 8.619601411534696 ], [ 77.67442312256334, 8.619538263354617 ] ] ] } },
{ "type": "Feature", "properties": { "zone_id": "ZONE_R22_C11", "row": 22, "col": 11, "flooded_area_km2": 0.0, "agricultural_exposed_km2": 0.0, "buildings_exposed_count": 0, "roads_exposed_km": 0.0, "total_buildings_count": 0, "total_roads_km": 2.234, "population_exposed_proxy": 0, "land_use_breakdown": { }, "locality_name": "South Agricultural Basin (Sector 22-11)", "priority_score": 0.0, "score_infra": 0.0, "score_agri": 0.0, "rank_infra": 133, "rank_agri": 133, "exposure_class": "LOW", "class_color": "#22c55e", "contributing_factors_json": { "flood_overlap_pct": 0.0, "building_exposure_pct": 0.0, "road_disruption_pct": 0.0, "population_proxy_pct": 0.0, "cropland_loss_pct": 0.0 }, "primary_reason": "Zero flood exposure detected in current satellite pass.", "recommended_action": "Low exposure: Standard monitoring; maintain flood gate surveillance and culvert clearing.", "rank": 183 }, "geometry": { "type": "Polygon", "coordinates": [ [ [ 77.7198361076494, 8.622020166320478 ], [ 77.71990079928959, 8.631055180837038 ], [ 77.710822068004418, 8.631119489001192 ], [ 77.710757591651941, 8.622084406179212 ], [ 77.7198361076494, 8.622020166320478 ] ] ] } },
{ "type": "Feature", "properties": { "zone_id": "ZONE_R22_C10", "row": 22, "col": 10, "flooded_area_km2": 0.0, "agricultural_exposed_km2": 0.0, "buildings_exposed_count": 0, "roads_exposed_km": 0.0, "total_buildings_count": 0, "total_roads_km": 0.826, "population_exposed_proxy": 0, "land_use_breakdown": { }, "locality_name": "South Agricultural Basin (Sector 22-10)", "priority_score": 0.0, "score_infra": 0.0, "score_agri": 0.0, "rank_infra": 133, "rank_agri": 133, "exposure_class": "LOW", "class_color": "#22c55e", "contributing_factors_json": { "flood_overlap_pct": 0.0, "building_exposure_pct": 0.0, "road_disruption_pct": 0.0, "population_proxy_pct": 0.0, "cropland_loss_pct": 0.0 }, "primary_reason": "Zero flood exposure detected in current satellite pass.", "recommended_action": "Low exposure: Standard monitoring; maintain flood gate surveillance and culvert clearing.", "rank": 184 }, "geometry": { "type": "Polygon", "coordinates": [ [ [ 77.710757591651941, 8.622084406179212 ], [ 77.710822068004418, 8.631119489001192 ], [ 77.701743266632008, 8.631183582782043 ], [ 77.701679005575372, 8.622148431882326 ], [ 77.710757591651941, 8.622084406179212 ] ] ] } },
{ "type": "Feature", "properties": { "zone_id": "ZONE_R15_C12", "row": 15, "col": 12, "flooded_area_km2": 0.0, "agricultural_exposed_km2": 0.0, "buildings_exposed_count": 0, "roads_exposed_km": 0.0, "total_buildings_count": 314, "total_roads_km": 10.641, "population_exposed_proxy": 0, "land_use_breakdown": { }, "locality_name": "Melapalayam & Drainage Plain (Sector 15-12)", "priority_score": 0.0, "score_infra": 0.0, "score_agri": 0.0, "rank_infra": 133, "rank_agri": 133, "exposure_class": "LOW", "class_color": "#22c55e", "contributing_factors_json": { "flood_overlap_pct": 0.0, "building_exposure_pct": 0.0, "road_disruption_pct": 0.0, "population_proxy_pct": 0.0, "cropland_loss_pct": 0.0 }, "primary_reason": "Zero flood exposure detected in current satellite pass.", "recommended_action": "Low exposure: Standard monitoring; maintain flood gate surveillance and culvert clearing.", "rank": 185 }, "geometry": { "type": "Polygon", "coordinates": [ [ [ 77.729370383717878, 8.685200234680311 ], [ 77.729435784696335, 8.694235147445886 ], [ 77.720355610222967, 8.694300149804587 ], [ 77.720290426162379, 8.685265168484003 ], [ 77.729370383717878, 8.685200234680311 ] ] ] } },
{ "type": "Feature", "properties": { "zone_id": "ZONE_R14_C18", "row": 14, "col": 18, "flooded_area_km2": 0.0, "agricultural_exposed_km2": 0.0, "buildings_exposed_count": 0, "roads_exposed_km": 0.0, "total_buildings_count": 0, "total_roads_km": 2.448, "population_exposed_proxy": 0, "land_use_breakdown": { }, "locality_name": "Palayamkottai & South Canal (Sector 14-18)", "priority_score": 0.0, "score_infra": 0.0, "score_agri": 0.0, "rank_infra": 133, "rank_agri": 133, "exposure_class": "LOW", "class_color": "#22c55e", "contributing_factors_json": { "flood_overlap_pct": 0.0, "building_exposure_pct": 0.0, "road_disruption_pct": 0.0, "population_proxy_pct": 0.0, "cropland_loss_pct": 0.0 }, "primary_reason": "Zero flood exposure detected in current satellite pass.", "recommended_action": "Low exposure: Standard monitoring; maintain flood gate surveillance and culvert clearing.", "rank": 186 }, "geometry": { "type": "Polygon", "coordinates": [ [ [ 77.783915340473598, 8.69384059839267 ], [ 77.783982114802527, 8.702875090262044 ], [ 77.774902150415755, 8.702941458190418 ], [ 77.774835593188868, 8.693906896396511 ], [ 77.783915340473598, 8.69384059839267 ] ] ] } },
{ "type": "Feature", "properties": { "zone_id": "ZONE_R15_C13", "row": 15, "col": 13, "flooded_area_km2": 0.0, "agricultural_exposed_km2": 0.0, "buildings_exposed_count": 0, "roads_exposed_km": 0.0, "total_buildings_count": 846, "total_roads_km": 14.757, "population_exposed_proxy": 0, "land_use_breakdown": { }, "locality_name": "Melapalayam & Drainage Plain (Sector 15-13)", "priority_score": 0.0, "score_infra": 0.0, "score_agri": 0.0, "rank_infra": 133, "rank_agri": 133, "exposure_class": "LOW", "class_color": "#22c55e", "contributing_factors_json": { "flood_overlap_pct": 0.0, "building_exposure_pct": 0.0, "road_disruption_pct": 0.0, "population_proxy_pct": 0.0, "cropland_loss_pct": 0.0 }, "primary_reason": "Zero flood exposure detected in current satellite pass.", "recommended_action": "Low exposure: Standard monitoring; maintain flood gate surveillance and culvert clearing.", "rank": 187 }, "geometry": { "type": "Polygon", "coordinates": [ [ [ 77.738450270668864, 8.68513508514312 ], [ 77.738515888556947, 8.694169929125941 ], [ 77.729435784696335, 8.694235147445886 ], [ 77.729370383717878, 8.685200234680311 ], [ 77.738450270668864, 8.68513508514312 ] ] ] } },
{ "type": "Feature", "properties": { "zone_id": "ZONE_R22_C09", "row": 22, "col": 9, "flooded_area_km2": 0.0, "agricultural_exposed_km2": 0.0, "buildings_exposed_count": 0, "roads_exposed_km": 0.0, "total_buildings_count": 1, "total_roads_km": 9.089, "population_exposed_proxy": 0, "land_use_breakdown": { }, "locality_name": "South Agricultural Basin (Sector 22-9)", "priority_score": 0.0, "score_infra": 0.0, "score_agri": 0.0, "rank_infra": 133, "rank_agri": 133, "exposure_class": "LOW", "class_color": "#22c55e", "contributing_factors_json": { "flood_overlap_pct": 0.0, "building_exposure_pct": 0.0, "road_disruption_pct": 0.0, "population_proxy_pct": 0.0, "cropland_loss_pct": 0.0 }, "primary_reason": "Zero flood exposure detected in current satellite pass.", "recommended_action": "Low exposure: Standard monitoring; maintain flood gate surveillance and culvert clearing.", "rank": 188 }, "geometry": { "type": "Polygon", "coordinates": [ [ [ 77.701679005575372, 8.622148431882326 ], [ 77.701743266632008, 8.631183582782043 ], [ 77.692664395406354, 8.631247462171606 ], [ 77.692600349653688, 8.622212243421851 ], [ 77.701679005575372, 8.622148431882326 ] ] ] } },
{ "type": "Feature", "properties": { "zone_id": "ZONE_R14_C17", "row": 14, "col": 17, "flooded_area_km2": 0.0, "agricultural_exposed_km2": 0.0, "buildings_exposed_count": 0, "roads_exposed_km": 0.0, "total_buildings_count": 37, "total_roads_km": 7.291, "population_exposed_proxy": 0, "land_use_breakdown": { }, "locality_name": "Palayamkottai & South Canal (Sector 14-17)", "priority_score": 0.0, "score_infra": 0.0, "score_agri": 0.0, "rank_infra": 133, "rank_agri": 133, "exposure_class": "LOW", "class_color": "#22c55e", "contributing_factors_json": { "flood_overlap_pct": 0.0, "building_exposure_pct": 0.0, "road_disruption_pct": 0.0, "population_proxy_pct": 0.0, "cropland_loss_pct": 0.0 }, "primary_reason": "Zero flood exposure detected in current satellite pass.", "recommended_action": "Low exposure: Standard monitoring; maintain flood gate surveillance and culvert clearing.", "rank": 189 }, "geometry": { "type": "Polygon", "coordinates": [ [ [ 77.774835593188868, 8.693906896396511 ], [ 77.774902150415755, 8.702941458190418 ], [ 77.765822114237181, 8.703007609970703 ], [ 77.76575577412072, 8.693972978479968 ], [ 77.774835593188868, 8.693906896396511 ] ] ] } },
{ "type": "Feature", "properties": { "zone_id": "ZONE_R14_C16", "row": 14, "col": 16, "flooded_area_km2": 0.0, "agricultural_exposed_km2": 0.0, "buildings_exposed_count": 0, "roads_exposed_km": 0.0, "total_buildings_count": 856, "total_roads_km": 17.913, "population_exposed_proxy": 0, "land_use_breakdown": { }, "locality_name": "Palayamkottai & South Canal (Sector 14-16)", "priority_score": 0.0, "score_infra": 0.0, "score_agri": 0.0, "rank_infra": 133, "rank_agri": 133, "exposure_class": "LOW", "class_color": "#22c55e", "contributing_factors_json": { "flood_overlap_pct": 0.0, "building_exposure_pct": 0.0, "road_disruption_pct": 0.0, "population_proxy_pct": 0.0, "cropland_loss_pct": 0.0 }, "primary_reason": "Zero flood exposure detected in current satellite pass.", "recommended_action": "Low exposure: Standard monitoring; maintain flood gate surveillance and culvert clearing.", "rank": 190 }, "geometry": { "type": "Polygon", "coordinates": [ [ [ 77.76575577412072, 8.693972978479968 ], [ 77.765822114237181, 8.703007609970703 ], [ 77.756742006500914, 8.703073545594668 ], [ 77.756675883503277, 8.694038844634822 ], [ 77.76575577412072, 8.693972978479968 ] ] ] } },
{ "type": "Feature", "properties": { "zone_id": "ZONE_R14_C15", "row": 14, "col": 15, "flooded_area_km2": 0.0, "agricultural_exposed_km2": 0.0, "buildings_exposed_count": 0, "roads_exposed_km": 0.0, "total_buildings_count": 2, "total_roads_km": 20.983, "population_exposed_proxy": 0, "land_use_breakdown": { }, "locality_name": "Palayamkottai & South Canal (Sector 14-15)", "priority_score": 0.0, "score_infra": 0.0, "score_agri": 0.0, "rank_infra": 133, "rank_agri": 133, "exposure_class": "LOW", "class_color": "#22c55e", "contributing_factors_json": { "flood_overlap_pct": 0.0, "building_exposure_pct": 0.0, "road_disruption_pct": 0.0, "population_proxy_pct": 0.0, "cropland_loss_pct": 0.0 }, "primary_reason": "Zero flood exposure detected in current satellite pass.", "recommended_action": "Low exposure: Standard monitoring; maintain flood gate surveillance and culvert clearing.", "rank": 191 }, "geometry": { "type": "Polygon", "coordinates": [ [ [ 77.756675883503277, 8.694038844634822 ], [ 77.756742006500914, 8.703073545594668 ], [ 77.747661827441135, 8.7031392650541 ], [ 77.747595921570635, 8.694104494852869 ], [ 77.756675883503277, 8.694038844634822 ] ] ] } },
{ "type": "Feature", "properties": { "zone_id": "ZONE_R15_C16", "row": 15, "col": 16, "flooded_area_km2": 0.0, "agricultural_exposed_km2": 0.0, "buildings_exposed_count": 0, "roads_exposed_km": 0.0, "total_buildings_count": 607, "total_roads_km": 8.258, "population_exposed_proxy": 0, "land_use_breakdown": { }, "locality_name": "Palayamkottai & South Canal (Sector 15-16)", "priority_score": 0.0, "score_infra": 0.0, "score_agri": 0.0, "rank_infra": 133, "rank_agri": 133, "exposure_class": "LOW", "class_color": "#22c55e", "contributing_factors_json": { "flood_overlap_pct": 0.0, "building_exposure_pct": 0.0, "road_disruption_pct": 0.0, "population_proxy_pct": 0.0, "cropland_loss_pct": 0.0 }, "primary_reason": "Zero flood exposure detected in current satellite pass.", "recommended_action": "Low exposure: Standard monitoring; maintain flood gate surveillance and culvert clearing.", "rank": 192 }, "geometry": { "type": "Polygon", "coordinates": [ [ [ 77.765689505553567, 8.684938342211767 ], [ 77.76575577412072, 8.693972978479968 ], [ 77.756675883503277, 8.694038844634822 ], [ 77.756609831820811, 8.685004138900696 ], [ 77.765689505553567, 8.684938342211767 ] ] ] } },
{ "type": "Feature", "properties": { "zone_id": "ZONE_R14_C14", "row": 14, "col": 14, "flooded_area_km2": 0.0, "agricultural_exposed_km2": 0.0, "buildings_exposed_count": 0, "roads_exposed_km": 0.0, "total_buildings_count": 651, "total_roads_km": 15.995, "population_exposed_proxy": 0, "land_use_breakdown": { }, "locality_name": "Palayamkottai & South Canal (Sector 14-14)", "priority_score": 0.0, "score_infra": 0.0, "score_agri": 0.0, "rank_infra": 133, "rank_agri": 133, "exposure_class": "LOW", "class_color": "#22c55e", "contributing_factors_json": { "flood_overlap_pct": 0.0, "building_exposure_pct": 0.0, "road_disruption_pct": 0.0, "population_proxy_pct": 0.0, "cropland_loss_pct": 0.0 }, "primary_reason": "Zero flood exposure detected in current satellite pass.", "recommended_action": "Low exposure: Standard monitoring; maintain flood gate surveillance and culvert clearing.", "rank": 193 }, "geometry": { "type": "Polygon", "coordinates": [ [ [ 77.747595921570635, 8.694104494852869 ], [ 77.747661827441135, 8.7031392650541 ], [ 77.738581577291953, 8.703204768340822 ], [ 77.738515888556947, 8.694169929125941 ], [ 77.747595921570635, 8.694104494852869 ] ] ] } },
{ "type": "Feature", "properties": { "zone_id": "ZONE_R15_C17", "row": 15, "col": 17, "flooded_area_km2": 0.0, "agricultural_exposed_km2": 0.0, "buildings_exposed_count": 0, "roads_exposed_km": 0.0, "total_buildings_count": 27, "total_roads_km": 4.192, "population_exposed_proxy": 0, "land_use_breakdown": { }, "locality_name": "Palayamkottai & South Canal (Sector 15-17)", "priority_score": 0.0, "score_infra": 0.0, "score_agri": 0.0, "rank_infra": 133, "rank_agri": 133, "exposure_class": "LOW", "class_color": "#22c55e", "contributing_factors_json": { "flood_overlap_pct": 0.0, "building_exposure_pct": 0.0, "road_disruption_pct": 0.0, "population_proxy_pct": 0.0, "cropland_loss_pct": 0.0 }, "primary_reason": "Zero flood exposure detected in current satellite pass.", "recommended_action": "Low exposure: Standard monitoring; maintain flood gate surveillance and culvert clearing.", "rank": 194 }, "geometry": { "type": "Polygon", "coordinates": [ [ [ 77.774769107745385, 8.684872329821937 ], [ 77.774835593188868, 8.693906896396511 ], [ 77.76575577412072, 8.693972978479968 ], [ 77.765689505553567, 8.684938342211767 ], [ 77.774769107745385, 8.684872329821937 ] ] ] } },
{ "type": "Feature", "properties": { "zone_id": "ZONE_R22_C08", "row": 22, "col": 8, "flooded_area_km2": 0.0, "agricultural_exposed_km2": 0.0, "buildings_exposed_count": 0, "roads_exposed_km": 0.0, "total_buildings_count": 0, "total_roads_km": 1.605, "population_exposed_proxy": 0, "land_use_breakdown": { }, "locality_name": "South Agricultural Basin (Sector 22-8)", "priority_score": 0.0, "score_infra": 0.0, "score_agri": 0.0, "rank_infra": 133, "rank_agri": 133, "exposure_class": "LOW", "class_color": "#22c55e", "contributing_factors_json": { "flood_overlap_pct": 0.0, "building_exposure_pct": 0.0, "road_disruption_pct": 0.0, "population_proxy_pct": 0.0, "cropland_loss_pct": 0.0 }, "primary_reason": "Zero flood exposure detected in current satellite pass.", "recommended_action": "Low exposure: Standard monitoring; maintain flood gate surveillance and culvert clearing.", "rank": 195 }, "geometry": { "type": "Polygon", "coordinates": [ [ [ 77.692600349653688, 8.622212243421851 ], [ 77.692664395406354, 8.631247462171606 ], [ 77.683585454561467, 8.631311127161927 ], [ 77.683521624120843, 8.62227584078984 ], [ 77.692600349653688, 8.622212243421851 ] ] ] } },
{ "type": "Feature", "properties": { "zone_id": "ZONE_R16_C11", "row": 16, "col": 11, "flooded_area_km2": 0.0, "agricultural_exposed_km2": 0.0, "buildings_exposed_count": 0, "roads_exposed_km": 0.0, "total_buildings_count": 28, "total_roads_km": 3.451, "population_exposed_proxy": 0, "land_use_breakdown": { }, "locality_name": "Melapalayam & Drainage Plain (Sector 16-11)", "priority_score": 0.0, "score_infra": 0.0, "score_agri": 0.0, "rank_infra": 133, "rank_agri": 133, "exposure_class": "LOW", "class_color": "#22c55e", "contributing_factors_json": { "flood_overlap_pct": 0.0, "building_exposure_pct": 0.0, "road_disruption_pct": 0.0, "population_proxy_pct": 0.0, "cropland_loss_pct": 0.0 }, "primary_reason": "Zero flood exposure detected in current satellite pass.", "recommended_action": "Low exposure: Standard monitoring; maintain flood gate surveillance and culvert clearing.", "rank": 196 }, "geometry": { "type": "Polygon", "coordinates": [ [ [ 77.720225312472181, 8.676230182406615 ], [ 77.720290426162379, 8.685265168484003 ], [ 77.711210398236503, 8.685329886546105 ], [ 77.711145501238278, 8.67629483214459 ], [ 77.720225312472181, 8.676230182406615 ] ] ] } },
{ "type": "Feature", "properties": { "zone_id": "ZONE_R21_C10", "row": 21, "col": 10, "flooded_area_km2": 0.0, "agricultural_exposed_km2": 0.0, "buildings_exposed_count": 0, "roads_exposed_km": 0.0, "total_buildings_count": 0, "total_roads_km": 3.048, "population_exposed_proxy": 0, "land_use_breakdown": { }, "locality_name": "South Agricultural Basin (Sector 21-10)", "priority_score": 0.0, "score_infra": 0.0, "score_agri": 0.0, "rank_infra": 133, "rank_agri": 133, "exposure_class": "LOW", "class_color": "#22c55e", "contributing_factors_json": { "flood_overlap_pct": 0.0, "building_exposure_pct": 0.0, "road_disruption_pct": 0.0, "population_proxy_pct": 0.0, "cropland_loss_pct": 0.0 }, "primary_reason": "Zero flood exposure detected in current satellite pass.", "recommended_action": "Low exposure: Standard monitoring; maintain flood gate surveillance and culvert clearing.", "rank": 197 }, "geometry": { "type": "Polygon", "coordinates": [ [ [ 77.710822068004418, 8.631119489001192 ], [ 77.710886614444107, 8.640154567098524 ], [ 77.701807597541872, 8.640218728960207 ], [ 77.701743266632008, 8.631183582782043 ], [ 77.710822068004418, 8.631119489001192 ] ] ] } },
{ "type": "Feature", "properties": { "zone_id": "ZONE_R16_C13", "row": 16, "col": 13, "flooded_area_km2": 0.0, "agricultural_exposed_km2": 0.0, "buildings_exposed_count": 0, "roads_exposed_km": 0.0, "total_buildings_count": 559, "total_roads_km": 14.136, "population_exposed_proxy": 0, "land_use_breakdown": { }, "locality_name": "Melapalayam & Drainage Plain (Sector 16-13)", "priority_score": 0.0, "score_infra": 0.0, "score_agri": 0.0, "rank_infra": 133, "rank_agri": 133, "exposure_class": "LOW", "class_color": "#22c55e", "contributing_factors_json": { "flood_overlap_pct": 0.0, "building_exposure_pct": 0.0, "road_disruption_pct": 0.0, "population_proxy_pct": 0.0, "cropland_loss_pct": 0.0 }, "primary_reason": "Zero flood exposure detected in current satellite pass.", "recommended_action": "Low exposure: Standard monitoring; maintain flood gate surveillance and culvert clearing.", "rank": 198 }, "geometry": { "type": "Polygon", "coordinates": [ [ [ 77.738384723619404, 8.676100236397204 ], [ 77.738450270668864, 8.68513508514312 ], [ 77.729370383717878, 8.685200234680311 ], [ 77.729305053343921, 8.676165317154792 ], [ 77.738384723619404, 8.676100236397204 ] ] ] } },
{ "type": "Feature", "properties": { "zone_id": "ZONE_R18_C17", "row": 18, "col": 17, "flooded_area_km2": 0.0, "agricultural_exposed_km2": 0.0, "buildings_exposed_count": 0, "roads_exposed_km": 0.0, "total_buildings_count": 0, "total_roads_km": 0.0, "population_exposed_proxy": 0, "land_use_breakdown": { }, "locality_name": "South Agricultural Basin (Sector 18-17)", "priority_score": 0.0, "score_infra": 0.0, "score_agri": 0.0, "rank_infra": 133, "rank_agri": 133, "exposure_class": "LOW", "class_color": "#22c55e", "contributing_factors_json": { "flood_overlap_pct": 0.0, "building_exposure_pct": 0.0, "road_disruption_pct": 0.0, "population_proxy_pct": 0.0, "cropland_loss_pct": 0.0 }, "primary_reason": "Zero flood exposure detected in current satellite pass.", "recommended_action": "Low exposure: Standard monitoring; maintain flood gate surveillance and culvert clearing.", "rank": 199 }, "geometry": { "type": "Polygon", "coordinates": [ [ [ 77.774570082031531, 8.657768601462848 ], [ 77.774636352175094, 8.666803182350247 ], [ 77.765557183033707, 8.666869055362389 ], [ 77.765491129064301, 8.657834404790927 ], [ 77.774570082031531, 8.657768601462848 ] ] ] } },
{ "type": "Feature", "properties": { "zone_id": "ZONE_R18_C15", "row": 18, "col": 15, "flooded_area_km2": 0.0, "agricultural_exposed_km2": 0.0, "buildings_exposed_count": 0, "roads_exposed_km": 0.0, "total_buildings_count": 0, "total_roads_km": 1.136, "population_exposed_proxy": 0, "land_use_breakdown": { }, "locality_name": "South Agricultural Basin (Sector 18-15)", "priority_score": 0.0, "score_infra": 0.0, "score_agri": 0.0, "rank_infra": 133, "rank_agri": 133, "exposure_class": "LOW", "class_color": "#22c55e", "contributing_factors_json": { "flood_overlap_pct": 0.0, "building_exposure_pct": 0.0, "road_disruption_pct": 0.0, "population_proxy_pct": 0.0, "cropland_loss_pct": 0.0 }, "primary_reason": "Zero flood exposure detected in current satellite pass.", "recommended_action": "Low exposure: Standard monitoring; maintain flood gate surveillance and culvert clearing.", "rank": 200 }, "geometry": { "type": "Polygon", "coordinates": [ [ [ 77.756412104581187, 8.657899993101164 ], [ 77.756477942368079, 8.666934713129011 ], [ 77.747398630412277, 8.667000155641945 ], [ 77.747333008816184, 8.657965366385392 ], [ 77.756412104581187, 8.657899993101164 ] ] ] } },
{ "type": "Feature", "properties": { "zone_id": "ZONE_R18_C14", "row": 18, "col": 14, "flooded_area_km2": 0.0, "agricultural_exposed_km2": 0.0, "buildings_exposed_count": 0, "roads_exposed_km": 0.0, "total_buildings_count": 5, "total_roads_km": 5.378, "population_exposed_proxy": 0, "land_use_breakdown": { }, "locality_name": "South Agricultural Basin (Sector 18-14)", "priority_score": 0.0, "score_infra": 0.0, "score_agri": 0.0, "rank_infra": 133, "rank_agri": 133, "exposure_class": "LOW", "class_color": "#22c55e", "contributing_factors_json": { "flood_overlap_pct": 0.0, "building_exposure_pct": 0.0, "road_disruption_pct": 0.0, "population_proxy_pct": 0.0, "cropland_loss_pct": 0.0 }, "primary_reason": "Zero flood exposure detected in current satellite pass.", "recommended_action": "Low exposure: Standard monitoring; maintain flood gate surveillance and culvert clearing.", "rank": 201 }, "geometry": { "type": "Polygon", "coordinates": [ [ [ 77.747333008816184, 8.657965366385392 ], [ 77.747398630412277, 8.667000155641945 ], [ 77.738319247400298, 8.667065382893041 ], [ 77.738253842003303, 8.658030524635478 ], [ 77.747333008816184, 8.657965366385392 ] ] ] } },
{ "type": "Feature", "properties": { "zone_id": "ZONE_R18_C13", "row": 18, "col": 13, "flooded_area_km2": 0.0, "agricultural_exposed_km2": 0.0, "buildings_exposed_count": 0, "roads_exposed_km": 0.0, "total_buildings_count": 11, "total_roads_km": 5.457, "population_exposed_proxy": 0, "land_use_breakdown": { }, "locality_name": "Melapalayam & Drainage Plain (Sector 18-13)", "priority_score": 0.0, "score_infra": 0.0, "score_agri": 0.0, "rank_infra": 133, "rank_agri": 133, "exposure_class": "LOW", "class_color": "#22c55e", "contributing_factors_json": { "flood_overlap_pct": 0.0, "building_exposure_pct": 0.0, "road_disruption_pct": 0.0, "population_proxy_pct": 0.0, "cropland_loss_pct": 0.0 }, "primary_reason": "Zero flood exposure detected in current satellite pass.", "recommended_action": "Low exposure: Standard monitoring; maintain flood gate surveillance and culvert clearing.", "rank": 202 }, "geometry": { "type": "Polygon", "coordinates": [ [ [ 77.738253842003303, 8.658030524635478 ], [ 77.738319247400298, 8.667065382893041 ], [ 77.729239793566236, 8.667130394874178 ], [ 77.729174604376581, 8.658095467843305 ], [ 77.738253842003303, 8.658030524635478 ] ] ] } },
{ "type": "Feature", "properties": { "zone_id": "ZONE_R18_C12", "row": 18, "col": 12, "flooded_area_km2": 0.0, "agricultural_exposed_km2": 0.0, "buildings_exposed_count": 0, "roads_exposed_km": 0.0, "total_buildings_count": 0, "total_roads_km": 10.413, "population_exposed_proxy": 0, "land_use_breakdown": { }, "locality_name": "Melapalayam & Drainage Plain (Sector 18-12)", "priority_score": 0.0, "score_infra": 0.0, "score_agri": 0.0, "rank_infra": 133, "rank_agri": 133, "exposure_class": "LOW", "class_color": "#22c55e", "contributing_factors_json": { "flood_overlap_pct": 0.0, "building_exposure_pct": 0.0, "road_disruption_pct": 0.0, "population_proxy_pct": 0.0, "cropland_loss_pct": 0.0 }, "primary_reason": "Zero flood exposure detected in current satellite pass.", "recommended_action": "Low exposure: Standard monitoring; maintain flood gate surveillance and culvert clearing.", "rank": 203 }, "geometry": { "type": "Polygon", "coordinates": [ [ [ 77.729174604376581, 8.658095467843305 ], [ 77.729239793566236, 8.667130394874178 ], [ 77.720160269144145, 8.667195191577264 ], [ 77.720095296170072, 8.658160196000793 ], [ 77.729174604376581, 8.658095467843305 ] ] ] } },
{ "type": "Feature", "properties": { "zone_id": "ZONE_R18_C11", "row": 18, "col": 11, "flooded_area_km2": 0.0, "agricultural_exposed_km2": 0.0, "buildings_exposed_count": 0, "roads_exposed_km": 0.0, "total_buildings_count": 3, "total_roads_km": 9.629, "population_exposed_proxy": 0, "land_use_breakdown": { }, "locality_name": "Melapalayam & Drainage Plain (Sector 18-11)", "priority_score": 0.0, "score_infra": 0.0, "score_agri": 0.0, "rank_infra": 133, "rank_agri": 133, "exposure_class": "LOW", "class_color": "#22c55e", "contributing_factors_json": { "flood_overlap_pct": 0.0, "building_exposure_pct": 0.0, "road_disruption_pct": 0.0, "population_proxy_pct": 0.0, "cropland_loss_pct": 0.0 }, "primary_reason": "Zero flood exposure detected in current satellite pass.", "recommended_action": "Low exposure: Standard monitoring; maintain flood gate surveillance and culvert clearing.", "rank": 204 }, "geometry": { "type": "Polygon", "coordinates": [ [ [ 77.720095296170072, 8.658160196000793 ], [ 77.720160269144145, 8.667195191577264 ], [ 77.711080674368105, 8.667259772994235 ], [ 77.7110159176178, 8.65822470909988 ], [ 77.720095296170072, 8.658160196000793 ] ] ] } },
{ "type": "Feature", "properties": { "zone_id": "ZONE_R18_C10", "row": 18, "col": 10, "flooded_area_km2": 0.0, "agricultural_exposed_km2": 0.0, "buildings_exposed_count": 0, "roads_exposed_km": 0.0, "total_buildings_count": 0, "total_roads_km": 0.0, "population_exposed_proxy": 0, "land_use_breakdown": { }, "locality_name": "Melapalayam & Drainage Plain (Sector 18-10)", "priority_score": 0.0, "score_infra": 0.0, "score_agri": 0.0, "rank_infra": 133, "rank_agri": 133, "exposure_class": "LOW", "class_color": "#22c55e", "contributing_factors_json": { "flood_overlap_pct": 0.0, "building_exposure_pct": 0.0, "road_disruption_pct": 0.0, "population_proxy_pct": 0.0, "cropland_loss_pct": 0.0 }, "primary_reason": "Zero flood exposure detected in current satellite pass.", "recommended_action": "Low exposure: Standard monitoring; maintain flood gate surveillance and culvert clearing.", "rank": 205 }, "geometry": { "type": "Polygon", "coordinates": [ [ [ 77.7110159176178, 8.65822470909988 ], [ 77.711080674368105, 8.667259772994235 ], [ 77.702001009472184, 8.667324139117047 ], [ 77.701936468953846, 8.658289007132542 ], [ 77.7110159176178, 8.65822470909988 ] ] ] } },
{ "type": "Feature", "properties": { "zone_id": "ZONE_R18_C09", "row": 18, "col": 9, "flooded_area_km2": 0.0, "agricultural_exposed_km2": 0.0, "buildings_exposed_count": 0, "roads_exposed_km": 0.0, "total_buildings_count": 0, "total_roads_km": 1.01, "population_exposed_proxy": 0, "land_use_breakdown": { }, "locality_name": "Melapalayam & Drainage Plain (Sector 18-9)", "priority_score": 0.0, "score_infra": 0.0, "score_agri": 0.0, "rank_infra": 133, "rank_agri": 133, "exposure_class": "LOW", "class_color": "#22c55e", "contributing_factors_json": { "flood_overlap_pct": 0.0, "building_exposure_pct": 0.0, "road_disruption_pct": 0.0, "population_proxy_pct": 0.0, "cropland_loss_pct": 0.0 }, "primary_reason": "Zero flood exposure detected in current satellite pass.", "recommended_action": "Low exposure: Standard monitoring; maintain flood gate surveillance and culvert clearing.", "rank": 206 }, "geometry": { "type": "Polygon", "coordinates": [ [ [ 77.701936468953846, 8.658289007132542 ], [ 77.702001009472184, 8.667324139117047 ], [ 77.692921274690519, 8.667388289937687 ], [ 77.692856950412249, 8.658353090090767 ], [ 77.701936468953846, 8.658289007132542 ] ] ] } },
{ "type": "Feature", "properties": { "zone_id": "ZONE_R18_C07", "row": 18, "col": 7, "flooded_area_km2": 0.0, "agricultural_exposed_km2": 0.0, "buildings_exposed_count": 0, "roads_exposed_km": 0.0, "total_buildings_count": 0, "total_roads_km": 1.464, "population_exposed_proxy": 0, "land_use_breakdown": { }, "locality_name": "South Agricultural Basin (Sector 18-7)", "priority_score": 0.0, "score_infra": 0.0, "score_agri": 0.0, "rank_infra": 133, "rank_agri": 133, "exposure_class": "LOW", "class_color": "#22c55e", "contributing_factors_json": { "flood_overlap_pct": 0.0, "building_exposure_pct": 0.0, "road_disruption_pct": 0.0, "population_proxy_pct": 0.0, "cropland_loss_pct": 0.0 }, "primary_reason": "Zero flood exposure detected in current satellite pass.", "recommended_action": "Low exposure: Standard monitoring; maintain flood gate surveillance and culvert clearing.", "rank": 207 }, "geometry": { "type": "Polygon", "coordinates": [ [ [ 77.683777362227119, 8.658416957966582 ], [ 77.68384147025715, 8.667452225448171 ], [ 77.674761596406242, 8.667515945640538 ], [ 77.674697704632507, 8.658480610752033 ], [ 77.683777362227119, 8.658416957966582 ] ] ] } },
{ "type": "Feature", "properties": { "zone_id": "ZONE_R20_C03", "row": 20, "col": 3, "flooded_area_km2": 0.0, "agricultural_exposed_km2": 0.0, "buildings_exposed_count": 0, "roads_exposed_km": 0.0, "total_buildings_count": 12, "total_roads_km": 3.082, "population_exposed_proxy": 0, "land_use_breakdown": { }, "locality_name": "South Agricultural Basin (Sector 20-3)", "priority_score": 0.0, "score_infra": 0.0, "score_agri": 0.0, "rank_infra": 133, "rank_agri": 133, "exposure_class": "LOW", "class_color": "#22c55e", "contributing_factors_json": { "flood_overlap_pct": 0.0, "building_exposure_pct": 0.0, "road_disruption_pct": 0.0, "population_proxy_pct": 0.0, "cropland_loss_pct": 0.0 }, "primary_reason": "Zero flood exposure detected in current satellite pass.", "recommended_action": "Low exposure: Standard monitoring; maintain flood gate surveillance and culvert clearing.", "rank": 208 }, "geometry": { "type": "Polygon", "coordinates": [ [ [ 77.647332037230981, 8.640599192853779 ], [ 77.647395143249412, 8.649634738026837 ], [ 77.638315426412248, 8.649697463879079 ], [ 77.638252536213997, 8.640661852216279 ], [ 77.647332037230981, 8.640599192853779 ] ] ] } },
{ "type": "Feature", "properties": { "zone_id": "ZONE_R20_C04", "row": 20, "col": 4, "flooded_area_km2": 0.0, "agricultural_exposed_km2": 0.0, "buildings_exposed_count": 0, "roads_exposed_km": 0.0, "total_buildings_count": 0, "total_roads_km": 1.371, "population_exposed_proxy": 0, "land_use_breakdown": { }, "locality_name": "South Agricultural Basin (Sector 20-4)", "priority_score": 0.0, "score_infra": 0.0, "score_agri": 0.0, "rank_infra": 133, "rank_agri": 133, "exposure_class": "LOW", "class_color": "#22c55e", "contributing_factors_json": { "flood_overlap_pct": 0.0, "building_exposure_pct": 0.0, "road_disruption_pct": 0.0, "population_proxy_pct": 0.0, "cropland_loss_pct": 0.0 }, "primary_reason": "Zero flood exposure detected in current satellite pass.", "recommended_action": "Low exposure: Standard monitoring; maintain flood gate surveillance and culvert clearing.", "rank": 209 }, "geometry": { "type": "Polygon", "coordinates": [ [ [ 77.656411469790868, 8.640536318824925 ], [ 77.656474791621505, 8.649571797280473 ], [ 77.647395143249412, 8.649634738026837 ], [ 77.647332037230981, 8.640599192853779 ], [ 77.656411469790868, 8.640536318824925 ] ] ] } },
{ "type": "Feature", "properties": { "zone_id": "ZONE_R20_C05", "row": 20, "col": 5, "flooded_area_km2": 0.0, "agricultural_exposed_km2": 0.0, "buildings_exposed_count": 0, "roads_exposed_km": 0.0, "total_buildings_count": 0, "total_roads_km": 2.884, "population_exposed_proxy": 0, "land_use_breakdown": { }, "locality_name": "South Agricultural Basin (Sector 20-5)", "priority_score": 0.0, "score_infra": 0.0, "score_agri": 0.0, "rank_infra": 133, "rank_agri": 133, "exposure_class": "LOW", "class_color": "#22c55e", "contributing_factors_json": { "flood_overlap_pct": 0.0, "building_exposure_pct": 0.0, "road_disruption_pct": 0.0, "population_proxy_pct": 0.0, "cropland_loss_pct": 0.0 }, "primary_reason": "Zero flood exposure detected in current satellite pass.", "recommended_action": "Low exposure: Standard monitoring; maintain flood gate surveillance and culvert clearing.", "rank": 210 }, "geometry": { "type": "Polygon", "coordinates": [ [ [ 77.665490833659604, 8.640473230137543 ], [ 77.665554371294448, 8.649508641647817 ], [ 77.656474791621505, 8.649571797280473 ], [ 77.656411469790868, 8.640536318824925 ], [ 77.665490833659604, 8.640473230137543 ] ] ] } },
{ "type": "Feature", "properties": { "zone_id": "ZONE_R20_C06", "row": 20, "col": 6, "flooded_area_km2": 0.0, "agricultural_exposed_km2": 0.0, "buildings_exposed_count": 0, "roads_exposed_km": 0.0, "total_buildings_count": 0, "total_roads_km": 1.155, "population_exposed_proxy": 0, "land_use_breakdown": { }, "locality_name": "South Agricultural Basin (Sector 20-6)", "priority_score": 0.0, "score_infra": 0.0, "score_agri": 0.0, "rank_infra": 133, "rank_agri": 133, "exposure_class": "LOW", "class_color": "#22c55e", "contributing_factors_json": { "flood_overlap_pct": 0.0, "building_exposure_pct": 0.0, "road_disruption_pct": 0.0, "population_proxy_pct": 0.0, "cropland_loss_pct": 0.0 }, "primary_reason": "Zero flood exposure detected in current satellite pass.", "recommended_action": "Low exposure: Standard monitoring; maintain flood gate surveillance and culvert clearing.", "rank": 211 }, "geometry": { "type": "Polygon", "coordinates": [ [ [ 77.674570128603108, 8.640409926799482 ], [ 77.674633882034144, 8.64944527113674 ], [ 77.665554371294448, 8.649508641647817 ], [ 77.665490833659604, 8.640473230137543 ], [ 77.674570128603108, 8.640409926799482 ] ] ] } },
{ "type": "Feature", "properties": { "zone_id": "ZONE_R20_C07", "row": 20, "col": 7, "flooded_area_km2": 0.0, "agricultural_exposed_km2": 0.0, "buildings_exposed_count": 0, "roads_exposed_km": 0.0, "total_buildings_count": 0, "total_roads_km": 2.515, "population_exposed_proxy": 0, "land_use_breakdown": { }, "locality_name": "South Agricultural Basin (Sector 20-7)", "priority_score": 0.0, "score_infra": 0.0, "score_agri": 0.0, "rank_infra": 133, "rank_agri": 133, "exposure_class": "LOW", "class_color": "#22c55e", "contributing_factors_json": { "flood_overlap_pct": 0.0, "building_exposure_pct": 0.0, "road_disruption_pct": 0.0, "population_proxy_pct": 0.0, "cropland_loss_pct": 0.0 }, "primary_reason": "Zero flood exposure detected in current satellite pass.", "recommended_action": "Low exposure: Standard monitoring; maintain flood gate surveillance and culvert clearing.", "rank": 212 }, "geometry": { "type": "Polygon", "coordinates": [ [ [ 77.683649354387342, 8.640346408818633 ], [ 77.683713323606526, 8.649381685755124 ], [ 77.674633882034144, 8.64944527113674 ], [ 77.674570128603108, 8.640409926799482 ], [ 77.683649354387342, 8.640346408818633 ] ] ] } },
{ "type": "Feature", "properties": { "zone_id": "ZONE_R18_C02", "row": 18, "col": 2, "flooded_area_km2": 0.0, "agricultural_exposed_km2": 0.0, "buildings_exposed_count": 0, "roads_exposed_km": 0.0, "total_buildings_count": 0, "total_roads_km": 7.326, "population_exposed_proxy": 0, "land_use_breakdown": { }, "locality_name": "South Agricultural Basin (Sector 18-2)", "priority_score": 0.0, "score_infra": 0.0, "score_agri": 0.0, "rank_infra": 133, "rank_agri": 133, "exposure_class": "LOW", "class_color": "#22c55e", "contributing_factors_json": { "flood_overlap_pct": 0.0, "building_exposure_pct": 0.0, "road_disruption_pct": 0.0, "population_proxy_pct": 0.0, "cropland_loss_pct": 0.0 }, "primary_reason": "Zero flood exposure detected in current satellite pass.", "recommended_action": "Low exposure: Standard monitoring; maintain flood gate surveillance and culvert clearing.", "rank": 213 }, "geometry": { "type": "Polygon", "coordinates": [ [ [ 77.638378384841445, 8.658733070832113 ], [ 77.638441411509547, 8.667768673070572 ], [ 77.629361194082847, 8.66783131655389 ], [ 77.629298383711117, 8.658795648047411 ], [ 77.638378384841445, 8.658733070832113 ] ] ] } },
{ "type": "Feature", "properties": { "zone_id": "ZONE_R20_C08", "row": 20, "col": 8, "flooded_area_km2": 0.0, "agricultural_exposed_km2": 0.0, "buildings_exposed_count": 0, "roads_exposed_km": 0.0, "total_buildings_count": 0, "total_roads_km": 2.186, "population_exposed_proxy": 0, "land_use_breakdown": { }, "locality_name": "South Agricultural Basin (Sector 20-8)", "priority_score": 0.0, "score_infra": 0.0, "score_agri": 0.0, "rank_infra": 133, "rank_agri": 133, "exposure_class": "LOW", "class_color": "#22c55e", "contributing_factors_json": { "flood_overlap_pct": 0.0, "building_exposure_pct": 0.0, "road_disruption_pct": 0.0, "population_proxy_pct": 0.0, "cropland_loss_pct": 0.0 }, "primary_reason": "Zero flood exposure detected in current satellite pass.", "recommended_action": "Low exposure: Standard monitoring; maintain flood gate surveillance and culvert clearing.", "rank": 214 }, "geometry": { "type": "Polygon", "coordinates": [ [ [ 77.692728510778281, 8.640282676202895 ], [ 77.692792695777541, 8.649317885510891 ], [ 77.683713323606526, 8.649381685755124 ], [ 77.683649354387342, 8.640346408818633 ], [ 77.692728510778281, 8.640282676202895 ] ] ] } },
{ "type": "Feature", "properties": { "zone_id": "ZONE_R17_C22", "row": 17, "col": 22, "flooded_area_km2": 0.0, "agricultural_exposed_km2": 0.0, "buildings_exposed_count": 0, "roads_exposed_km": 0.0, "total_buildings_count": 0, "total_roads_km": 0.725, "population_exposed_proxy": 0, "land_use_breakdown": { }, "locality_name": "South Agricultural Basin (Sector 17-22)", "priority_score": 0.0, "score_infra": 0.0, "score_agri": 0.0, "rank_infra": 133, "rank_agri": 133, "exposure_class": "LOW", "class_color": "#22c55e", "contributing_factors_json": { "flood_overlap_pct": 0.0, "building_exposure_pct": 0.0, "road_disruption_pct": 0.0, "population_proxy_pct": 0.0, "cropland_loss_pct": 0.0 }, "primary_reason": "Zero flood exposure detected in current satellite pass.", "recommended_action": "Low exposure: Standard monitoring; maintain flood gate surveillance and culvert clearing.", "rank": 215 }, "geometry": { "type": "Polygon", "coordinates": [ [ [ 77.818850875905667, 8.666479304449297 ], [ 77.81891827159518, 8.675513537939594 ], [ 77.811019516268445, 8.675571833106535 ], [ 77.810952308817875, 8.666537538010889 ], [ 77.818850875905667, 8.666479304449297 ] ] ] } },
{ "type": "Feature", "properties": { "zone_id": "ZONE_R17_C21", "row": 17, "col": 21, "flooded_area_km2": 0.0, "agricultural_exposed_km2": 0.0, "buildings_exposed_count": 0, "roads_exposed_km": 0.0, "total_buildings_count": 0, "total_roads_km": 0.398, "population_exposed_proxy": 0, "land_use_breakdown": { }, "locality_name": "South Agricultural Basin (Sector 17-21)", "priority_score": 0.0, "score_infra": 0.0, "score_agri": 0.0, "rank_infra": 133, "rank_agri": 133, "exposure_class": "LOW", "class_color": "#22c55e", "contributing_factors_json": { "flood_overlap_pct": 0.0, "building_exposure_pct": 0.0, "road_disruption_pct": 0.0, "population_proxy_pct": 0.0, "cropland_loss_pct": 0.0 }, "primary_reason": "Zero flood exposure detected in current satellite pass.", "recommended_action": "Low exposure: Standard monitoring; maintain flood gate surveillance and culvert clearing.", "rank": 216 }, "geometry": { "type": "Polygon", "coordinates": [ [ [ 77.810952308817875, 8.666537538010889 ], [ 77.811019516268445, 8.675571833106535 ], [ 77.801940419189648, 8.675638637616387 ], [ 77.801873428113609, 8.666604271922841 ], [ 77.810952308817875, 8.666537538010889 ] ] ] } },
{ "type": "Feature", "properties": { "zone_id": "ZONE_R17_C20", "row": 17, "col": 20, "flooded_area_km2": 0.0, "agricultural_exposed_km2": 0.0, "buildings_exposed_count": 0, "roads_exposed_km": 0.0, "total_buildings_count": 0, "total_roads_km": 0.559, "population_exposed_proxy": 0, "land_use_breakdown": { }, "locality_name": "South Agricultural Basin (Sector 17-20)", "priority_score": 0.0, "score_infra": 0.0, "score_agri": 0.0, "rank_infra": 133, "rank_agri": 133, "exposure_class": "LOW", "class_color": "#22c55e", "contributing_factors_json": { "flood_overlap_pct": 0.0, "building_exposure_pct": 0.0, "road_disruption_pct": 0.0, "population_proxy_pct": 0.0, "cropland_loss_pct": 0.0 }, "primary_reason": "Zero flood exposure detected in current satellite pass.", "recommended_action": "Low exposure: Standard monitoring; maintain flood gate surveillance and culvert clearing.", "rank": 217 }, "geometry": { "type": "Polygon", "coordinates": [ [ [ 77.801873428113609, 8.666604271922841 ], [ 77.801940419189648, 8.675638637616387 ], [ 77.792861249642115, 8.675705226686029 ], [ 77.792794474949062, 8.666670790622232 ], [ 77.801873428113609, 8.666604271922841 ] ] ] } },
{ "type": "Feature", "properties": { "zone_id": "ZONE_R17_C19", "row": 17, "col": 19, "flooded_area_km2": 0.0, "agricultural_exposed_km2": 0.0, "buildings_exposed_count": 0, "roads_exposed_km": 0.0, "total_buildings_count": 0, "total_roads_km": 2.097, "population_exposed_proxy": 0, "land_use_breakdown": { }, "locality_name": "South Agricultural Basin (Sector 17-19)", "priority_score": 0.0, "score_infra": 0.0, "score_agri": 0.0, "rank_infra": 133, "rank_agri": 133, "exposure_class": "LOW", "class_color": "#22c55e", "contributing_factors_json": { "flood_overlap_pct": 0.0, "building_exposure_pct": 0.0, "road_disruption_pct": 0.0, "population_proxy_pct": 0.0, "cropland_loss_pct": 0.0 }, "primary_reason": "Zero flood exposure detected in current satellite pass.", "recommended_action": "Low exposure: Standard monitoring; maintain flood gate surveillance and culvert clearing.", "rank": 218 }, "geometry": { "type": "Polygon", "coordinates": [ [ [ 77.792794474949062, 8.666670790622232 ], [ 77.792861249642115, 8.675705226686029 ], [ 77.783782007859855, 8.675771600307174 ], [ 77.783715449558215, 8.666737094100784 ], [ 77.792794474949062, 8.666670790622232 ] ] ] } },
{ "type": "Feature", "properties": { "zone_id": "ZONE_R18_C16", "row": 18, "col": 16, "flooded_area_km2": 0.0, "agricultural_exposed_km2": 0.0, "buildings_exposed_count": 0, "roads_exposed_km": 0.0, "total_buildings_count": 0, "total_roads_km": 1.344, "population_exposed_proxy": 0, "land_use_breakdown": { }, "locality_name": "South Agricultural Basin (Sector 18-16)", "priority_score": 0.0, "score_infra": 0.0, "score_agri": 0.0, "rank_infra": 133, "rank_agri": 133, "exposure_class": "LOW", "class_color": "#22c55e", "contributing_factors_json": { "flood_overlap_pct": 0.0, "building_exposure_pct": 0.0, "road_disruption_pct": 0.0, "population_proxy_pct": 0.0, "cropland_loss_pct": 0.0 }, "primary_reason": "Zero flood exposure detected in current satellite pass.", "recommended_action": "Low exposure: Standard monitoring; maintain flood gate surveillance and culvert clearing.", "rank": 219 }, "geometry": { "type": "Polygon", "coordinates": [ [ [ 77.765491129064301, 8.657834404790927 ], [ 77.765557183033707, 8.666869055362389 ], [ 77.756477942368079, 8.666934713129011 ], [ 77.756412104581187, 8.657899993101164 ], [ 77.765491129064301, 8.657834404790927 ] ] ] } },
{ "type": "Feature", "properties": { "zone_id": "ZONE_R18_C18", "row": 18, "col": 18, "flooded_area_km2": 0.0, "agricultural_exposed_km2": 0.0, "buildings_exposed_count": 0, "roads_exposed_km": 0.0, "total_buildings_count": 0, "total_roads_km": 2.209, "population_exposed_proxy": 0, "land_use_breakdown": { }, "locality_name": "South Agricultural Basin (Sector 18-18)", "priority_score": 0.0, "score_infra": 0.0, "score_agri": 0.0, "rank_infra": 133, "rank_agri": 133, "exposure_class": "LOW", "class_color": "#22c55e", "contributing_factors_json": { "flood_overlap_pct": 0.0, "building_exposure_pct": 0.0, "road_disruption_pct": 0.0, "population_proxy_pct": 0.0, "cropland_loss_pct": 0.0 }, "primary_reason": "Zero flood exposure detected in current satellite pass.", "recommended_action": "Low exposure: Standard monitoring; maintain flood gate surveillance and culvert clearing.", "rank": 220 }, "geometry": { "type": "Polygon", "coordinates": [ [ [ 77.783648963248865, 8.657702583125117 ], [ 77.783715449558215, 8.666737094100784 ], [ 77.774636352175094, 8.666803182350247 ], [ 77.774570082031531, 8.657768601462848 ], [ 77.783648963248865, 8.657702583125117 ] ] ] } },
{ "type": "Feature", "properties": { "zone_id": "ZONE_R16_C14", "row": 16, "col": 14, "flooded_area_km2": 0.0, "agricultural_exposed_km2": 0.0, "buildings_exposed_count": 0, "roads_exposed_km": 0.0, "total_buildings_count": 934, "total_roads_km": 17.354, "population_exposed_proxy": 0, "land_use_breakdown": { }, "locality_name": "East Thamirabarani Basin (Sector 16-14)", "priority_score": 0.0, "score_infra": 0.0, "score_agri": 0.0, "rank_infra": 133, "rank_agri": 133, "exposure_class": "LOW", "class_color": "#22c55e", "contributing_factors_json": { "flood_overlap_pct": 0.0, "building_exposure_pct": 0.0, "road_disruption_pct": 0.0, "population_proxy_pct": 0.0, "cropland_loss_pct": 0.0 }, "primary_reason": "Zero flood exposure detected in current satellite pass.", "recommended_action": "Low exposure: Standard monitoring; maintain flood gate surveillance and culvert clearing.", "rank": 221 }, "geometry": { "type": "Polygon", "coordinates": [ [ [ 77.74746432306452, 8.676034940141944 ], [ 77.747530086781211, 8.685069719880534 ], [ 77.738450270668864, 8.68513508514312 ], [ 77.738384723619404, 8.676100236397204 ], [ 77.74746432306452, 8.676034940141944 ] ] ] } },
{ "type": "Feature", "properties": { "zone_id": "ZONE_R18_C19", "row": 18, "col": 19, "flooded_area_km2": 0.0, "agricultural_exposed_km2": 0.0, "buildings_exposed_count": 0, "roads_exposed_km": 0.0, "total_buildings_count": 0, "total_roads_km": 2.044, "population_exposed_proxy": 0, "land_use_breakdown": { }, "locality_name": "South Agricultural Basin (Sector 18-19)", "priority_score": 0.0, "score_infra": 0.0, "score_agri": 0.0, "rank_infra": 133, "rank_agri": 133, "exposure_class": "LOW", "class_color": "#22c55e", "contributing_factors_json": { "flood_overlap_pct": 0.0, "building_exposure_pct": 0.0, "road_disruption_pct": 0.0, "population_proxy_pct": 0.0, "cropland_loss_pct": 0.0 }, "primary_reason": "Zero flood exposure detected in current satellite pass.", "recommended_action": "Low exposure: Standard monitoring; maintain flood gate surveillance and culvert clearing.", "rank": 222 }, "geometry": { "type": "Polygon", "coordinates": [ [ [ 77.792727772482294, 8.657636349785948 ], [ 77.792794474949062, 8.666670790622232 ], [ 77.783715449558215, 8.666737094100784 ], [ 77.783648963248865, 8.657702583125117 ], [ 77.792727772482294, 8.657636349785948 ] ] ] } },
{ "type": "Feature", "properties": { "zone_id": "ZONE_R19_C18", "row": 19, "col": 18, "flooded_area_km2": 0.0, "agricultural_exposed_km2": 0.0, "buildings_exposed_count": 0, "roads_exposed_km": 0.0, "total_buildings_count": 0, "total_roads_km": 2.523, "population_exposed_proxy": 0, "land_use_breakdown": { }, "locality_name": "South Agricultural Basin (Sector 19-18)", "priority_score": 0.0, "score_infra": 0.0, "score_agri": 0.0, "rank_infra": 133, "rank_agri": 133, "exposure_class": "LOW", "class_color": "#22c55e", "contributing_factors_json": { "flood_overlap_pct": 0.0, "building_exposure_pct": 0.0, "road_disruption_pct": 0.0, "population_proxy_pct": 0.0, "cropland_loss_pct": 0.0 }, "primary_reason": "Zero flood exposure detected in current satellite pass.", "recommended_action": "Low exposure: Standard monitoring; maintain flood gate surveillance and culvert clearing.", "rank": 223 }, "geometry": { "type": "Polygon", "coordinates": [ [ [ 77.783582548923391, 8.648668067385037 ], [ 77.783648963248865, 8.657702583125117 ], [ 77.774570082031531, 8.657768601462848 ], [ 77.774503883637877, 8.648734015814229 ], [ 77.783582548923391, 8.648668067385037 ] ] ] } },
{ "type": "Feature", "properties": { "zone_id": "ZONE_R19_C17", "row": 19, "col": 17, "flooded_area_km2": 0.0, "agricultural_exposed_km2": 0.0, "buildings_exposed_count": 0, "roads_exposed_km": 0.0, "total_buildings_count": 0, "total_roads_km": 1.31, "population_exposed_proxy": 0, "land_use_breakdown": { }, "locality_name": "South Agricultural Basin (Sector 19-17)", "priority_score": 0.0, "score_infra": 0.0, "score_agri": 0.0, "rank_infra": 133, "rank_agri": 133, "exposure_class": "LOW", "class_color": "#22c55e", "contributing_factors_json": { "flood_overlap_pct": 0.0, "building_exposure_pct": 0.0, "road_disruption_pct": 0.0, "population_proxy_pct": 0.0, "cropland_loss_pct": 0.0 }, "primary_reason": "Zero flood exposure detected in current satellite pass.", "recommended_action": "Low exposure: Standard monitoring; maintain flood gate surveillance and culvert clearing.", "rank": 224 }, "geometry": { "type": "Polygon", "coordinates": [ [ [ 77.774503883637877, 8.648734015814229 ], [ 77.774570082031531, 8.657768601462848 ], [ 77.765491129064301, 8.657834404790927 ], [ 77.765425146610809, 8.648799749461428 ], [ 77.774503883637877, 8.648734015814229 ] ] ] } },
{ "type": "Feature", "properties": { "zone_id": "ZONE_R19_C15", "row": 19, "col": 15, "flooded_area_km2": 0.0, "agricultural_exposed_km2": 0.0, "buildings_exposed_count": 0, "roads_exposed_km": 0.0, "total_buildings_count": 0, "total_roads_km": 1.167, "population_exposed_proxy": 0, "land_use_breakdown": { }, "locality_name": "South Agricultural Basin (Sector 19-15)", "priority_score": 0.0, "score_infra": 0.0, "score_agri": 0.0, "rank_infra": 133, "rank_agri": 133, "exposure_class": "LOW", "class_color": "#22c55e", "contributing_factors_json": { "flood_overlap_pct": 0.0, "building_exposure_pct": 0.0, "road_disruption_pct": 0.0, "population_proxy_pct": 0.0, "cropland_loss_pct": 0.0 }, "primary_reason": "Zero flood exposure detected in current satellite pass.", "recommended_action": "Low exposure: Standard monitoring; maintain flood gate surveillance and culvert clearing.", "rank": 225 }, "geometry": { "type": "Polygon", "coordinates": [ [ [ 77.75634633807617, 8.648865268318447 ], [ 77.756412104581187, 8.657899993101164 ], [ 77.747333008816184, 8.657965366385392 ], [ 77.747267458267956, 8.648930572377134 ], [ 77.75634633807617, 8.648865268318447 ] ] ] } },
{ "type": "Feature", "properties": { "zone_id": "ZONE_R19_C14", "row": 19, "col": 14, "flooded_area_km2": 0.0, "agricultural_exposed_km2": 0.0, "buildings_exposed_count": 0, "roads_exposed_km": 0.0, "total_buildings_count": 0, "total_roads_km": 1.126, "population_exposed_proxy": 0, "land_use_breakdown": { }, "locality_name": "South Agricultural Basin (Sector 19-14)", "priority_score": 0.0, "score_infra": 0.0, "score_agri": 0.0, "rank_infra": 133, "rank_agri": 133, "exposure_class": "LOW", "class_color": "#22c55e", "contributing_factors_json": { "flood_overlap_pct": 0.0, "building_exposure_pct": 0.0, "road_disruption_pct": 0.0, "population_proxy_pct": 0.0, "cropland_loss_pct": 0.0 }, "primary_reason": "Zero flood exposure detected in current satellite pass.", "recommended_action": "Low exposure: Standard monitoring; maintain flood gate surveillance and culvert clearing.", "rank": 226 }, "geometry": { "type": "Polygon", "coordinates": [ [ [ 77.747267458267956, 8.648930572377134 ], [ 77.747333008816184, 8.657965366385392 ], [ 77.738253842003303, 8.658030524635478 ], [ 77.738188507420134, 8.648995661629359 ], [ 77.747267458267956, 8.648930572377134 ] ] ] } },
{ "type": "Feature", "properties": { "zone_id": "ZONE_R19_C13", "row": 19, "col": 13, "flooded_area_km2": 0.0, "agricultural_exposed_km2": 0.0, "buildings_exposed_count": 0, "roads_exposed_km": 0.0, "total_buildings_count": 0, "total_roads_km": 1.493, "population_exposed_proxy": 0, "land_use_breakdown": { }, "locality_name": "South Agricultural Basin (Sector 19-13)", "priority_score": 0.0, "score_infra": 0.0, "score_agri": 0.0, "rank_infra": 133, "rank_agri": 133, "exposure_class": "LOW", "class_color": "#22c55e", "contributing_factors_json": { "flood_overlap_pct": 0.0, "building_exposure_pct": 0.0, "road_disruption_pct": 0.0, "population_proxy_pct": 0.0, "cropland_loss_pct": 0.0 }, "primary_reason": "Zero flood exposure detected in current satellite pass.", "recommended_action": "Low exposure: Standard monitoring; maintain flood gate surveillance and culvert clearing.", "rank": 227 }, "geometry": { "type": "Polygon", "coordinates": [ [ [ 77.738188507420134, 8.648995661629359 ], [ 77.738253842003303, 8.658030524635478 ], [ 77.729174604376581, 8.658095467843305 ], [ 77.729109485766728, 8.649060536067017 ], [ 77.738188507420134, 8.648995661629359 ] ] ] } },
{ "type": "Feature", "properties": { "zone_id": "ZONE_R19_C12", "row": 19, "col": 12, "flooded_area_km2": 0.0, "agricultural_exposed_km2": 0.0, "buildings_exposed_count": 0, "roads_exposed_km": 0.0, "total_buildings_count": 0, "total_roads_km": 0.0, "population_exposed_proxy": 0, "land_use_breakdown": { }, "locality_name": "South Agricultural Basin (Sector 19-12)", "priority_score": 0.0, "score_infra": 0.0, "score_agri": 0.0, "rank_infra": 133, "rank_agri": 133, "exposure_class": "LOW", "class_color": "#22c55e", "contributing_factors_json": { "flood_overlap_pct": 0.0, "building_exposure_pct": 0.0, "road_disruption_pct": 0.0, "population_proxy_pct": 0.0, "cropland_loss_pct": 0.0 }, "primary_reason": "Zero flood exposure detected in current satellite pass.", "recommended_action": "Low exposure: Standard monitoring; maintain flood gate surveillance and culvert clearing.", "rank": 228 }, "geometry": { "type": "Polygon", "coordinates": [ [ [ 77.729109485766728, 8.649060536067017 ], [ 77.729174604376581, 8.658095467843305 ], [ 77.720095296170072, 8.658160196000793 ], [ 77.720030393541734, 8.649125195682036 ], [ 77.729109485766728, 8.649060536067017 ] ] ] } },
{ "type": "Feature", "properties": { "zone_id": "ZONE_R19_C11", "row": 19, "col": 11, "flooded_area_km2": 0.0, "agricultural_exposed_km2": 0.0, "buildings_exposed_count": 0, "roads_exposed_km": 0.0, "total_buildings_count": 0, "total_roads_km": 8.817, "population_exposed_proxy": 0, "land_use_breakdown": { }, "locality_name": "South Agricultural Basin (Sector 19-11)", "priority_score": 0.0, "score_infra": 0.0, "score_agri": 0.0, "rank_infra": 133, "rank_agri": 133, "exposure_class": "LOW", "class_color": "#22c55e", "contributing_factors_json": { "flood_overlap_pct": 0.0, "building_exposure_pct": 0.0, "road_disruption_pct": 0.0, "population_proxy_pct": 0.0, "cropland_loss_pct": 0.0 }, "primary_reason": "Zero flood exposure detected in current satellite pass.", "recommended_action": "Low exposure: Standard monitoring; maintain flood gate surveillance and culvert clearing.", "rank": 229 }, "geometry": { "type": "Polygon", "coordinates": [ [ [ 77.720030393541734, 8.649125195682036 ], [ 77.720095296170072, 8.658160196000793 ], [ 77.7110159176178, 8.65822470909988 ], [ 77.710951230979191, 8.649189640466364 ], [ 77.720030393541734, 8.649125195682036 ] ] ] } },
{ "type": "Feature", "properties": { "zone_id": "ZONE_R19_C10", "row": 19, "col": 10, "flooded_area_km2": 0.0, "agricultural_exposed_km2": 0.0, "buildings_exposed_count": 0, "roads_exposed_km": 0.0, "total_buildings_count": 0, "total_roads_km": 0.313, "population_exposed_proxy": 0, "land_use_breakdown": { }, "locality_name": "South Agricultural Basin (Sector 19-10)", "priority_score": 0.0, "score_infra": 0.0, "score_agri": 0.0, "rank_infra": 133, "rank_agri": 133, "exposure_class": "LOW", "class_color": "#22c55e", "contributing_factors_json": { "flood_overlap_pct": 0.0, "building_exposure_pct": 0.0, "road_disruption_pct": 0.0, "population_proxy_pct": 0.0, "cropland_loss_pct": 0.0 }, "primary_reason": "Zero flood exposure detected in current satellite pass.", "recommended_action": "Low exposure: Standard monitoring; maintain flood gate surveillance and culvert clearing.", "rank": 230 }, "geometry": { "type": "Polygon", "coordinates": [ [ [ 77.710951230979191, 8.649189640466364 ], [ 77.7110159176178, 8.65822470909988 ], [ 77.701936468953846, 8.658289007132542 ], [ 77.701871998313109, 8.649253870411982 ], [ 77.710951230979191, 8.649189640466364 ] ] ] } },
{ "type": "Feature", "properties": { "zone_id": "ZONE_R19_C09", "row": 19, "col": 9, "flooded_area_km2": 0.0, "agricultural_exposed_km2": 0.0, "buildings_exposed_count": 0, "roads_exposed_km": 0.0, "total_buildings_count": 0, "total_roads_km": 0.041, "population_exposed_proxy": 0, "land_use_breakdown": { }, "locality_name": "South Agricultural Basin (Sector 19-9)", "priority_score": 0.0, "score_infra": 0.0, "score_agri": 0.0, "rank_infra": 133, "rank_agri": 133, "exposure_class": "LOW", "class_color": "#22c55e", "contributing_factors_json": { "flood_overlap_pct": 0.0, "building_exposure_pct": 0.0, "road_disruption_pct": 0.0, "population_proxy_pct": 0.0, "cropland_loss_pct": 0.0 }, "primary_reason": "Zero flood exposure detected in current satellite pass.", "recommended_action": "Low exposure: Standard monitoring; maintain flood gate surveillance and culvert clearing.", "rank": 231 }, "geometry": { "type": "Polygon", "coordinates": [ [ [ 77.701871998313109, 8.649253870411982 ], [ 77.701936468953846, 8.658289007132542 ], [ 77.692856950412249, 8.658353090090767 ], [ 77.692792695777541, 8.649317885510891 ], [ 77.701871998313109, 8.649253870411982 ] ] ] } },
{ "type": "Feature", "properties": { "zone_id": "ZONE_R19_C08", "row": 19, "col": 8, "flooded_area_km2": 0.0, "agricultural_exposed_km2": 0.0, "buildings_exposed_count": 0, "roads_exposed_km": 0.0, "total_buildings_count": 0, "total_roads_km": 2.103, "population_exposed_proxy": 0, "land_use_breakdown": { }, "locality_name": "South Agricultural Basin (Sector 19-8)", "priority_score": 0.0, "score_infra": 0.0, "score_agri": 0.0, "rank_infra": 133, "rank_agri": 133, "exposure_class": "LOW", "class_color": "#22c55e", "contributing_factors_json": { "flood_overlap_pct": 0.0, "building_exposure_pct": 0.0, "road_disruption_pct": 0.0, "population_proxy_pct": 0.0, "cropland_loss_pct": 0.0 }, "primary_reason": "Zero flood exposure detected in current satellite pass.", "recommended_action": "Low exposure: Standard monitoring; maintain flood gate surveillance and culvert clearing.", "rank": 232 }, "geometry": { "type": "Polygon", "coordinates": [ [ [ 77.692792695777541, 8.649317885510891 ], [ 77.692856950412249, 8.658353090090767 ], [ 77.683777362227119, 8.658416957966582 ], [ 77.683713323606526, 8.649381685755124 ], [ 77.692792695777541, 8.649317885510891 ] ] ] } },
{ "type": "Feature", "properties": { "zone_id": "ZONE_R19_C07", "row": 19, "col": 7, "flooded_area_km2": 0.0, "agricultural_exposed_km2": 0.0, "buildings_exposed_count": 0, "roads_exposed_km": 0.0, "total_buildings_count": 0, "total_roads_km": 1.07, "population_exposed_proxy": 0, "land_use_breakdown": { }, "locality_name": "South Agricultural Basin (Sector 19-7)", "priority_score": 0.0, "score_infra": 0.0, "score_agri": 0.0, "rank_infra": 133, "rank_agri": 133, "exposure_class": "LOW", "class_color": "#22c55e", "contributing_factors_json": { "flood_overlap_pct": 0.0, "building_exposure_pct": 0.0, "road_disruption_pct": 0.0, "population_proxy_pct": 0.0, "cropland_loss_pct": 0.0 }, "primary_reason": "Zero flood exposure detected in current satellite pass.", "recommended_action": "Low exposure: Standard monitoring; maintain flood gate surveillance and culvert clearing.", "rank": 233 }, "geometry": { "type": "Polygon", "coordinates": [ [ [ 77.683713323606526, 8.649381685755124 ], [ 77.683777362227119, 8.658416957966582 ], [ 77.674697704632507, 8.658480610752033 ], [ 77.674633882034144, 8.64944527113674 ], [ 77.683713323606526, 8.649381685755124 ] ] ] } },
{ "type": "Feature", "properties": { "zone_id": "ZONE_R19_C21", "row": 19, "col": 21, "flooded_area_km2": 0.0, "agricultural_exposed_km2": 0.0, "buildings_exposed_count": 0, "roads_exposed_km": 0.0, "total_buildings_count": 0, "total_roads_km": 1.533, "population_exposed_proxy": 0, "land_use_breakdown": { }, "locality_name": "South Agricultural Basin (Sector 19-21)", "priority_score": 0.0, "score_infra": 0.0, "score_agri": 0.0, "rank_infra": 133, "rank_agri": 133, "exposure_class": "LOW", "class_color": "#22c55e", "contributing_factors_json": { "flood_overlap_pct": 0.0, "building_exposure_pct": 0.0, "road_disruption_pct": 0.0, "population_proxy_pct": 0.0, "cropland_loss_pct": 0.0 }, "primary_reason": "Zero flood exposure detected in current satellite pass.", "recommended_action": "Low exposure: Standard monitoring; maintain flood gate surveillance and culvert clearing.", "rank": 234 }, "geometry": { "type": "Polygon", "coordinates": [ [ [ 77.810818111991097, 8.64846893348769 ], [ 77.810885174061582, 8.657503238136316 ], [ 77.801806509497865, 8.657569901453593 ], [ 77.801739663333947, 8.648535526213516 ], [ 77.810818111991097, 8.64846893348769 ] ] ] } },
{ "type": "Feature", "properties": { "zone_id": "ZONE_R19_C22", "row": 19, "col": 22, "flooded_area_km2": 0.0, "agricultural_exposed_km2": 0.0, "buildings_exposed_count": 0, "roads_exposed_km": 0.0, "total_buildings_count": 0, "total_roads_km": 4.908, "population_exposed_proxy": 0, "land_use_breakdown": { }, "locality_name": "South Agricultural Basin (Sector 19-22)", "priority_score": 0.0, "score_infra": 0.0, "score_agri": 0.0, "rank_infra": 133, "rank_agri": 133, "exposure_class": "LOW", "class_color": "#22c55e", "contributing_factors_json": { "flood_overlap_pct": 0.0, "building_exposure_pct": 0.0, "road_disruption_pct": 0.0, "population_proxy_pct": 0.0, "cropland_loss_pct": 0.0 }, "primary_reason": "Zero flood exposure detected in current satellite pass.", "recommended_action": "Low exposure: Standard monitoring; maintain flood gate surveillance and culvert clearing.", "rank": 235 }, "geometry": { "type": "Polygon", "coordinates": [ [ [ 77.818716303211659, 8.648410823128353 ], [ 77.818783553113988, 8.657445066177258 ], [ 77.810885174061582, 8.657503238136316 ], [ 77.810818111991097, 8.64846893348769 ], [ 77.818716303211659, 8.648410823128353 ] ] ] } },
{ "type": "Feature", "properties": { "zone_id": "ZONE_R20_C01", "row": 20, "col": 1, "flooded_area_km2": 0.0, "agricultural_exposed_km2": 0.0, "buildings_exposed_count": 0, "roads_exposed_km": 0.0, "total_buildings_count": 0, "total_roads_km": 1.353, "population_exposed_proxy": 0, "land_use_breakdown": { }, "locality_name": "South Agricultural Basin (Sector 20-1)", "priority_score": 0.0, "score_infra": 0.0, "score_agri": 0.0, "rank_infra": 133, "rank_agri": 133, "exposure_class": "LOW", "class_color": "#22c55e", "contributing_factors_json": { "flood_overlap_pct": 0.0, "building_exposure_pct": 0.0, "road_disruption_pct": 0.0, "population_proxy_pct": 0.0, "cropland_loss_pct": 0.0 }, "primary_reason": "Zero flood exposure detected in current satellite pass.", "recommended_action": "Low exposure: Standard monitoring; maintain flood gate surveillance and culvert clearing.", "rank": 236 }, "geometry": { "type": "Polygon", "coordinates": [ [ [ 77.629172966973996, 8.640724296904617 ], [ 77.629235641344138, 8.649759974829387 ], [ 77.620155788279192, 8.649822270869977 ], [ 77.620093329745075, 8.640786526911029 ], [ 77.629172966973996, 8.640724296904617 ] ] ] } },
{ "type": "Feature", "properties": { "zone_id": "ZONE_R19_C03", "row": 19, "col": 3, "flooded_area_km2": 0.0, "agricultural_exposed_km2": 0.0, "buildings_exposed_count": 0, "roads_exposed_km": 0.0, "total_buildings_count": 0, "total_roads_km": 2.078, "population_exposed_proxy": 0, "land_use_breakdown": { }, "locality_name": "South Agricultural Basin (Sector 19-3)", "priority_score": 0.0, "score_infra": 0.0, "score_agri": 0.0, "rank_infra": 133, "rank_agri": 133, "exposure_class": "LOW", "class_color": "#22c55e", "contributing_factors_json": { "flood_overlap_pct": 0.0, "building_exposure_pct": 0.0, "road_disruption_pct": 0.0, "population_proxy_pct": 0.0, "cropland_loss_pct": 0.0 }, "primary_reason": "Zero flood exposure detected in current satellite pass.", "recommended_action": "Low exposure: Standard monitoring; maintain flood gate surveillance and culvert clearing.", "rank": 237 }, "geometry": { "type": "Polygon", "coordinates": [ [ [ 77.647395143249412, 8.649634738026837 ], [ 77.647458317732884, 8.658670278487094 ], [ 77.638378384841445, 8.658733070832113 ], [ 77.638315426412248, 8.649697463879079 ], [ 77.647395143249412, 8.649634738026837 ] ] ] } },
{ "type": "Feature", "properties": { "zone_id": "ZONE_R20_C02", "row": 20, "col": 2, "flooded_area_km2": 0.0, "agricultural_exposed_km2": 0.0, "buildings_exposed_count": 0, "roads_exposed_km": 0.0, "total_buildings_count": 7, "total_roads_km": 2.347, "population_exposed_proxy": 0, "land_use_breakdown": { }, "locality_name": "South Agricultural Basin (Sector 20-2)", "priority_score": 0.0, "score_infra": 0.0, "score_agri": 0.0, "rank_infra": 133, "rank_agri": 133, "exposure_class": "LOW", "class_color": "#22c55e", "contributing_factors_json": { "flood_overlap_pct": 0.0, "building_exposure_pct": 0.0, "road_disruption_pct": 0.0, "population_proxy_pct": 0.0, "cropland_loss_pct": 0.0 }, "primary_reason": "Zero flood exposure detected in current satellite pass.", "recommended_action": "Low exposure: Standard monitoring; maintain flood gate surveillance and culvert clearing.", "rank": 238 }, "geometry": { "type": "Polygon", "coordinates": [ [ [ 77.638252536213997, 8.640661852216279 ], [ 77.638315426412248, 8.649697463879079 ], [ 77.629235641344138, 8.649759974829387 ], [ 77.629172966973996, 8.640724296904617 ], [ 77.638252536213997, 8.640661852216279 ] ] ] } },
{ "type": "Feature", "properties": { "zone_id": "ZONE_R18_C22", "row": 18, "col": 22, "flooded_area_km2": 0.0, "agricultural_exposed_km2": 0.0, "buildings_exposed_count": 0, "roads_exposed_km": 0.0, "total_buildings_count": 0, "total_roads_km": 1.695, "population_exposed_proxy": 0, "land_use_breakdown": { }, "locality_name": "South Agricultural Basin (Sector 18-22)", "priority_score": 0.0, "score_infra": 0.0, "score_agri": 0.0, "rank_infra": 133, "rank_agri": 133, "exposure_class": "LOW", "class_color": "#22c55e", "contributing_factors_json": { "flood_overlap_pct": 0.0, "building_exposure_pct": 0.0, "road_disruption_pct": 0.0, "population_proxy_pct": 0.0, "cropland_loss_pct": 0.0 }, "primary_reason": "Zero flood exposure detected in current satellite pass.", "recommended_action": "Low exposure: Standard monitoring; maintain flood gate surveillance and culvert clearing.", "rank": 239 }, "geometry": { "type": "Polygon", "coordinates": [ [ [ 77.818783553113988, 8.657445066177258 ], [ 77.818850875905667, 8.666479304449297 ], [ 77.810952308817875, 8.666537538010889 ], [ 77.810885174061582, 8.657503238136316 ], [ 77.818783553113988, 8.657445066177258 ] ] ] } },
{ "type": "Feature", "properties": { "zone_id": "ZONE_R18_C21", "row": 18, "col": 21, "flooded_area_km2": 0.0, "agricultural_exposed_km2": 0.0, "buildings_exposed_count": 0, "roads_exposed_km": 0.0, "total_buildings_count": 0, "total_roads_km": 1.971, "population_exposed_proxy": 0, "land_use_breakdown": { }, "locality_name": "South Agricultural Basin (Sector 18-21)", "priority_score": 0.0, "score_infra": 0.0, "score_agri": 0.0, "rank_infra": 133, "rank_agri": 133, "exposure_class": "LOW", "class_color": "#22c55e", "contributing_factors_json": { "flood_overlap_pct": 0.0, "building_exposure_pct": 0.0, "road_disruption_pct": 0.0, "population_proxy_pct": 0.0, "cropland_loss_pct": 0.0 }, "primary_reason": "Zero flood exposure detected in current satellite pass.", "recommended_action": "Low exposure: Standard monitoring; maintain flood gate surveillance and culvert clearing.", "rank": 240 }, "geometry": { "type": "Polygon", "coordinates": [ [ [ 77.810885174061582, 8.657503238136316 ], [ 77.810952308817875, 8.666537538010889 ], [ 77.801873428113609, 8.666604271922841 ], [ 77.801806509497865, 8.657569901453593 ], [ 77.810885174061582, 8.657503238136316 ] ] ] } },
{ "type": "Feature", "properties": { "zone_id": "ZONE_R18_C20", "row": 18, "col": 20, "flooded_area_km2": 0.0, "agricultural_exposed_km2": 0.0, "buildings_exposed_count": 0, "roads_exposed_km": 0.0, "total_buildings_count": 0, "total_roads_km": 2.74, "population_exposed_proxy": 0, "land_use_breakdown": { }, "locality_name": "South Agricultural Basin (Sector 18-20)", "priority_score": 0.0, "score_infra": 0.0, "score_agri": 0.0, "rank_infra": 133, "rank_agri": 133, "exposure_class": "LOW", "class_color": "#22c55e", "contributing_factors_json": { "flood_overlap_pct": 0.0, "building_exposure_pct": 0.0, "road_disruption_pct": 0.0, "population_proxy_pct": 0.0, "cropland_loss_pct": 0.0 }, "primary_reason": "Zero flood exposure detected in current satellite pass.", "recommended_action": "Low exposure: Standard monitoring; maintain flood gate surveillance and culvert clearing.", "rank": 241 }, "geometry": { "type": "Polygon", "coordinates": [ [ [ 77.801806509497865, 8.657569901453593 ], [ 77.801873428113609, 8.666604271922841 ], [ 77.792794474949062, 8.666670790622232 ], [ 77.792727772482294, 8.657636349785948 ], [ 77.801806509497865, 8.657569901453593 ] ] ] } },
{ "type": "Feature", "properties": { "zone_id": "ZONE_R17_C18", "row": 17, "col": 18, "flooded_area_km2": 0.0, "agricultural_exposed_km2": 0.0, "buildings_exposed_count": 0, "roads_exposed_km": 0.0, "total_buildings_count": 2, "total_roads_km": 1.76, "population_exposed_proxy": 0, "land_use_breakdown": { }, "locality_name": "South Agricultural Basin (Sector 17-18)", "priority_score": 0.0, "score_infra": 0.0, "score_agri": 0.0, "rank_infra": 133, "rank_agri": 133, "exposure_class": "LOW", "class_color": "#22c55e", "contributing_factors_json": { "flood_overlap_pct": 0.0, "building_exposure_pct": 0.0, "road_disruption_pct": 0.0, "population_proxy_pct": 0.0, "cropland_loss_pct": 0.0 }, "primary_reason": "Zero flood exposure detected in current satellite pass.", "recommended_action": "Low exposure: Standard monitoring; maintain flood gate surveillance and culvert clearing.", "rank": 242 }, "geometry": { "type": "Polygon", "coordinates": [ [ [ 77.783715449558215, 8.666737094100784 ], [ 77.783782007859855, 8.675771600307174 ], [ 77.774702694076922, 8.675837758471564 ], [ 77.774636352175094, 8.666803182350247 ], [ 77.783715449558215, 8.666737094100784 ] ] ] } },
{ "type": "Feature", "properties": { "zone_id": "ZONE_R20_C09", "row": 20, "col": 9, "flooded_area_km2": 0.0, "agricultural_exposed_km2": 0.0, "buildings_exposed_count": 0, "roads_exposed_km": 0.0, "total_buildings_count": 0, "total_roads_km": 0.825, "population_exposed_proxy": 0, "land_use_breakdown": { }, "locality_name": "South Agricultural Basin (Sector 20-9)", "priority_score": 0.0, "score_infra": 0.0, "score_agri": 0.0, "rank_infra": 133, "rank_agri": 133, "exposure_class": "LOW", "class_color": "#22c55e", "contributing_factors_json": { "flood_overlap_pct": 0.0, "building_exposure_pct": 0.0, "road_disruption_pct": 0.0, "population_proxy_pct": 0.0, "cropland_loss_pct": 0.0 }, "primary_reason": "Zero flood exposure detected in current satellite pass.", "recommended_action": "Low exposure: Standard monitoring; maintain flood gate surveillance and culvert clearing.", "rank": 243 }, "geometry": { "type": "Polygon", "coordinates": [ [ [ 77.701807597541872, 8.640218728960207 ], [ 77.701871998313109, 8.649253870411982 ], [ 77.692792695777541, 8.649317885510891 ], [ 77.692728510778281, 8.640282676202895 ], [ 77.701807597541872, 8.640218728960207 ] ] ] } },
{ "type": "Feature", "properties": { "zone_id": "ZONE_R20_C10", "row": 20, "col": 10, "flooded_area_km2": 0.0, "agricultural_exposed_km2": 0.0, "buildings_exposed_count": 0, "roads_exposed_km": 0.0, "total_buildings_count": 0, "total_roads_km": 3.714, "population_exposed_proxy": 0, "land_use_breakdown": { }, "locality_name": "South Agricultural Basin (Sector 20-10)", "priority_score": 0.0, "score_infra": 0.0, "score_agri": 0.0, "rank_infra": 133, "rank_agri": 133, "exposure_class": "LOW", "class_color": "#22c55e", "contributing_factors_json": { "flood_overlap_pct": 0.0, "building_exposure_pct": 0.0, "road_disruption_pct": 0.0, "population_proxy_pct": 0.0, "cropland_loss_pct": 0.0 }, "primary_reason": "Zero flood exposure detected in current satellite pass.", "recommended_action": "Low exposure: Standard monitoring; maintain flood gate surveillance and culvert clearing.", "rank": 244 }, "geometry": { "type": "Polygon", "coordinates": [ [ [ 77.710886614444107, 8.640154567098524 ], [ 77.710951230979191, 8.649189640466364 ], [ 77.701871998313109, 8.649253870411982 ], [ 77.701807597541872, 8.640218728960207 ], [ 77.710886614444107, 8.640154567098524 ] ] ] } },
{ "type": "Feature", "properties": { "zone_id": "ZONE_R20_C11", "row": 20, "col": 11, "flooded_area_km2": 0.0, "agricultural_exposed_km2": 0.0, "buildings_exposed_count": 0, "roads_exposed_km": 0.0, "total_buildings_count": 0, "total_roads_km": 1.553, "population_exposed_proxy": 0, "land_use_breakdown": { }, "locality_name": "South Agricultural Basin (Sector 20-11)", "priority_score": 0.0, "score_infra": 0.0, "score_agri": 0.0, "rank_infra": 133, "rank_agri": 133, "exposure_class": "LOW", "class_color": "#22c55e", "contributing_factors_json": { "flood_overlap_pct": 0.0, "building_exposure_pct": 0.0, "road_disruption_pct": 0.0, "population_proxy_pct": 0.0, "cropland_loss_pct": 0.0 }, "primary_reason": "Zero flood exposure detected in current satellite pass.", "recommended_action": "Low exposure: Standard monitoring; maintain flood gate surveillance and culvert clearing.", "rank": 245 }, "geometry": { "type": "Polygon", "coordinates": [ [ [ 77.719965561250973, 8.640090190625838 ], [ 77.720030393541734, 8.649125195682036 ], [ 77.710951230979191, 8.649189640466364 ], [ 77.710886614444107, 8.640154567098524 ], [ 77.719965561250973, 8.640090190625838 ] ] ] } },
{ "type": "Feature", "properties": { "zone_id": "ZONE_R21_C03", "row": 21, "col": 3, "flooded_area_km2": 0.0, "agricultural_exposed_km2": 0.0, "buildings_exposed_count": 0, "roads_exposed_km": 0.0, "total_buildings_count": 26, "total_roads_km": 5.248, "population_exposed_proxy": 0, "land_use_breakdown": { }, "locality_name": "South Agricultural Basin (Sector 21-3)", "priority_score": 0.0, "score_infra": 0.0, "score_agri": 0.0, "rank_infra": 133, "rank_agri": 133, "exposure_class": "LOW", "class_color": "#22c55e", "contributing_factors_json": { "flood_overlap_pct": 0.0, "building_exposure_pct": 0.0, "road_disruption_pct": 0.0, "population_proxy_pct": 0.0, "cropland_loss_pct": 0.0 }, "primary_reason": "Zero flood exposure detected in current satellite pass.", "recommended_action": "Low exposure: Standard monitoring; maintain flood gate surveillance and culvert clearing.", "rank": 246 }, "geometry": { "type": "Polygon", "coordinates": [ [ [ 77.647268999669649, 8.631563642972738 ], [ 77.647332037230981, 8.640599192853779 ], [ 77.638252536213997, 8.640661852216279 ], [ 77.638189714238777, 8.631626235848524 ], [ 77.647268999669649, 8.631563642972738 ] ] ] } },
{ "type": "Feature", "properties": { "zone_id": "ZONE_R17_C01", "row": 17, "col": 1, "flooded_area_km2": 0.0, "agricultural_exposed_km2": 0.0, "buildings_exposed_count": 0, "roads_exposed_km": 0.0, "total_buildings_count": 0, "total_roads_km": 2.086, "population_exposed_proxy": 0, "land_use_breakdown": { }, "locality_name": "South Agricultural Basin (Sector 17-1)", "priority_score": 0.0, "score_infra": 0.0, "score_agri": 0.0, "rank_infra": 133, "rank_agri": 133, "exposure_class": "LOW", "class_color": "#22c55e", "contributing_factors_json": { "flood_overlap_pct": 0.0, "building_exposure_pct": 0.0, "road_disruption_pct": 0.0, "population_proxy_pct": 0.0, "cropland_loss_pct": 0.0 }, "primary_reason": "Zero flood exposure detected in current satellite pass.", "recommended_action": "Low exposure: Standard monitoring; maintain flood gate surveillance and culvert clearing.", "rank": 247 }, "geometry": { "type": "Polygon", "coordinates": [ [ [ 77.629361194082847, 8.66783131655389 ], [ 77.629424072467287, 8.676866980344014 ], [ 77.62034357048941, 8.676929474505249 ], [ 77.620280908643466, 8.66789374467189 ], [ 77.629361194082847, 8.66783131655389 ] ] ] } },
{ "type": "Feature", "properties": { "zone_id": "ZONE_R16_C22", "row": 16, "col": 22, "flooded_area_km2": 0.0, "agricultural_exposed_km2": 0.0, "buildings_exposed_count": 0, "roads_exposed_km": 0.0, "total_buildings_count": 0, "total_roads_km": 1.794, "population_exposed_proxy": 0, "land_use_breakdown": { }, "locality_name": "East Thamirabarani Basin (Sector 16-22)", "priority_score": 0.0, "score_infra": 0.0, "score_agri": 0.0, "rank_infra": 133, "rank_agri": 133, "exposure_class": "LOW", "class_color": "#22c55e", "contributing_factors_json": { "flood_overlap_pct": 0.0, "building_exposure_pct": 0.0, "road_disruption_pct": 0.0, "population_proxy_pct": 0.0, "cropland_loss_pct": 0.0 }, "primary_reason": "Zero flood exposure detected in current satellite pass.", "recommended_action": "Low exposure: Standard monitoring; maintain flood gate surveillance and culvert clearing.", "rank": 248 }, "geometry": { "type": "Polygon", "coordinates": [ [ [ 77.81891827159518, 8.675513537939594 ], [ 77.818985740191039, 8.684547766643275 ], [ 77.81108679642179, 8.684606123418378 ], [ 77.811019516268445, 8.675571833106535 ], [ 77.81891827159518, 8.675513537939594 ] ] ] } },
{ "type": "Feature", "properties": { "zone_id": "ZONE_R16_C21", "row": 16, "col": 21, "flooded_area_km2": 0.0, "agricultural_exposed_km2": 0.0, "buildings_exposed_count": 0, "roads_exposed_km": 0.0, "total_buildings_count": 0, "total_roads_km": 2.709, "population_exposed_proxy": 0, "land_use_breakdown": { }, "locality_name": "East Thamirabarani Basin (Sector 16-21)", "priority_score": 0.0, "score_infra": 0.0, "score_agri": 0.0, "rank_infra": 133, "rank_agri": 133, "exposure_class": "LOW", "class_color": "#22c55e", "contributing_factors_json": { "flood_overlap_pct": 0.0, "building_exposure_pct": 0.0, "road_disruption_pct": 0.0, "population_proxy_pct": 0.0, "cropland_loss_pct": 0.0 }, "primary_reason": "Zero flood exposure detected in current satellite pass.", "recommended_action": "Low exposure: Standard monitoring; maintain flood gate surveillance and culvert clearing.", "rank": 249 }, "geometry": { "type": "Polygon", "coordinates": [ [ [ 77.811019516268445, 8.675571833106535 ], [ 77.81108679642179, 8.684606123418378 ], [ 77.802007482734439, 8.684672998529363 ], [ 77.801940419189648, 8.675638637616387 ], [ 77.811019516268445, 8.675571833106535 ] ] ] } },
{ "type": "Feature", "properties": { "zone_id": "ZONE_R16_C20", "row": 16, "col": 20, "flooded_area_km2": 0.0, "agricultural_exposed_km2": 0.0, "buildings_exposed_count": 0, "roads_exposed_km": 0.0, "total_buildings_count": 0, "total_roads_km": 0.747, "population_exposed_proxy": 0, "land_use_breakdown": { }, "locality_name": "East Thamirabarani Basin (Sector 16-20)", "priority_score": 0.0, "score_infra": 0.0, "score_agri": 0.0, "rank_infra": 133, "rank_agri": 133, "exposure_class": "LOW", "class_color": "#22c55e", "contributing_factors_json": { "flood_overlap_pct": 0.0, "building_exposure_pct": 0.0, "road_disruption_pct": 0.0, "population_proxy_pct": 0.0, "cropland_loss_pct": 0.0 }, "primary_reason": "Zero flood exposure detected in current satellite pass.", "recommended_action": "Low exposure: Standard monitoring; maintain flood gate surveillance and culvert clearing.", "rank": 250 }, "geometry": { "type": "Polygon", "coordinates": [ [ [ 77.801940419189648, 8.675638637616387 ], [ 77.802007482734439, 8.684672998529363 ], [ 77.792928096569895, 8.684739657972479 ], [ 77.792861249642115, 8.675705226686029 ], [ 77.801940419189648, 8.675638637616387 ] ] ] } },
{ "type": "Feature", "properties": { "zone_id": "ZONE_R16_C19", "row": 16, "col": 19, "flooded_area_km2": 0.0, "agricultural_exposed_km2": 0.0, "buildings_exposed_count": 0, "roads_exposed_km": 0.0, "total_buildings_count": 0, "total_roads_km": 2.5, "population_exposed_proxy": 0, "land_use_breakdown": { }, "locality_name": "East Thamirabarani Basin (Sector 16-19)", "priority_score": 0.0, "score_infra": 0.0, "score_agri": 0.0, "rank_infra": 133, "rank_agri": 133, "exposure_class": "LOW", "class_color": "#22c55e", "contributing_factors_json": { "flood_overlap_pct": 0.0, "building_exposure_pct": 0.0, "road_disruption_pct": 0.0, "population_proxy_pct": 0.0, "cropland_loss_pct": 0.0 }, "primary_reason": "Zero flood exposure detected in current satellite pass.", "recommended_action": "Low exposure: Standard monitoring; maintain flood gate surveillance and culvert clearing.", "rank": 251 }, "geometry": { "type": "Polygon", "coordinates": [ [ [ 77.792861249642115, 8.675705226686029 ], [ 77.792928096569895, 8.684739657972479 ], [ 77.783848638162183, 8.684806101739426 ], [ 77.783782007859855, 8.675771600307174 ], [ 77.792861249642115, 8.675705226686029 ] ] ] } },
{ "type": "Feature", "properties": { "zone_id": "ZONE_R21_C04", "row": 21, "col": 4, "flooded_area_km2": 0.0, "agricultural_exposed_km2": 0.0, "buildings_exposed_count": 0, "roads_exposed_km": 0.0, "total_buildings_count": 0, "total_roads_km": 1.558, "population_exposed_proxy": 0, "land_use_breakdown": { }, "locality_name": "South Agricultural Basin (Sector 21-4)", "priority_score": 0.0, "score_infra": 0.0, "score_agri": 0.0, "rank_infra": 133, "rank_agri": 133, "exposure_class": "LOW", "class_color": "#22c55e", "contributing_factors_json": { "flood_overlap_pct": 0.0, "building_exposure_pct": 0.0, "road_disruption_pct": 0.0, "population_proxy_pct": 0.0, "cropland_loss_pct": 0.0 }, "primary_reason": "Zero flood exposure detected in current satellite pass.", "recommended_action": "Low exposure: Standard monitoring; maintain flood gate surveillance and culvert clearing.", "rank": 252 }, "geometry": { "type": "Polygon", "coordinates": [ [ [ 77.656348216651395, 8.631500835658354 ], [ 77.656411469790868, 8.640536318824925 ], [ 77.647332037230981, 8.640599192853779 ], [ 77.647268999669649, 8.631563642972738 ], [ 77.656348216651395, 8.631500835658354 ] ] ] } },
{ "type": "Feature", "properties": { "zone_id": "ZONE_R16_C18", "row": 16, "col": 18, "flooded_area_km2": 0.0, "agricultural_exposed_km2": 0.0, "buildings_exposed_count": 0, "roads_exposed_km": 0.0, "total_buildings_count": 0, "total_roads_km": 1.037, "population_exposed_proxy": 0, "land_use_breakdown": { }, "locality_name": "East Thamirabarani Basin (Sector 16-18)", "priority_score": 0.0, "score_infra": 0.0, "score_agri": 0.0, "rank_infra": 133, "rank_agri": 133, "exposure_class": "LOW", "class_color": "#22c55e", "contributing_factors_json": { "flood_overlap_pct": 0.0, "building_exposure_pct": 0.0, "road_disruption_pct": 0.0, "population_proxy_pct": 0.0, "cropland_loss_pct": 0.0 }, "primary_reason": "Zero flood exposure detected in current satellite pass.", "recommended_action": "Low exposure: Standard monitoring; maintain flood gate surveillance and culvert clearing.", "rank": 253 }, "geometry": { "type": "Polygon", "coordinates": [ [ [ 77.783782007859855, 8.675771600307174 ], [ 77.783848638162183, 8.684806101739426 ], [ 77.774769107745385, 8.684872329821937 ], [ 77.774702694076922, 8.675837758471564 ], [ 77.783782007859855, 8.675771600307174 ] ] ] } },
{ "type": "Feature", "properties": { "zone_id": "ZONE_R21_C05", "row": 21, "col": 5, "flooded_area_km2": 0.0, "agricultural_exposed_km2": 0.0, "buildings_exposed_count": 0, "roads_exposed_km": 0.0, "total_buildings_count": 0, "total_roads_km": 0.896, "population_exposed_proxy": 0, "land_use_breakdown": { }, "locality_name": "South Agricultural Basin (Sector 21-5)", "priority_score": 0.0, "score_infra": 0.0, "score_agri": 0.0, "rank_infra": 133, "rank_agri": 133, "exposure_class": "LOW", "class_color": "#22c55e", "contributing_factors_json": { "flood_overlap_pct": 0.0, "building_exposure_pct": 0.0, "road_disruption_pct": 0.0, "population_proxy_pct": 0.0, "cropland_loss_pct": 0.0 }, "primary_reason": "Zero flood exposure detected in current satellite pass.", "recommended_action": "Low exposure: Standard monitoring; maintain flood gate surveillance and culvert clearing.", "rank": 254 }, "geometry": { "type": "Polygon", "coordinates": [ [ [ 77.665427364949977, 8.631437813913189 ], [ 77.665490833659604, 8.640473230137543 ], [ 77.656411469790868, 8.640536318824925 ], [ 77.656348216651395, 8.631500835658354 ], [ 77.665427364949977, 8.631437813913189 ] ] ] } },
{ "type": "Feature", "properties": { "zone_id": "ZONE_R21_C06", "row": 21, "col": 6, "flooded_area_km2": 0.0, "agricultural_exposed_km2": 0.0, "buildings_exposed_count": 0, "roads_exposed_km": 0.0, "total_buildings_count": 0, "total_roads_km": 0.121, "population_exposed_proxy": 0, "land_use_breakdown": { }, "locality_name": "South Agricultural Basin (Sector 21-6)", "priority_score": 0.0, "score_infra": 0.0, "score_agri": 0.0, "rank_infra": 133, "rank_agri": 133, "exposure_class": "LOW", "class_color": "#22c55e", "contributing_factors_json": { "flood_overlap_pct": 0.0, "building_exposure_pct": 0.0, "road_disruption_pct": 0.0, "population_proxy_pct": 0.0, "cropland_loss_pct": 0.0 }, "primary_reason": "Zero flood exposure detected in current satellite pass.", "recommended_action": "Low exposure: Standard monitoring; maintain flood gate surveillance and culvert clearing.", "rank": 255 }, "geometry": { "type": "Polygon", "coordinates": [ [ [ 77.674506444331328, 8.631374577745092 ], [ 77.674570128603108, 8.640409926799482 ], [ 77.665490833659604, 8.640473230137543 ], [ 77.665427364949977, 8.631437813913189 ], [ 77.674506444331328, 8.631374577745092 ] ] ] } },
{ "type": "Feature", "properties": { "zone_id": "ZONE_R21_C07", "row": 21, "col": 7, "flooded_area_km2": 0.0, "agricultural_exposed_km2": 0.0, "buildings_exposed_count": 0, "roads_exposed_km": 0.0, "total_buildings_count": 0, "total_roads_km": 3.647, "population_exposed_proxy": 0, "land_use_breakdown": { }, "locality_name": "South Agricultural Basin (Sector 21-7)", "priority_score": 0.0, "score_infra": 0.0, "score_agri": 0.0, "rank_infra": 133, "rank_agri": 133, "exposure_class": "LOW", "class_color": "#22c55e", "contributing_factors_json": { "flood_overlap_pct": 0.0, "building_exposure_pct": 0.0, "road_disruption_pct": 0.0, "population_proxy_pct": 0.0, "cropland_loss_pct": 0.0 }, "primary_reason": "Zero flood exposure detected in current satellite pass.", "recommended_action": "Low exposure: Standard monitoring; maintain flood gate surveillance and culvert clearing.", "rank": 256 }, "geometry": { "type": "Polygon", "coordinates": [ [ [ 77.683585454561467, 8.631311127161927 ], [ 77.683649354387342, 8.640346408818633 ], [ 77.674570128603108, 8.640409926799482 ], [ 77.674506444331328, 8.631374577745092 ], [ 77.683585454561467, 8.631311127161927 ] ] ] } },
{ "type": "Feature", "properties": { "zone_id": "ZONE_R21_C08", "row": 21, "col": 8, "flooded_area_km2": 0.0, "agricultural_exposed_km2": 0.0, "buildings_exposed_count": 0, "roads_exposed_km": 0.0, "total_buildings_count": 0, "total_roads_km": 0.131, "population_exposed_proxy": 0, "land_use_breakdown": { }, "locality_name": "South Agricultural Basin (Sector 21-8)", "priority_score": 0.0, "score_infra": 0.0, "score_agri": 0.0, "rank_infra": 133, "rank_agri": 133, "exposure_class": "LOW", "class_color": "#22c55e", "contributing_factors_json": { "flood_overlap_pct": 0.0, "building_exposure_pct": 0.0, "road_disruption_pct": 0.0, "population_proxy_pct": 0.0, "cropland_loss_pct": 0.0 }, "primary_reason": "Zero flood exposure detected in current satellite pass.", "recommended_action": "Low exposure: Standard monitoring; maintain flood gate surveillance and culvert clearing.", "rank": 257 }, "geometry": { "type": "Polygon", "coordinates": [ [ [ 77.692664395406354, 8.631247462171606 ], [ 77.692728510778281, 8.640282676202895 ], [ 77.683649354387342, 8.640346408818633 ], [ 77.683585454561467, 8.631311127161927 ], [ 77.692664395406354, 8.631247462171606 ] ] ] } },
{ "type": "Feature", "properties": { "zone_id": "ZONE_R16_C17", "row": 16, "col": 17, "flooded_area_km2": 0.0, "agricultural_exposed_km2": 0.0, "buildings_exposed_count": 0, "roads_exposed_km": 0.0, "total_buildings_count": 2, "total_roads_km": 4.768, "population_exposed_proxy": 0, "land_use_breakdown": { }, "locality_name": "East Thamirabarani Basin (Sector 16-17)", "priority_score": 0.0, "score_infra": 0.0, "score_agri": 0.0, "rank_infra": 133, "rank_agri": 133, "exposure_class": "LOW", "class_color": "#22c55e", "contributing_factors_json": { "flood_overlap_pct": 0.0, "building_exposure_pct": 0.0, "road_disruption_pct": 0.0, "population_proxy_pct": 0.0, "cropland_loss_pct": 0.0 }, "primary_reason": "Zero flood exposure detected in current satellite pass.", "recommended_action": "Low exposure: Standard monitoring; maintain flood gate surveillance and culvert clearing.", "rank": 258 }, "geometry": { "type": "Polygon", "coordinates": [ [ [ 77.774702694076922, 8.675837758471564 ], [ 77.774769107745385, 8.684872329821937 ], [ 77.765689505553567, 8.684938342211767 ], [ 77.765623308527353, 8.675903701170954 ], [ 77.774702694076922, 8.675837758471564 ] ] ] } },
{ "type": "Feature", "properties": { "zone_id": "ZONE_R16_C16", "row": 16, "col": 16, "flooded_area_km2": 0.0, "agricultural_exposed_km2": 0.0, "buildings_exposed_count": 0, "roads_exposed_km": 0.0, "total_buildings_count": 49, "total_roads_km": 5.364, "population_exposed_proxy": 0, "land_use_breakdown": { }, "locality_name": "East Thamirabarani Basin (Sector 16-16)", "priority_score": 0.0, "score_infra": 0.0, "score_agri": 0.0, "rank_infra": 133, "rank_agri": 133, "exposure_class": "LOW", "class_color": "#22c55e", "contributing_factors_json": { "flood_overlap_pct": 0.0, "building_exposure_pct": 0.0, "road_disruption_pct": 0.0, "population_proxy_pct": 0.0, "cropland_loss_pct": 0.0 }, "primary_reason": "Zero flood exposure detected in current satellite pass.", "recommended_action": "Low exposure: Standard monitoring; maintain flood gate surveillance and culvert clearing.", "rank": 259 }, "geometry": { "type": "Polygon", "coordinates": [ [ [ 77.765623308527353, 8.675903701170954 ], [ 77.765689505553567, 8.684938342211767 ], [ 77.756609831820811, 8.685004138900696 ], [ 77.756543851445187, 8.67596942839714 ], [ 77.765623308527353, 8.675903701170954 ] ] ] } },
{ "type": "Feature", "properties": { "zone_id": "ZONE_R21_C09", "row": 21, "col": 9, "flooded_area_km2": 0.0, "agricultural_exposed_km2": 0.0, "buildings_exposed_count": 0, "roads_exposed_km": 0.0, "total_buildings_count": 0, "total_roads_km": 3.661, "population_exposed_proxy": 0, "land_use_breakdown": { }, "locality_name": "South Agricultural Basin (Sector 21-9)", "priority_score": 0.0, "score_infra": 0.0, "score_agri": 0.0, "rank_infra": 133, "rank_agri": 133, "exposure_class": "LOW", "class_color": "#22c55e", "contributing_factors_json": { "flood_overlap_pct": 0.0, "building_exposure_pct": 0.0, "road_disruption_pct": 0.0, "population_proxy_pct": 0.0, "cropland_loss_pct": 0.0 }, "primary_reason": "Zero flood exposure detected in current satellite pass.", "recommended_action": "Low exposure: Standard monitoring; maintain flood gate surveillance and culvert clearing.", "rank": 260 }, "geometry": { "type": "Polygon", "coordinates": [ [ [ 77.701743266632008, 8.631183582782043 ], [ 77.701807597541872, 8.640218728960207 ], [ 77.692728510778281, 8.640282676202895 ], [ 77.692664395406354, 8.631247462171606 ], [ 77.701743266632008, 8.631183582782043 ] ] ] } },
{ "type": "Feature", "properties": { "zone_id": "ZONE_R21_C11", "row": 21, "col": 11, "flooded_area_km2": 0.0, "agricultural_exposed_km2": 0.0, "buildings_exposed_count": 0, "roads_exposed_km": 0.0, "total_buildings_count": 0, "total_roads_km": 1.628, "population_exposed_proxy": 0, "land_use_breakdown": { }, "locality_name": "South Agricultural Basin (Sector 21-11)", "priority_score": 0.0, "score_infra": 0.0, "score_agri": 0.0, "rank_infra": 133, "rank_agri": 133, "exposure_class": "LOW", "class_color": "#22c55e", "contributing_factors_json": { "flood_overlap_pct": 0.0, "building_exposure_pct": 0.0, "road_disruption_pct": 0.0, "population_proxy_pct": 0.0, "cropland_loss_pct": 0.0 }, "primary_reason": "Zero flood exposure detected in current satellite pass.", "recommended_action": "Low exposure: Standard monitoring; maintain flood gate surveillance and culvert clearing.", "rank": 261 }, "geometry": { "type": "Polygon", "coordinates": [ [ [ 77.71990079928959, 8.631055180837038 ], [ 77.719965561250973, 8.640090190625838 ], [ 77.710886614444107, 8.640154567098524 ], [ 77.710822068004418, 8.631119489001192 ], [ 77.71990079928959, 8.631055180837038 ] ] ] } },
{ "type": "Feature", "properties": { "zone_id": "ZONE_R21_C12", "row": 21, "col": 12, "flooded_area_km2": 0.0, "agricultural_exposed_km2": 0.0, "buildings_exposed_count": 0, "roads_exposed_km": 0.0, "total_buildings_count": 0, "total_roads_km": 2.679, "population_exposed_proxy": 0, "land_use_breakdown": { }, "locality_name": "South Agricultural Basin (Sector 21-12)", "priority_score": 0.0, "score_infra": 0.0, "score_agri": 0.0, "rank_infra": 133, "rank_agri": 133, "exposure_class": "LOW", "class_color": "#22c55e", "contributing_factors_json": { "flood_overlap_pct": 0.0, "building_exposure_pct": 0.0, "road_disruption_pct": 0.0, "population_proxy_pct": 0.0, "cropland_loss_pct": 0.0 }, "primary_reason": "Zero flood exposure detected in current satellite pass.", "recommended_action": "Low exposure: Standard monitoring; maintain flood gate surveillance and culvert clearing.", "rank": 262 }, "geometry": { "type": "Polygon", "coordinates": [ [ [ 77.728979460253555, 8.630990658297581 ], [ 77.729044437728447, 8.64002559955016 ], [ 77.719965561250973, 8.640090190625838 ], [ 77.71990079928959, 8.631055180837038 ], [ 77.728979460253555, 8.630990658297581 ] ] ] } },
{ "type": "Feature", "properties": { "zone_id": "ZONE_R21_C13", "row": 21, "col": 13, "flooded_area_km2": 0.0, "agricultural_exposed_km2": 0.0, "buildings_exposed_count": 0, "roads_exposed_km": 0.0, "total_buildings_count": 0, "total_roads_km": 1.258, "population_exposed_proxy": 0, "land_use_breakdown": { }, "locality_name": "South Agricultural Basin (Sector 21-13)", "priority_score": 0.0, "score_infra": 0.0, "score_agri": 0.0, "rank_infra": 133, "rank_agri": 133, "exposure_class": "LOW", "class_color": "#22c55e", "contributing_factors_json": { "flood_overlap_pct": 0.0, "building_exposure_pct": 0.0, "road_disruption_pct": 0.0, "population_proxy_pct": 0.0, "cropland_loss_pct": 0.0 }, "primary_reason": "Zero flood exposure detected in current satellite pass.", "recommended_action": "Low exposure: Standard monitoring; maintain flood gate surveillance and culvert clearing.", "rank": 263 }, "geometry": { "type": "Polygon", "coordinates": [ [ [ 77.73805805066236, 8.630925921390851 ], [ 77.738123243642562, 8.639960793879537 ], [ 77.729044437728447, 8.64002559955016 ], [ 77.728979460253555, 8.630990658297581 ], [ 77.73805805066236, 8.630925921390851 ] ] ] } },
{ "type": "Feature", "properties": { "zone_id": "ZONE_R16_C15", "row": 16, "col": 15, "flooded_area_km2": 0.0, "agricultural_exposed_km2": 0.0, "buildings_exposed_count": 0, "roads_exposed_km": 0.0, "total_buildings_count": 378, "total_roads_km": 10.667, "population_exposed_proxy": 0, "land_use_breakdown": { }, "locality_name": "East Thamirabarani Basin (Sector 16-15)", "priority_score": 0.0, "score_infra": 0.0, "score_agri": 0.0, "rank_infra": 133, "rank_agri": 133, "exposure_class": "LOW", "class_color": "#22c55e", "contributing_factors_json": { "flood_overlap_pct": 0.0, "building_exposure_pct": 0.0, "road_disruption_pct": 0.0, "population_proxy_pct": 0.0, "cropland_loss_pct": 0.0 }, "primary_reason": "Zero flood exposure detected in current satellite pass.", "recommended_action": "Low exposure: Standard monitoring; maintain flood gate surveillance and culvert clearing.", "rank": 264 }, "geometry": { "type": "Polygon", "coordinates": [ [ [ 77.756543851445187, 8.67596942839714 ], [ 77.756609831820811, 8.685004138900696 ], [ 77.747530086781211, 8.685069719880534 ], [ 77.74746432306452, 8.676034940141944 ], [ 77.756543851445187, 8.67596942839714 ] ] ] } },
{ "type": "Feature", "properties": { "zone_id": "ZONE_R21_C02", "row": 21, "col": 2, "flooded_area_km2": 0.0, "agricultural_exposed_km2": 0.0, "buildings_exposed_count": 0, "roads_exposed_km": 0.0, "total_buildings_count": 2, "total_roads_km": 1.537, "population_exposed_proxy": 0, "land_use_breakdown": { }, "locality_name": "South Agricultural Basin (Sector 21-2)", "priority_score": 0.0, "score_infra": 0.0, "score_agri": 0.0, "rank_infra": 133, "rank_agri": 133, "exposure_class": "LOW", "class_color": "#22c55e", "contributing_factors_json": { "flood_overlap_pct": 0.0, "building_exposure_pct": 0.0, "road_disruption_pct": 0.0, "population_proxy_pct": 0.0, "cropland_loss_pct": 0.0 }, "primary_reason": "Zero flood exposure detected in current satellite pass.", "recommended_action": "Low exposure: Standard monitoring; maintain flood gate surveillance and culvert clearing.", "rank": 265 }, "geometry": { "type": "Polygon", "coordinates": [ [ [ 77.638189714238777, 8.631626235848524 ], [ 77.638252536213997, 8.640661852216279 ], [ 77.629172966973996, 8.640724296904617 ], [ 77.629110360592804, 8.631688614277918 ], [ 77.638189714238777, 8.631626235848524 ] ] ] } },
{ "type": "Feature", "properties": { "zone_id": "ZONE_R21_C01", "row": 21, "col": 1, "flooded_area_km2": 0.0, "agricultural_exposed_km2": 0.0, "buildings_exposed_count": 0, "roads_exposed_km": 0.0, "total_buildings_count": 0, "total_roads_km": 0.184, "population_exposed_proxy": 0, "land_use_breakdown": { }, "locality_name": "South Agricultural Basin (Sector 21-1)", "priority_score": 0.0, "score_infra": 0.0, "score_agri": 0.0, "rank_infra": 133, "rank_agri": 133, "exposure_class": "LOW", "class_color": "#22c55e", "contributing_factors_json": { "flood_overlap_pct": 0.0, "building_exposure_pct": 0.0, "road_disruption_pct": 0.0, "population_proxy_pct": 0.0, "cropland_loss_pct": 0.0 }, "primary_reason": "Zero flood exposure detected in current satellite pass.", "recommended_action": "Low exposure: Standard monitoring; maintain flood gate surveillance and culvert clearing.", "rank": 266 }, "geometry": { "type": "Polygon", "coordinates": [ [ [ 77.629110360592804, 8.631688614277918 ], [ 77.629172966973996, 8.640724296904617 ], [ 77.620093329745075, 8.640786526911029 ], [ 77.620030938965812, 8.631750778253153 ], [ 77.629110360592804, 8.631688614277918 ] ] ] } },
{ "type": "Feature", "properties": { "zone_id": "ZONE_R20_C22", "row": 20, "col": 22, "flooded_area_km2": 0.0, "agricultural_exposed_km2": 0.0, "buildings_exposed_count": 0, "roads_exposed_km": 0.0, "total_buildings_count": 0, "total_roads_km": 1.125, "population_exposed_proxy": 0, "land_use_breakdown": { }, "locality_name": "South Agricultural Basin (Sector 20-22)", "priority_score": 0.0, "score_infra": 0.0, "score_agri": 0.0, "rank_infra": 133, "rank_agri": 133, "exposure_class": "LOW", "class_color": "#22c55e", "contributing_factors_json": { "flood_overlap_pct": 0.0, "building_exposure_pct": 0.0, "road_disruption_pct": 0.0, "population_proxy_pct": 0.0, "cropland_loss_pct": 0.0 }, "primary_reason": "Zero flood exposure detected in current satellite pass.", "recommended_action": "Low exposure: Standard monitoring; maintain flood gate surveillance and culvert clearing.", "rank": 267 }, "geometry": { "type": "Polygon", "coordinates": [ [ [ 77.818649126190209, 8.639376575307463 ], [ 77.818716303211659, 8.648410823128353 ], [ 77.810818111991097, 8.64846893348769 ], [ 77.810751122597949, 8.639434624069892 ], [ 77.818649126190209, 8.639376575307463 ] ] ] } },
{ "type": "Feature", "properties": { "zone_id": "ZONE_R17_C12", "row": 17, "col": 12, "flooded_area_km2": 0.0, "agricultural_exposed_km2": 0.0, "buildings_exposed_count": 0, "roads_exposed_km": 0.0, "total_buildings_count": 2, "total_roads_km": 4.998, "population_exposed_proxy": 0, "land_use_breakdown": { }, "locality_name": "Melapalayam & Drainage Plain (Sector 17-12)", "priority_score": 0.0, "score_infra": 0.0, "score_agri": 0.0, "rank_infra": 133, "rank_agri": 133, "exposure_class": "LOW", "class_color": "#22c55e", "contributing_factors_json": { "flood_overlap_pct": 0.0, "building_exposure_pct": 0.0, "road_disruption_pct": 0.0, "population_proxy_pct": 0.0, "cropland_loss_pct": 0.0 }, "primary_reason": "Zero flood exposure detected in current satellite pass.", "recommended_action": "Low exposure: Standard monitoring; maintain flood gate surveillance and culvert clearing.", "rank": 268 }, "geometry": { "type": "Polygon", "coordinates": [ [ [ 77.729239793566236, 8.667130394874178 ], [ 77.729305053343921, 8.676165317154792 ], [ 77.720225312472181, 8.676230182406615 ], [ 77.720160269144145, 8.667195191577264 ], [ 77.729239793566236, 8.667130394874178 ] ] ] } },
{ "type": "Feature", "properties": { "zone_id": "ZONE_R20_C12", "row": 20, "col": 12, "flooded_area_km2": 0.0, "agricultural_exposed_km2": 0.0, "buildings_exposed_count": 0, "roads_exposed_km": 0.0, "total_buildings_count": 0, "total_roads_km": 2.306, "population_exposed_proxy": 0, "land_use_breakdown": { }, "locality_name": "South Agricultural Basin (Sector 20-12)", "priority_score": 0.0, "score_infra": 0.0, "score_agri": 0.0, "rank_infra": 133, "rank_agri": 133, "exposure_class": "LOW", "class_color": "#22c55e", "contributing_factors_json": { "flood_overlap_pct": 0.0, "building_exposure_pct": 0.0, "road_disruption_pct": 0.0, "population_proxy_pct": 0.0, "cropland_loss_pct": 0.0 }, "primary_reason": "Zero flood exposure detected in current satellite pass.", "recommended_action": "Low exposure: Standard monitoring; maintain flood gate surveillance and culvert clearing.", "rank": 269 }, "geometry": { "type": "Polygon", "coordinates": [ [ [ 77.729044437728447, 8.64002559955016 ], [ 77.729109485766728, 8.649060536067017 ], [ 77.720030393541734, 8.649125195682036 ], [ 77.719965561250973, 8.640090190625838 ], [ 77.729044437728447, 8.64002559955016 ] ] ] } },
{ "type": "Feature", "properties": { "zone_id": "ZONE_R20_C13", "row": 20, "col": 13, "flooded_area_km2": 0.0, "agricultural_exposed_km2": 0.0, "buildings_exposed_count": 0, "roads_exposed_km": 0.0, "total_buildings_count": 0, "total_roads_km": 0.477, "population_exposed_proxy": 0, "land_use_breakdown": { }, "locality_name": "South Agricultural Basin (Sector 20-13)", "priority_score": 0.0, "score_infra": 0.0, "score_agri": 0.0, "rank_infra": 133, "rank_agri": 133, "exposure_class": "LOW", "class_color": "#22c55e", "contributing_factors_json": { "flood_overlap_pct": 0.0, "building_exposure_pct": 0.0, "road_disruption_pct": 0.0, "population_proxy_pct": 0.0, "cropland_loss_pct": 0.0 }, "primary_reason": "Zero flood exposure detected in current satellite pass.", "recommended_action": "Low exposure: Standard monitoring; maintain flood gate surveillance and culvert clearing.", "rank": 270 }, "geometry": { "type": "Polygon", "coordinates": [ [ [ 77.738123243642562, 8.639960793879537 ], [ 77.738188507420134, 8.648995661629359 ], [ 77.729109485766728, 8.649060536067017 ], [ 77.729044437728447, 8.64002559955016 ], [ 77.738123243642562, 8.639960793879537 ] ] ] } },
{ "type": "Feature", "properties": { "zone_id": "ZONE_R20_C14", "row": 20, "col": 14, "flooded_area_km2": 0.0, "agricultural_exposed_km2": 0.0, "buildings_exposed_count": 0, "roads_exposed_km": 0.0, "total_buildings_count": 0, "total_roads_km": 1.043, "population_exposed_proxy": 0, "land_use_breakdown": { }, "locality_name": "South Agricultural Basin (Sector 20-14)", "priority_score": 0.0, "score_infra": 0.0, "score_agri": 0.0, "rank_infra": 133, "rank_agri": 133, "exposure_class": "LOW", "class_color": "#22c55e", "contributing_factors_json": { "flood_overlap_pct": 0.0, "building_exposure_pct": 0.0, "road_disruption_pct": 0.0, "population_proxy_pct": 0.0, "cropland_loss_pct": 0.0 }, "primary_reason": "Zero flood exposure detected in current satellite pass.", "recommended_action": "Low exposure: Standard monitoring; maintain flood gate surveillance and culvert clearing.", "rank": 271 }, "geometry": { "type": "Polygon", "coordinates": [ [ [ 77.747201978759335, 8.639895773622023 ], [ 77.747267458267956, 8.648930572377134 ], [ 77.738188507420134, 8.648995661629359 ], [ 77.738123243642562, 8.639960793879537 ], [ 77.747201978759335, 8.639895773622023 ] ] ] } },
{ "type": "Feature", "properties": { "zone_id": "ZONE_R17_C17", "row": 17, "col": 17, "flooded_area_km2": 0.0, "agricultural_exposed_km2": 0.0, "buildings_exposed_count": 0, "roads_exposed_km": 0.0, "total_buildings_count": 0, "total_roads_km": 1.884, "population_exposed_proxy": 0, "land_use_breakdown": { }, "locality_name": "South Agricultural Basin (Sector 17-17)", "priority_score": 0.0, "score_infra": 0.0, "score_agri": 0.0, "rank_infra": 133, "rank_agri": 133, "exposure_class": "LOW", "class_color": "#22c55e", "contributing_factors_json": { "flood_overlap_pct": 0.0, "building_exposure_pct": 0.0, "road_disruption_pct": 0.0, "population_proxy_pct": 0.0, "cropland_loss_pct": 0.0 }, "primary_reason": "Zero flood exposure detected in current satellite pass.", "recommended_action": "Low exposure: Standard monitoring; maintain flood gate surveillance and culvert clearing.", "rank": 272 }, "geometry": { "type": "Polygon", "coordinates": [ [ [ 77.774636352175094, 8.666803182350247 ], [ 77.774702694076922, 8.675837758471564 ], [ 77.765623308527353, 8.675903701170954 ], [ 77.765557183033707, 8.666869055362389 ], [ 77.774636352175094, 8.666803182350247 ] ] ] } },
{ "type": "Feature", "properties": { "zone_id": "ZONE_R17_C16", "row": 17, "col": 16, "flooded_area_km2": 0.0, "agricultural_exposed_km2": 0.0, "buildings_exposed_count": 0, "roads_exposed_km": 0.0, "total_buildings_count": 1, "total_roads_km": 1.213, "population_exposed_proxy": 0, "land_use_breakdown": { }, "locality_name": "South Agricultural Basin (Sector 17-16)", "priority_score": 0.0, "score_infra": 0.0, "score_agri": 0.0, "rank_infra": 133, "rank_agri": 133, "exposure_class": "LOW", "class_color": "#22c55e", "contributing_factors_json": { "flood_overlap_pct": 0.0, "building_exposure_pct": 0.0, "road_disruption_pct": 0.0, "population_proxy_pct": 0.0, "cropland_loss_pct": 0.0 }, "primary_reason": "Zero flood exposure detected in current satellite pass.", "recommended_action": "Low exposure: Standard monitoring; maintain flood gate surveillance and culvert clearing.", "rank": 273 }, "geometry": { "type": "Polygon", "coordinates": [ [ [ 77.765557183033707, 8.666869055362389 ], [ 77.765623308527353, 8.675903701170954 ], [ 77.756543851445187, 8.67596942839714 ], [ 77.756477942368079, 8.666934713129011 ], [ 77.765557183033707, 8.666869055362389 ] ] ] } },
{ "type": "Feature", "properties": { "zone_id": "ZONE_R17_C15", "row": 17, "col": 15, "flooded_area_km2": 0.0, "agricultural_exposed_km2": 0.0, "buildings_exposed_count": 0, "roads_exposed_km": 0.0, "total_buildings_count": 0, "total_roads_km": 4.895, "population_exposed_proxy": 0, "land_use_breakdown": { }, "locality_name": "South Agricultural Basin (Sector 17-15)", "priority_score": 0.0, "score_infra": 0.0, "score_agri": 0.0, "rank_infra": 133, "rank_agri": 133, "exposure_class": "LOW", "class_color": "#22c55e", "contributing_factors_json": { "flood_overlap_pct": 0.0, "building_exposure_pct": 0.0, "road_disruption_pct": 0.0, "population_proxy_pct": 0.0, "cropland_loss_pct": 0.0 }, "primary_reason": "Zero flood exposure detected in current satellite pass.", "recommended_action": "Low exposure: Standard monitoring; maintain flood gate surveillance and culvert clearing.", "rank": 274 }, "geometry": { "type": "Polygon", "coordinates": [ [ [ 77.756477942368079, 8.666934713129011 ], [ 77.756543851445187, 8.67596942839714 ], [ 77.74746432306452, 8.676034940141944 ], [ 77.747398630412277, 8.667000155641945 ], [ 77.756477942368079, 8.666934713129011 ] ] ] } },
{ "type": "Feature", "properties": { "zone_id": "ZONE_R17_C14", "row": 17, "col": 14, "flooded_area_km2": 0.0, "agricultural_exposed_km2": 0.0, "buildings_exposed_count": 0, "roads_exposed_km": 0.0, "total_buildings_count": 789, "total_roads_km": 12.474, "population_exposed_proxy": 0, "land_use_breakdown": { }, "locality_name": "South Agricultural Basin (Sector 17-14)", "priority_score": 0.0, "score_infra": 0.0, "score_agri": 0.0, "rank_infra": 133, "rank_agri": 133, "exposure_class": "LOW", "class_color": "#22c55e", "contributing_factors_json": { "flood_overlap_pct": 0.0, "building_exposure_pct": 0.0, "road_disruption_pct": 0.0, "population_proxy_pct": 0.0, "cropland_loss_pct": 0.0 }, "primary_reason": "Zero flood exposure detected in current satellite pass.", "recommended_action": "Low exposure: Standard monitoring; maintain flood gate surveillance and culvert clearing.", "rank": 275 }, "geometry": { "type": "Polygon", "coordinates": [ [ [ 77.747398630412277, 8.667000155641945 ], [ 77.74746432306452, 8.676034940141944 ], [ 77.738384723619404, 8.676100236397204 ], [ 77.738319247400298, 8.667065382893041 ], [ 77.747398630412277, 8.667000155641945 ] ] ] } },
{ "type": "Feature", "properties": { "zone_id": "ZONE_R17_C13", "row": 17, "col": 13, "flooded_area_km2": 0.0, "agricultural_exposed_km2": 0.0, "buildings_exposed_count": 0, "roads_exposed_km": 0.0, "total_buildings_count": 284, "total_roads_km": 7.246, "population_exposed_proxy": 0, "land_use_breakdown": { }, "locality_name": "Melapalayam & Drainage Plain (Sector 17-13)", "priority_score": 0.0, "score_infra": 0.0, "score_agri": 0.0, "rank_infra": 133, "rank_agri": 133, "exposure_class": "LOW", "class_color": "#22c55e", "contributing_factors_json": { "flood_overlap_pct": 0.0, "building_exposure_pct": 0.0, "road_disruption_pct": 0.0, "population_proxy_pct": 0.0, "cropland_loss_pct": 0.0 }, "primary_reason": "Zero flood exposure detected in current satellite pass.", "recommended_action": "Low exposure: Standard monitoring; maintain flood gate surveillance and culvert clearing.", "rank": 276 }, "geometry": { "type": "Polygon", "coordinates": [ [ [ 77.738319247400298, 8.667065382893041 ], [ 77.738384723619404, 8.676100236397204 ], [ 77.729305053343921, 8.676165317154792 ], [ 77.729239793566236, 8.667130394874178 ], [ 77.738319247400298, 8.667065382893041 ] ] ] } },
{ "type": "Feature", "properties": { "zone_id": "ZONE_R17_C11", "row": 17, "col": 11, "flooded_area_km2": 0.0, "agricultural_exposed_km2": 0.0, "buildings_exposed_count": 0, "roads_exposed_km": 0.0, "total_buildings_count": 29, "total_roads_km": 7.05, "population_exposed_proxy": 0, "land_use_breakdown": { }, "locality_name": "Melapalayam & Drainage Plain (Sector 17-11)", "priority_score": 0.0, "score_infra": 0.0, "score_agri": 0.0, "rank_infra": 133, "rank_agri": 133, "exposure_class": "LOW", "class_color": "#22c55e", "contributing_factors_json": { "flood_overlap_pct": 0.0, "building_exposure_pct": 0.0, "road_disruption_pct": 0.0, "population_proxy_pct": 0.0, "cropland_loss_pct": 0.0 }, "primary_reason": "Zero flood exposure detected in current satellite pass.", "recommended_action": "Low exposure: Standard monitoring; maintain flood gate surveillance and culvert clearing.", "rank": 277 }, "geometry": { "type": "Polygon", "coordinates": [ [ [ 77.720160269144145, 8.667195191577264 ], [ 77.720225312472181, 8.676230182406615 ], [ 77.711145501238278, 8.67629483214459 ], [ 77.711080674368105, 8.667259772994235 ], [ 77.720160269144145, 8.667195191577264 ] ] ] } },
{ "type": "Feature", "properties": { "zone_id": "ZONE_R20_C21", "row": 20, "col": 21, "flooded_area_km2": 0.0, "agricultural_exposed_km2": 0.0, "buildings_exposed_count": 0, "roads_exposed_km": 0.0, "total_buildings_count": 0, "total_roads_km": 0.0, "population_exposed_proxy": 0, "land_use_breakdown": { }, "locality_name": "South Agricultural Basin (Sector 20-21)", "priority_score": 0.0, "score_infra": 0.0, "score_agri": 0.0, "rank_infra": 133, "rank_agri": 133, "exposure_class": "LOW", "class_color": "#22c55e", "contributing_factors_json": { "flood_overlap_pct": 0.0, "building_exposure_pct": 0.0, "road_disruption_pct": 0.0, "population_proxy_pct": 0.0, "cropland_loss_pct": 0.0 }, "primary_reason": "Zero flood exposure detected in current satellite pass.", "recommended_action": "Low exposure: Standard monitoring; maintain flood gate surveillance and culvert clearing.", "rank": 278 }, "geometry": { "type": "Polygon", "coordinates": [ [ [ 77.810751122597949, 8.639434624069892 ], [ 77.810818111991097, 8.64846893348769 ], [ 77.801739663333947, 8.648535526213516 ], [ 77.801672889613457, 8.639501146207488 ], [ 77.810751122597949, 8.639434624069892 ] ] ] } },
{ "type": "Feature", "properties": { "zone_id": "ZONE_R17_C09", "row": 17, "col": 9, "flooded_area_km2": 0.0, "agricultural_exposed_km2": 0.0, "buildings_exposed_count": 0, "roads_exposed_km": 0.0, "total_buildings_count": 0, "total_roads_km": 3.77, "population_exposed_proxy": 0, "land_use_breakdown": { }, "locality_name": "Melapalayam & Drainage Plain (Sector 17-9)", "priority_score": 0.0, "score_infra": 0.0, "score_agri": 0.0, "rank_infra": 133, "rank_agri": 133, "exposure_class": "LOW", "class_color": "#22c55e", "contributing_factors_json": { "flood_overlap_pct": 0.0, "building_exposure_pct": 0.0, "road_disruption_pct": 0.0, "population_proxy_pct": 0.0, "cropland_loss_pct": 0.0 }, "primary_reason": "Zero flood exposure detected in current satellite pass.", "recommended_action": "Low exposure: Standard monitoring; maintain flood gate surveillance and culvert clearing.", "rank": 279 }, "geometry": { "type": "Polygon", "coordinates": [ [ [ 77.702001009472184, 8.667324139117047 ], [ 77.702065619876322, 8.676359266360665 ], [ 77.692985668620437, 8.676423485046822 ], [ 77.692921274690519, 8.667388289937687 ], [ 77.702001009472184, 8.667324139117047 ] ] ] } },
{ "type": "Feature", "properties": { "zone_id": "ZONE_R17_C08", "row": 17, "col": 8, "flooded_area_km2": 0.0, "agricultural_exposed_km2": 0.0, "buildings_exposed_count": 0, "roads_exposed_km": 0.0, "total_buildings_count": 0, "total_roads_km": 4.944, "population_exposed_proxy": 0, "land_use_breakdown": { }, "locality_name": "Melapalayam & Drainage Plain (Sector 17-8)", "priority_score": 0.0, "score_infra": 0.0, "score_agri": 0.0, "rank_infra": 133, "rank_agri": 133, "exposure_class": "LOW", "class_color": "#22c55e", "contributing_factors_json": { "flood_overlap_pct": 0.0, "building_exposure_pct": 0.0, "road_disruption_pct": 0.0, "population_proxy_pct": 0.0, "cropland_loss_pct": 0.0 }, "primary_reason": "Zero flood exposure detected in current satellite pass.", "recommended_action": "Low exposure: Standard monitoring; maintain flood gate surveillance and culvert clearing.", "rank": 280 }, "geometry": { "type": "Polygon", "coordinates": [ [ [ 77.692921274690519, 8.667388289937687 ], [ 77.692985668620437, 8.676423485046822 ], [ 77.683905647704748, 8.676487488195072 ], [ 77.68384147025715, 8.667452225448171 ], [ 77.692921274690519, 8.667388289937687 ] ] ] } },
{ "type": "Feature", "properties": { "zone_id": "ZONE_R20_C15", "row": 20, "col": 15, "flooded_area_km2": 0.0, "agricultural_exposed_km2": 0.0, "buildings_exposed_count": 0, "roads_exposed_km": 0.0, "total_buildings_count": 0, "total_roads_km": 1.138, "population_exposed_proxy": 0, "land_use_breakdown": { }, "locality_name": "South Agricultural Basin (Sector 20-15)", "priority_score": 0.0, "score_infra": 0.0, "score_agri": 0.0, "rank_infra": 133, "rank_agri": 133, "exposure_class": "LOW", "class_color": "#22c55e", "contributing_factors_json": { "flood_overlap_pct": 0.0, "building_exposure_pct": 0.0, "road_disruption_pct": 0.0, "population_proxy_pct": 0.0, "cropland_loss_pct": 0.0 }, "primary_reason": "Zero flood exposure detected in current satellite pass.", "recommended_action": "Low exposure: Standard monitoring; maintain flood gate surveillance and culvert clearing.", "rank": 281 }, "geometry": { "type": "Polygon", "coordinates": [ [ [ 77.756280642844757, 8.639830538785722 ], [ 77.75634633807617, 8.648865268318447 ], [ 77.747267458267956, 8.648930572377134 ], [ 77.747201978759335, 8.639895773622023 ], [ 77.756280642844757, 8.639830538785722 ] ] ] } },
{ "type": "Feature", "properties": { "zone_id": "ZONE_R20_C16", "row": 20, "col": 16, "flooded_area_km2": 0.0, "agricultural_exposed_km2": 0.0, "buildings_exposed_count": 0, "roads_exposed_km": 0.0, "total_buildings_count": 0, "total_roads_km": 0.0, "population_exposed_proxy": 0, "land_use_breakdown": { }, "locality_name": "South Agricultural Basin (Sector 20-16)", "priority_score": 0.0, "score_infra": 0.0, "score_agri": 0.0, "rank_infra": 133, "rank_agri": 133, "exposure_class": "LOW", "class_color": "#22c55e", "contributing_factors_json": { "flood_overlap_pct": 0.0, "building_exposure_pct": 0.0, "road_disruption_pct": 0.0, "population_proxy_pct": 0.0, "cropland_loss_pct": 0.0 }, "primary_reason": "Zero flood exposure detected in current satellite pass.", "recommended_action": "Low exposure: Standard monitoring; maintain flood gate surveillance and culvert clearing.", "rank": 282 }, "geometry": { "type": "Polygon", "coordinates": [ [ [ 77.765359235664889, 8.63976508937875 ], [ 77.765425146610809, 8.648799749461428 ], [ 77.75634633807617, 8.648865268318447 ], [ 77.756280642844757, 8.639830538785722 ], [ 77.765359235664889, 8.63976508937875 ] ] ] } },
{ "type": "Feature", "properties": { "zone_id": "ZONE_R20_C17", "row": 20, "col": 17, "flooded_area_km2": 0.0, "agricultural_exposed_km2": 0.0, "buildings_exposed_count": 0, "roads_exposed_km": 0.0, "total_buildings_count": 0, "total_roads_km": 0.46, "population_exposed_proxy": 0, "land_use_breakdown": { }, "locality_name": "South Agricultural Basin (Sector 20-17)", "priority_score": 0.0, "score_infra": 0.0, "score_agri": 0.0, "rank_infra": 133, "rank_agri": 133, "exposure_class": "LOW", "class_color": "#22c55e", "contributing_factors_json": { "flood_overlap_pct": 0.0, "building_exposure_pct": 0.0, "road_disruption_pct": 0.0, "population_proxy_pct": 0.0, "cropland_loss_pct": 0.0 }, "primary_reason": "Zero flood exposure detected in current satellite pass.", "recommended_action": "Low exposure: Standard monitoring; maintain flood gate surveillance and culvert clearing.", "rank": 283 }, "geometry": { "type": "Polygon", "coordinates": [ [ [ 77.774437756985762, 8.639699425409253 ], [ 77.774503883637877, 8.648734015814229 ], [ 77.765425146610809, 8.648799749461428 ], [ 77.765359235664889, 8.63976508937875 ], [ 77.774437756985762, 8.639699425409253 ] ] ] } },
{ "type": "Feature", "properties": { "zone_id": "ZONE_R20_C18", "row": 20, "col": 18, "flooded_area_km2": 0.0, "agricultural_exposed_km2": 0.0, "buildings_exposed_count": 0, "roads_exposed_km": 0.0, "total_buildings_count": 52, "total_roads_km": 3.786, "population_exposed_proxy": 0, "land_use_breakdown": { }, "locality_name": "South Agricultural Basin (Sector 20-18)", "priority_score": 0.0, "score_infra": 0.0, "score_agri": 0.0, "rank_infra": 133, "rank_agri": 133, "exposure_class": "LOW", "class_color": "#22c55e", "contributing_factors_json": { "flood_overlap_pct": 0.0, "building_exposure_pct": 0.0, "road_disruption_pct": 0.0, "population_proxy_pct": 0.0, "cropland_loss_pct": 0.0 }, "primary_reason": "Zero flood exposure detected in current satellite pass.", "recommended_action": "Low exposure: Standard monitoring; maintain flood gate surveillance and culvert clearing.", "rank": 284 }, "geometry": { "type": "Polygon", "coordinates": [ [ [ 77.783516206573438, 8.639633546885406 ], [ 77.783582548923391, 8.648668067385037 ], [ 77.774503883637877, 8.648734015814229 ], [ 77.774437756985762, 8.639699425409253 ], [ 77.783516206573438, 8.639633546885406 ] ] ] } },
{ "type": "Feature", "properties": { "zone_id": "ZONE_R20_C19", "row": 20, "col": 19, "flooded_area_km2": 0.0, "agricultural_exposed_km2": 0.0, "buildings_exposed_count": 0, "roads_exposed_km": 0.0, "total_buildings_count": 0, "total_roads_km": 2.627, "population_exposed_proxy": 0, "land_use_breakdown": { }, "locality_name": "South Agricultural Basin (Sector 20-19)", "priority_score": 0.0, "score_infra": 0.0, "score_agri": 0.0, "rank_infra": 133, "rank_agri": 133, "exposure_class": "LOW", "class_color": "#22c55e", "contributing_factors_json": { "flood_overlap_pct": 0.0, "building_exposure_pct": 0.0, "road_disruption_pct": 0.0, "population_proxy_pct": 0.0, "cropland_loss_pct": 0.0 }, "primary_reason": "Zero flood exposure detected in current satellite pass.", "recommended_action": "Low exposure: Standard monitoring; maintain flood gate surveillance and culvert clearing.", "rank": 285 }, "geometry": { "type": "Polygon", "coordinates": [ [ [ 77.792594584193978, 8.63956745381541 ], [ 77.792661142233413, 8.648601904182053 ], [ 77.783582548923391, 8.648668067385037 ], [ 77.783516206573438, 8.639633546885406 ], [ 77.792594584193978, 8.63956745381541 ] ] ] } },
{ "type": "Feature", "properties": { "zone_id": "ZONE_R20_C20", "row": 20, "col": 20, "flooded_area_km2": 0.0, "agricultural_exposed_km2": 0.0, "buildings_exposed_count": 0, "roads_exposed_km": 0.0, "total_buildings_count": 0, "total_roads_km": 0.646, "population_exposed_proxy": 0, "land_use_breakdown": { }, "locality_name": "South Agricultural Basin (Sector 20-20)", "priority_score": 0.0, "score_infra": 0.0, "score_agri": 0.0, "rank_infra": 133, "rank_agri": 133, "exposure_class": "LOW", "class_color": "#22c55e", "contributing_factors_json": { "flood_overlap_pct": 0.0, "building_exposure_pct": 0.0, "road_disruption_pct": 0.0, "population_proxy_pct": 0.0, "cropland_loss_pct": 0.0 }, "primary_reason": "Zero flood exposure detected in current satellite pass.", "recommended_action": "Low exposure: Standard monitoring; maintain flood gate surveillance and culvert clearing.", "rank": 286 }, "geometry": { "type": "Polygon", "coordinates": [ [ [ 77.801672889613457, 8.639501146207488 ], [ 77.801739663333947, 8.648535526213516 ], [ 77.792661142233413, 8.648601904182053 ], [ 77.792594584193978, 8.63956745381541 ], [ 77.801672889613457, 8.639501146207488 ] ] ] } },
{ "type": "Feature", "properties": { "zone_id": "ZONE_R01_C01", "row": 1, "col": 1, "flooded_area_km2": 0.0, "agricultural_exposed_km2": 0.0, "buildings_exposed_count": 0, "roads_exposed_km": 0.0, "total_buildings_count": 0, "total_roads_km": 0.0, "population_exposed_proxy": 0, "land_use_breakdown": { }, "locality_name": "North Basin & Agricultural Belt (Sector 1-1)", "priority_score": 0.0, "score_infra": 0.0, "score_agri": 0.0, "rank_infra": 133, "rank_agri": 133, "exposure_class": "LOW", "class_color": "#22c55e", "contributing_factors_json": { "flood_overlap_pct": 0.0, "building_exposure_pct": 0.0, "road_disruption_pct": 0.0, "population_proxy_pct": 0.0, "cropland_loss_pct": 0.0 }, "primary_reason": "Zero flood exposure detected in current satellite pass.", "recommended_action": "Low exposure: Standard monitoring; maintain flood gate surveillance and culvert clearing.", "rank": 287 }, "geometry": { "type": "Polygon", "coordinates": [ [ [ 77.630375415176829, 8.812401367966489 ], [ 77.630439382850199, 8.82143695564163 ], [ 77.62135538438649, 8.821500506908048 ], [ 77.621291637002145, 8.812464853140899 ], [ 77.630375415176829, 8.812401367966489 ] ] ] } },
{ "type": "Feature", "properties": { "zone_id": "ZONE_R12_C12", "row": 12, "col": 12, "flooded_area_km2": 0.0, "agricultural_exposed_km2": 0.0, "buildings_exposed_count": 0, "roads_exposed_km": 0.0, "total_buildings_count": 1, "total_roads_km": 1.498, "population_exposed_proxy": 0, "land_use_breakdown": { }, "locality_name": "Tirunelveli Urban Core (Sector 12-12)", "priority_score": 0.0, "score_infra": 0.0, "score_agri": 0.0, "rank_infra": 133, "rank_agri": 133, "exposure_class": "LOW", "class_color": "#22c55e", "contributing_factors_json": { "flood_overlap_pct": 0.0, "building_exposure_pct": 0.0, "road_disruption_pct": 0.0, "population_proxy_pct": 0.0, "cropland_loss_pct": 0.0 }, "primary_reason": "Zero flood exposure detected in current satellite pass.", "recommended_action": "Low exposure: Standard monitoring; maintain flood gate surveillance and culvert clearing.", "rank": 288 }, "geometry": { "type": "Polygon", "coordinates": [ [ [ 77.72956679849986, 8.712304958677834 ], [ 77.729632411341456, 8.721339857134524 ], [ 77.720551584709384, 8.721405065177141 ], [ 77.720486189488227, 8.712370098155994 ], [ 77.72956679849986, 8.712304958677834 ] ] ] } },
{ "type": "Feature", "properties": { "zone_id": "ZONE_R13_C22", "row": 13, "col": 22, "flooded_area_km2": 0.0, "agricultural_exposed_km2": 0.0, "buildings_exposed_count": 0, "roads_exposed_km": 0.0, "total_buildings_count": 0, "total_roads_km": 2.164, "population_exposed_proxy": 0, "land_use_breakdown": { }, "locality_name": "East Thamirabarani Basin (Sector 13-22)", "priority_score": 0.0, "score_infra": 0.0, "score_agri": 0.0, "rank_infra": 133, "rank_agri": 133, "exposure_class": "LOW", "class_color": "#22c55e", "contributing_factors_json": { "flood_overlap_pct": 0.0, "building_exposure_pct": 0.0, "road_disruption_pct": 0.0, "population_proxy_pct": 0.0, "cropland_loss_pct": 0.0 }, "primary_reason": "Zero flood exposure detected in current satellite pass.", "recommended_action": "Low exposure: Standard monitoring; maintain flood gate surveillance and culvert clearing.", "rank": 289 }, "geometry": { "type": "Polygon", "coordinates": [ [ [ 77.8191208961359, 8.702616209671254 ], [ 77.819188583501955, 8.711650423985807 ], [ 77.811289073183346, 8.711708965602357 ], [ 77.811221574870714, 8.702674689671165 ], [ 77.8191208961359, 8.702616209671254 ] ] ] } },
{ "type": "Feature", "properties": { "zone_id": "ZONE_R04_C04", "row": 4, "col": 4, "flooded_area_km2": 0.0, "agricultural_exposed_km2": 0.0, "buildings_exposed_count": 0, "roads_exposed_km": 0.0, "total_buildings_count": 0, "total_roads_km": 0.0, "population_exposed_proxy": 0, "land_use_breakdown": { }, "locality_name": "North Basin & Agricultural Belt (Sector 4-4)", "priority_score": 0.0, "score_infra": 0.0, "score_agri": 0.0, "rank_infra": 133, "rank_agri": 133, "exposure_class": "LOW", "class_color": "#22c55e", "contributing_factors_json": { "flood_overlap_pct": 0.0, "building_exposure_pct": 0.0, "road_disruption_pct": 0.0, "population_proxy_pct": 0.0, "cropland_loss_pct": 0.0 }, "primary_reason": "Zero flood exposure detected in current satellite pass.", "recommended_action": "Low exposure: Standard monitoring; maintain flood gate surveillance and culvert clearing.", "rank": 290 }, "geometry": { "type": "Polygon", "coordinates": [ [ [ 77.657432867477269, 8.785103405515908 ], [ 77.657497289459741, 8.794138807940184 ], [ 77.648414156236896, 8.794202816583056 ], [ 77.648349953815412, 8.785167347392154 ], [ 77.657432867477269, 8.785103405515908 ] ] ] } },
{ "type": "Feature", "properties": { "zone_id": "ZONE_R04_C15", "row": 4, "col": 15, "flooded_area_km2": 0.0, "agricultural_exposed_km2": 0.0, "buildings_exposed_count": 0, "roads_exposed_km": 0.0, "total_buildings_count": 2, "total_roads_km": 13.256, "population_exposed_proxy": 0, "land_use_breakdown": { }, "locality_name": "North Basin & Agricultural Belt (Sector 4-15)", "priority_score": 0.0, "score_infra": 0.0, "score_agri": 0.0, "rank_infra": 133, "rank_agri": 133, "exposure_class": "LOW", "class_color": "#22c55e", "contributing_factors_json": { "flood_overlap_pct": 0.0, "building_exposure_pct": 0.0, "road_disruption_pct": 0.0, "population_proxy_pct": 0.0, "cropland_loss_pct": 0.0 }, "primary_reason": "Zero flood exposure detected in current satellite pass.", "recommended_action": "Low exposure: Standard monitoring; maintain flood gate surveillance and culvert clearing.", "rank": 291 }, "geometry": { "type": "Polygon", "coordinates": [ [ [ 77.757340324043653, 8.784385638590082 ], [ 77.757407160653855, 8.793420291540277 ], [ 77.748324797439381, 8.793486703588973 ], [ 77.748258180299118, 8.784451981365446 ], [ 77.757340324043653, 8.784385638590082 ] ] ] } },
{ "type": "Feature", "properties": { "zone_id": "ZONE_R04_C14", "row": 4, "col": 14, "flooded_area_km2": 0.0, "agricultural_exposed_km2": 0.0, "buildings_exposed_count": 0, "roads_exposed_km": 0.0, "total_buildings_count": 0, "total_roads_km": 0.531, "population_exposed_proxy": 0, "land_use_breakdown": { }, "locality_name": "North Basin & Agricultural Belt (Sector 4-14)", "priority_score": 0.0, "score_infra": 0.0, "score_agri": 0.0, "rank_infra": 133, "rank_agri": 133, "exposure_class": "LOW", "class_color": "#22c55e", "contributing_factors_json": { "flood_overlap_pct": 0.0, "building_exposure_pct": 0.0, "road_disruption_pct": 0.0, "population_proxy_pct": 0.0, "cropland_loss_pct": 0.0 }, "primary_reason": "Zero flood exposure detected in current satellite pass.", "recommended_action": "Low exposure: Standard monitoring; maintain flood gate surveillance and culvert clearing.", "rank": 292 }, "geometry": { "type": "Polygon", "coordinates": [ [ [ 77.748258180299118, 8.784451981365446 ], [ 77.748324797439381, 8.793486703588973 ], [ 77.739242363051815, 8.793552897187043 ], [ 77.739175965389933, 8.784518105918023 ], [ 77.748258180299118, 8.784451981365446 ] ] ] } },
{ "type": "Feature", "properties": { "zone_id": "ZONE_R04_C13", "row": 4, "col": 13, "flooded_area_km2": 0.0, "agricultural_exposed_km2": 0.0, "buildings_exposed_count": 0, "roads_exposed_km": 0.0, "total_buildings_count": 0, "total_roads_km": 2.683, "population_exposed_proxy": 0, "land_use_breakdown": { }, "locality_name": "North Basin & Agricultural Belt (Sector 4-13)", "priority_score": 0.0, "score_infra": 0.0, "score_agri": 0.0, "rank_infra": 133, "rank_agri": 133, "exposure_class": "LOW", "class_color": "#22c55e", "contributing_factors_json": { "flood_overlap_pct": 0.0, "building_exposure_pct": 0.0, "road_disruption_pct": 0.0, "population_proxy_pct": 0.0, "cropland_loss_pct": 0.0 }, "primary_reason": "Zero flood exposure detected in current satellite pass.", "recommended_action": "Low exposure: Standard monitoring; maintain flood gate surveillance and culvert clearing.", "rank": 293 }, "geometry": { "type": "Polygon", "coordinates": [ [ [ 77.739175965389933, 8.784518105918023 ], [ 77.739242363051815, 8.793552897187043 ], [ 77.730159857725582, 8.79361887232624 ], [ 77.730093679550436, 8.784584012239572 ], [ 77.739175965389933, 8.784518105918023 ] ] ] } },
{ "type": "Feature", "properties": { "zone_id": "ZONE_R04_C12", "row": 4, "col": 12, "flooded_area_km2": 0.0, "agricultural_exposed_km2": 0.0, "buildings_exposed_count": 0, "roads_exposed_km": 0.0, "total_buildings_count": 5, "total_roads_km": 16.057, "population_exposed_proxy": 0, "land_use_breakdown": { }, "locality_name": "North Basin & Agricultural Belt (Sector 4-12)", "priority_score": 0.0, "score_infra": 0.0, "score_agri": 0.0, "rank_infra": 133, "rank_agri": 133, "exposure_class": "LOW", "class_color": "#22c55e", "contributing_factors_json": { "flood_overlap_pct": 0.0, "building_exposure_pct": 0.0, "road_disruption_pct": 0.0, "population_proxy_pct": 0.0, "cropland_loss_pct": 0.0 }, "primary_reason": "Zero flood exposure detected in current satellite pass.", "recommended_action": "Low exposure: Standard monitoring; maintain flood gate surveillance and culvert clearing.", "rank": 294 }, "geometry": { "type": "Polygon", "coordinates": [ [ [ 77.730093679550436, 8.784584012239572 ], [ 77.730159857725582, 8.79361887232624 ], [ 77.721077281695131, 8.793684628998351 ], [ 77.721011323015119, 8.784649700321893 ], [ 77.730093679550436, 8.784584012239572 ] ] ] } },
{ "type": "Feature", "properties": { "zone_id": "ZONE_R04_C11", "row": 4, "col": 11, "flooded_area_km2": 0.0, "agricultural_exposed_km2": 0.0, "buildings_exposed_count": 0, "roads_exposed_km": 0.0, "total_buildings_count": 0, "total_roads_km": 15.994, "population_exposed_proxy": 0, "land_use_breakdown": { }, "locality_name": "North Basin & Agricultural Belt (Sector 4-11)", "priority_score": 0.0, "score_infra": 0.0, "score_agri": 0.0, "rank_infra": 133, "rank_agri": 133, "exposure_class": "LOW", "class_color": "#22c55e", "contributing_factors_json": { "flood_overlap_pct": 0.0, "building_exposure_pct": 0.0, "road_disruption_pct": 0.0, "population_proxy_pct": 0.0, "cropland_loss_pct": 0.0 }, "primary_reason": "Zero flood exposure detected in current satellite pass.", "recommended_action": "Low exposure: Standard monitoring; maintain flood gate surveillance and culvert clearing.", "rank": 295 }, "geometry": { "type": "Polygon", "coordinates": [ [ [ 77.721011323015119, 8.784649700321893 ], [ 77.721077281695131, 8.793684628998351 ], [ 77.711994635194941, 8.793750167195185 ], [ 77.71192889601835, 8.784715170156804 ], [ 77.721011323015119, 8.784649700321893 ] ] ] } },
{ "type": "Feature", "properties": { "zone_id": "ZONE_R04_C10", "row": 4, "col": 10, "flooded_area_km2": 0.0, "agricultural_exposed_km2": 0.0, "buildings_exposed_count": 0, "roads_exposed_km": 0.0, "total_buildings_count": 0, "total_roads_km": 4.445, "population_exposed_proxy": 0, "land_use_breakdown": { }, "locality_name": "North Basin & Agricultural Belt (Sector 4-10)", "priority_score": 0.0, "score_infra": 0.0, "score_agri": 0.0, "rank_infra": 133, "rank_agri": 133, "exposure_class": "LOW", "class_color": "#22c55e", "contributing_factors_json": { "flood_overlap_pct": 0.0, "building_exposure_pct": 0.0, "road_disruption_pct": 0.0, "population_proxy_pct": 0.0, "cropland_loss_pct": 0.0 }, "primary_reason": "Zero flood exposure detected in current satellite pass.", "recommended_action": "Low exposure: Standard monitoring; maintain flood gate surveillance and culvert clearing.", "rank": 296 }, "geometry": { "type": "Polygon", "coordinates": [ [ [ 77.71192889601835, 8.784715170156804 ], [ 77.711994635194941, 8.793750167195185 ], [ 77.702911918459449, 8.79381548690858 ], [ 77.70284639879462, 8.784780421736151 ], [ 77.71192889601835, 8.784715170156804 ] ] ] } },
{ "type": "Feature", "properties": { "zone_id": "ZONE_R04_C09", "row": 4, "col": 9, "flooded_area_km2": 0.0, "agricultural_exposed_km2": 0.0, "buildings_exposed_count": 0, "roads_exposed_km": 0.0, "total_buildings_count": 0, "total_roads_km": 1.384, "population_exposed_proxy": 0, "land_use_breakdown": { }, "locality_name": "North Basin & Agricultural Belt (Sector 4-9)", "priority_score": 0.0, "score_infra": 0.0, "score_agri": 0.0, "rank_infra": 133, "rank_agri": 133, "exposure_class": "LOW", "class_color": "#22c55e", "contributing_factors_json": { "flood_overlap_pct": 0.0, "building_exposure_pct": 0.0, "road_disruption_pct": 0.0, "population_proxy_pct": 0.0, "cropland_loss_pct": 0.0 }, "primary_reason": "Zero flood exposure detected in current satellite pass.", "recommended_action": "Low exposure: Standard monitoring; maintain flood gate surveillance and culvert clearing.", "rank": 297 }, "geometry": { "type": "Polygon", "coordinates": [ [ [ 77.70284639879462, 8.784780421736151 ], [ 77.702911918459449, 8.79381548690858 ], [ 77.693829131723149, 8.793880588130401 ], [ 77.693763831578352, 8.784845455051801 ], [ 77.70284639879462, 8.784780421736151 ] ] ] } },
{ "type": "Feature", "properties": { "zone_id": "ZONE_R04_C08", "row": 4, "col": 8, "flooded_area_km2": 0.0, "agricultural_exposed_km2": 0.0, "buildings_exposed_count": 0, "roads_exposed_km": 0.0, "total_buildings_count": 0, "total_roads_km": 7.953, "population_exposed_proxy": 0, "land_use_breakdown": { }, "locality_name": "North Basin & Agricultural Belt (Sector 4-8)", "priority_score": 0.0, "score_infra": 0.0, "score_agri": 0.0, "rank_infra": 133, "rank_agri": 133, "exposure_class": "LOW", "class_color": "#22c55e", "contributing_factors_json": { "flood_overlap_pct": 0.0, "building_exposure_pct": 0.0, "road_disruption_pct": 0.0, "population_proxy_pct": 0.0, "cropland_loss_pct": 0.0 }, "primary_reason": "Zero flood exposure detected in current satellite pass.", "recommended_action": "Low exposure: Standard monitoring; maintain flood gate surveillance and culvert clearing.", "rank": 298 }, "geometry": { "type": "Polygon", "coordinates": [ [ [ 77.693763831578352, 8.784845455051801 ], [ 77.693829131723149, 8.793880588130401 ], [ 77.684746275220533, 8.793945470852538 ], [ 77.684681194604011, 8.784910270095661 ], [ 77.693763831578352, 8.784845455051801 ] ] ] } },
{ "type": "Feature", "properties": { "zone_id": "ZONE_R04_C07", "row": 4, "col": 7, "flooded_area_km2": 0.0, "agricultural_exposed_km2": 0.0, "buildings_exposed_count": 0, "roads_exposed_km": 0.0, "total_buildings_count": 0, "total_roads_km": 2.483, "population_exposed_proxy": 0, "land_use_breakdown": { }, "locality_name": "North Basin & Agricultural Belt (Sector 4-7)", "priority_score": 0.0, "score_infra": 0.0, "score_agri": 0.0, "rank_infra": 133, "rank_agri": 133, "exposure_class": "LOW", "class_color": "#22c55e", "contributing_factors_json": { "flood_overlap_pct": 0.0, "building_exposure_pct": 0.0, "road_disruption_pct": 0.0, "population_proxy_pct": 0.0, "cropland_loss_pct": 0.0 }, "primary_reason": "Zero flood exposure detected in current satellite pass.", "recommended_action": "Low exposure: Standard monitoring; maintain flood gate surveillance and culvert clearing.", "rank": 299 }, "geometry": { "type": "Polygon", "coordinates": [ [ [ 77.684681194604011, 8.784910270095661 ], [ 77.684746275220533, 8.793945470852538 ], [ 77.675663349186095, 8.794010135066912 ], [ 77.675598488106061, 8.784974866859658 ], [ 77.684681194604011, 8.784910270095661 ] ] ] } },
{ "type": "Feature", "properties": { "zone_id": "ZONE_R04_C06", "row": 4, "col": 6, "flooded_area_km2": 0.0, "agricultural_exposed_km2": 0.0, "buildings_exposed_count": 0, "roads_exposed_km": 0.0, "total_buildings_count": 0, "total_roads_km": 1.717, "population_exposed_proxy": 0, "land_use_breakdown": { }, "locality_name": "North Basin & Agricultural Belt (Sector 4-6)", "priority_score": 0.0, "score_infra": 0.0, "score_agri": 0.0, "rank_infra": 133, "rank_agri": 133, "exposure_class": "LOW", "class_color": "#22c55e", "contributing_factors_json": { "flood_overlap_pct": 0.0, "building_exposure_pct": 0.0, "road_disruption_pct": 0.0, "population_proxy_pct": 0.0, "cropland_loss_pct": 0.0 }, "primary_reason": "Zero flood exposure detected in current satellite pass.", "recommended_action": "Low exposure: Standard monitoring; maintain flood gate surveillance and culvert clearing.", "rank": 300 }, "geometry": { "type": "Polygon", "coordinates": [ [ [ 77.675598488106061, 8.784974866859658 ], [ 77.675663349186095, 8.794010135066912 ], [ 77.666580353854314, 8.794074580765473 ], [ 77.666515712318983, 8.785039245335748 ], [ 77.675598488106061, 8.784974866859658 ] ] ] } },
{ "type": "Feature", "properties": { "zone_id": "ZONE_R04_C05", "row": 4, "col": 5, "flooded_area_km2": 0.0, "agricultural_exposed_km2": 0.0, "buildings_exposed_count": 0, "roads_exposed_km": 0.0, "total_buildings_count": 0, "total_roads_km": 1.012, "population_exposed_proxy": 0, "land_use_breakdown": { }, "locality_name": "North Basin & Agricultural Belt (Sector 4-5)", "priority_score": 0.0, "score_infra": 0.0, "score_agri": 0.0, "rank_infra": 133, "rank_agri": 133, "exposure_class": "LOW", "class_color": "#22c55e", "contributing_factors_json": { "flood_overlap_pct": 0.0, "building_exposure_pct": 0.0, "road_disruption_pct": 0.0, "population_proxy_pct": 0.0, "cropland_loss_pct": 0.0 }, "primary_reason": "Zero flood exposure detected in current satellite pass.", "recommended_action": "Low exposure: Standard monitoring; maintain flood gate surveillance and culvert clearing.", "rank": 301 }, "geometry": { "type": "Polygon", "coordinates": [ [ [ 77.666515712318983, 8.785039245335748 ], [ 77.666580353854314, 8.794074580765473 ], [ 77.657497289459741, 8.794138807940184 ], [ 77.657432867477269, 8.785103405515908 ], [ 77.666515712318983, 8.785039245335748 ] ] ] } },
{ "type": "Feature", "properties": { "zone_id": "ZONE_R04_C03", "row": 4, "col": 3, "flooded_area_km2": 0.0, "agricultural_exposed_km2": 0.0, "buildings_exposed_count": 0, "roads_exposed_km": 0.0, "total_buildings_count": 0, "total_roads_km": 0.873, "population_exposed_proxy": 0, "land_use_breakdown": { }, "locality_name": "North Basin & Agricultural Belt (Sector 4-3)", "priority_score": 0.0, "score_infra": 0.0, "score_agri": 0.0, "rank_infra": 133, "rank_agri": 133, "exposure_class": "LOW", "class_color": "#22c55e", "contributing_factors_json": { "flood_overlap_pct": 0.0, "building_exposure_pct": 0.0, "road_disruption_pct": 0.0, "population_proxy_pct": 0.0, "cropland_loss_pct": 0.0 }, "primary_reason": "Zero flood exposure detected in current satellite pass.", "recommended_action": "Low exposure: Standard monitoring; maintain flood gate surveillance and culvert clearing.", "rank": 302 }, "geometry": { "type": "Polygon", "coordinates": [ [ [ 77.648349953815412, 8.785167347392154 ], [ 77.648414156236896, 8.794202816583056 ], [ 77.639330954420274, 8.794266606686108 ], [ 77.63926697156792, 8.785231070956513 ], [ 77.648349953815412, 8.785167347392154 ] ] ] } },
{ "type": "Feature", "properties": { "zone_id": "ZONE_R03_C12", "row": 3, "col": 12, "flooded_area_km2": 0.0, "agricultural_exposed_km2": 0.0, "buildings_exposed_count": 0, "roads_exposed_km": 0.0, "total_buildings_count": 0, "total_roads_km": 8.077, "population_exposed_proxy": 0, "land_use_breakdown": { }, "locality_name": "North Basin & Agricultural Belt (Sector 3-12)", "priority_score": 0.0, "score_infra": 0.0, "score_agri": 0.0, "rank_infra": 133, "rank_agri": 133, "exposure_class": "LOW", "class_color": "#22c55e", "contributing_factors_json": { "flood_overlap_pct": 0.0, "building_exposure_pct": 0.0, "road_disruption_pct": 0.0, "population_proxy_pct": 0.0, "cropland_loss_pct": 0.0 }, "primary_reason": "Zero flood exposure detected in current satellite pass.", "recommended_action": "Low exposure: Standard monitoring; maintain flood gate surveillance and culvert clearing.", "rank": 303 }, "geometry": { "type": "Polygon", "coordinates": [ [ [ 77.730159857725582, 8.79361887232624 ], [ 77.730226106604917, 8.802653727594878 ], [ 77.721143310844909, 8.802719552859964 ], [ 77.721077281695131, 8.793684628998351 ], [ 77.730159857725582, 8.79361887232624 ] ] ] } },
{ "type": "Feature", "properties": { "zone_id": "ZONE_R04_C02", "row": 4, "col": 2, "flooded_area_km2": 0.0, "agricultural_exposed_km2": 0.0, "buildings_exposed_count": 0, "roads_exposed_km": 0.0, "total_buildings_count": 0, "total_roads_km": 1.566, "population_exposed_proxy": 0, "land_use_breakdown": { }, "locality_name": "North Basin & Agricultural Belt (Sector 4-2)", "priority_score": 0.0, "score_infra": 0.0, "score_agri": 0.0, "rank_infra": 133, "rank_agri": 133, "exposure_class": "LOW", "class_color": "#22c55e", "contributing_factors_json": { "flood_overlap_pct": 0.0, "building_exposure_pct": 0.0, "road_disruption_pct": 0.0, "population_proxy_pct": 0.0, "cropland_loss_pct": 0.0 }, "primary_reason": "Zero flood exposure detected in current satellite pass.", "recommended_action": "Low exposure: Standard monitoring; maintain flood gate surveillance and culvert clearing.", "rank": 304 }, "geometry": { "type": "Polygon", "coordinates": [ [ [ 77.63926697156792, 8.785231070956513 ], [ 77.639330954420274, 8.794266606686108 ], [ 77.630247684244466, 8.794330178241399 ], [ 77.630183920969287, 8.785294576201053 ], [ 77.63926697156792, 8.785231070956513 ] ] ] } },
{ "type": "Feature", "properties": { "zone_id": "ZONE_R04_C01", "row": 4, "col": 1, "flooded_area_km2": 0.0, "agricultural_exposed_km2": 0.0, "buildings_exposed_count": 0, "roads_exposed_km": 0.0, "total_buildings_count": 0, "total_roads_km": 4.507, "population_exposed_proxy": 0, "land_use_breakdown": { }, "locality_name": "North Basin & Agricultural Belt (Sector 4-1)", "priority_score": 0.0, "score_infra": 0.0, "score_agri": 0.0, "rank_infra": 133, "rank_agri": 133, "exposure_class": "LOW", "class_color": "#22c55e", "contributing_factors_json": { "flood_overlap_pct": 0.0, "building_exposure_pct": 0.0, "road_disruption_pct": 0.0, "population_proxy_pct": 0.0, "cropland_loss_pct": 0.0 }, "primary_reason": "Zero flood exposure detected in current satellite pass.", "recommended_action": "Low exposure: Standard monitoring; maintain flood gate surveillance and culvert clearing.", "rank": 305 }, "geometry": { "type": "Polygon", "coordinates": [ [ [ 77.630183920969287, 8.785294576201053 ], [ 77.630247684244466, 8.794330178241399 ], [ 77.621164345943981, 8.794393531241004 ], [ 77.621100802254077, 8.785357863117865 ], [ 77.630183920969287, 8.785294576201053 ] ] ] } },
{ "type": "Feature", "properties": { "zone_id": "ZONE_R03_C22", "row": 3, "col": 22, "flooded_area_km2": 0.0, "agricultural_exposed_km2": 0.0, "buildings_exposed_count": 0, "roads_exposed_km": 0.0, "total_buildings_count": 0, "total_roads_km": 2.831, "population_exposed_proxy": 0, "land_use_breakdown": { }, "locality_name": "North Basin & Agricultural Belt (Sector 3-22)", "priority_score": 0.0, "score_infra": 0.0, "score_agri": 0.0, "rank_infra": 133, "rank_agri": 133, "exposure_class": "LOW", "class_color": "#22c55e", "contributing_factors_json": { "flood_overlap_pct": 0.0, "building_exposure_pct": 0.0, "road_disruption_pct": 0.0, "population_proxy_pct": 0.0, "cropland_loss_pct": 0.0 }, "primary_reason": "Zero flood exposure detected in current satellite pass.", "recommended_action": "Low exposure: Standard monitoring; maintain flood gate surveillance and culvert clearing.", "rank": 306 }, "geometry": { "type": "Polygon", "coordinates": [ [ [ 77.819801053146151, 8.792958135955825 ], [ 77.819869470303018, 8.801992301989683 ], [ 77.811968058243664, 8.802051459928903 ], [ 77.811899832178113, 8.793017232249952 ], [ 77.819801053146151, 8.792958135955825 ] ] ] } },
{ "type": "Feature", "properties": { "zone_id": "ZONE_R03_C21", "row": 3, "col": 21, "flooded_area_km2": 0.0, "agricultural_exposed_km2": 0.0, "buildings_exposed_count": 0, "roads_exposed_km": 0.0, "total_buildings_count": 0, "total_roads_km": 3.67, "population_exposed_proxy": 0, "land_use_breakdown": { }, "locality_name": "North Basin & Agricultural Belt (Sector 3-21)", "priority_score": 0.0, "score_infra": 0.0, "score_agri": 0.0, "rank_infra": 133, "rank_agri": 133, "exposure_class": "LOW", "class_color": "#22c55e", "contributing_factors_json": { "flood_overlap_pct": 0.0, "building_exposure_pct": 0.0, "road_disruption_pct": 0.0, "population_proxy_pct": 0.0, "cropland_loss_pct": 0.0 }, "primary_reason": "Zero flood exposure detected in current satellite pass.", "recommended_action": "Low exposure: Standard monitoring; maintain flood gate surveillance and culvert clearing.", "rank": 307 }, "geometry": { "type": "Polygon", "coordinates": [ [ [ 77.811899832178113, 8.793017232249952 ], [ 77.811968058243664, 8.802051459928903 ], [ 77.802885907337242, 8.802119253150195 ], [ 77.80281790092495, 8.793084954827791 ], [ 77.811899832178113, 8.793017232249952 ] ] ] } },
{ "type": "Feature", "properties": { "zone_id": "ZONE_R03_C20", "row": 3, "col": 20, "flooded_area_km2": 0.0, "agricultural_exposed_km2": 0.0, "buildings_exposed_count": 0, "roads_exposed_km": 0.0, "total_buildings_count": 0, "total_roads_km": 1.144, "population_exposed_proxy": 0, "land_use_breakdown": { }, "locality_name": "North Basin & Agricultural Belt (Sector 3-20)", "priority_score": 0.0, "score_infra": 0.0, "score_agri": 0.0, "rank_infra": 133, "rank_agri": 133, "exposure_class": "LOW", "class_color": "#22c55e", "contributing_factors_json": { "flood_overlap_pct": 0.0, "building_exposure_pct": 0.0, "road_disruption_pct": 0.0, "population_proxy_pct": 0.0, "cropland_loss_pct": 0.0 }, "primary_reason": "Zero flood exposure detected in current satellite pass.", "recommended_action": "Low exposure: Standard monitoring; maintain flood gate surveillance and culvert clearing.", "rank": 308 }, "geometry": { "type": "Polygon", "coordinates": [ [ [ 77.80281790092495, 8.793084954827791 ], [ 77.802885907337242, 8.802119253150195 ], [ 77.793803683842697, 8.802186827743089 ], [ 77.793735897092247, 8.793152459005027 ], [ 77.80281790092495, 8.793084954827791 ] ] ] } },
{ "type": "Feature", "properties": { "zone_id": "ZONE_R03_C19", "row": 3, "col": 19, "flooded_area_km2": 0.0, "agricultural_exposed_km2": 0.0, "buildings_exposed_count": 0, "roads_exposed_km": 0.0, "total_buildings_count": 0, "total_roads_km": 1.109, "population_exposed_proxy": 0, "land_use_breakdown": { }, "locality_name": "North Basin & Agricultural Belt (Sector 3-19)", "priority_score": 0.0, "score_infra": 0.0, "score_agri": 0.0, "rank_infra": 133, "rank_agri": 133, "exposure_class": "LOW", "class_color": "#22c55e", "contributing_factors_json": { "flood_overlap_pct": 0.0, "building_exposure_pct": 0.0, "road_disruption_pct": 0.0, "population_proxy_pct": 0.0, "cropland_loss_pct": 0.0 }, "primary_reason": "Zero flood exposure detected in current satellite pass.", "recommended_action": "Low exposure: Standard monitoring; maintain flood gate surveillance and culvert clearing.", "rank": 309 }, "geometry": { "type": "Polygon", "coordinates": [ [ [ 77.793735897092247, 8.793152459005027 ], [ 77.793803683842697, 8.802186827743089 ], [ 77.784721387994438, 8.802254183699175 ], [ 77.784653820914386, 8.793219744773259 ], [ 77.793735897092247, 8.793152459005027 ] ] ] } },
{ "type": "Feature", "properties": { "zone_id": "ZONE_R03_C18", "row": 3, "col": 18, "flooded_area_km2": 0.0, "agricultural_exposed_km2": 0.0, "buildings_exposed_count": 0, "roads_exposed_km": 0.0, "total_buildings_count": 0, "total_roads_km": 0.0, "population_exposed_proxy": 0, "land_use_breakdown": { }, "locality_name": "North Basin & Agricultural Belt (Sector 3-18)", "priority_score": 0.0, "score_infra": 0.0, "score_agri": 0.0, "rank_infra": 133, "rank_agri": 133, "exposure_class": "LOW", "class_color": "#22c55e", "contributing_factors_json": { "flood_overlap_pct": 0.0, "building_exposure_pct": 0.0, "road_disruption_pct": 0.0, "population_proxy_pct": 0.0, "cropland_loss_pct": 0.0 }, "primary_reason": "Zero flood exposure detected in current satellite pass.", "recommended_action": "Low exposure: Standard monitoring; maintain flood gate surveillance and culvert clearing.", "rank": 310 }, "geometry": { "type": "Polygon", "coordinates": [ [ [ 77.784653820914386, 8.793219744773259 ], [ 77.784721387994438, 8.802254183699175 ], [ 77.775639020026873, 8.802321321010064 ], [ 77.775571672625773, 8.793286812124109 ], [ 77.784653820914386, 8.793219744773259 ] ] ] } },
{ "type": "Feature", "properties": { "zone_id": "ZONE_R03_C17", "row": 3, "col": 17, "flooded_area_km2": 0.0, "agricultural_exposed_km2": 0.0, "buildings_exposed_count": 0, "roads_exposed_km": 0.0, "total_buildings_count": 0, "total_roads_km": 3.593, "population_exposed_proxy": 0, "land_use_breakdown": { }, "locality_name": "North Basin & Agricultural Belt (Sector 3-17)", "priority_score": 0.0, "score_infra": 0.0, "score_agri": 0.0, "rank_infra": 133, "rank_agri": 133, "exposure_class": "LOW", "class_color": "#22c55e", "contributing_factors_json": { "flood_overlap_pct": 0.0, "building_exposure_pct": 0.0, "road_disruption_pct": 0.0, "population_proxy_pct": 0.0, "cropland_loss_pct": 0.0 }, "primary_reason": "Zero flood exposure detected in current satellite pass.", "recommended_action": "Low exposure: Standard monitoring; maintain flood gate surveillance and culvert clearing.", "rank": 311 }, "geometry": { "type": "Polygon", "coordinates": [ [ [ 77.775571672625773, 8.793286812124109 ], [ 77.775639020026873, 8.802321321010064 ], [ 77.766556580174452, 8.802388239667394 ], [ 77.766489452460775, 8.793353661049222 ], [ 77.775571672625773, 8.793286812124109 ] ] ] } },
{ "type": "Feature", "properties": { "zone_id": "ZONE_R03_C16", "row": 3, "col": 16, "flooded_area_km2": 0.0, "agricultural_exposed_km2": 0.0, "buildings_exposed_count": 0, "roads_exposed_km": 0.0, "total_buildings_count": 0, "total_roads_km": 1.245, "population_exposed_proxy": 0, "land_use_breakdown": { }, "locality_name": "North Basin & Agricultural Belt (Sector 3-16)", "priority_score": 0.0, "score_infra": 0.0, "score_agri": 0.0, "rank_infra": 133, "rank_agri": 133, "exposure_class": "LOW", "class_color": "#22c55e", "contributing_factors_json": { "flood_overlap_pct": 0.0, "building_exposure_pct": 0.0, "road_disruption_pct": 0.0, "population_proxy_pct": 0.0, "cropland_loss_pct": 0.0 }, "primary_reason": "Zero flood exposure detected in current satellite pass.", "recommended_action": "Low exposure: Standard monitoring; maintain flood gate surveillance and culvert clearing.", "rank": 312 }, "geometry": { "type": "Polygon", "coordinates": [ [ [ 77.766489452460775, 8.793353661049222 ], [ 77.766556580174452, 8.802388239667394 ], [ 77.757474068671584, 8.802454939662836 ], [ 77.757407160653855, 8.793420291540277 ], [ 77.766489452460775, 8.793353661049222 ] ] ] } },
{ "type": "Feature", "properties": { "zone_id": "ZONE_R03_C15", "row": 3, "col": 15, "flooded_area_km2": 0.0, "agricultural_exposed_km2": 0.0, "buildings_exposed_count": 0, "roads_exposed_km": 0.0, "total_buildings_count": 0, "total_roads_km": 2.216, "population_exposed_proxy": 0, "land_use_breakdown": { }, "locality_name": "North Basin & Agricultural Belt (Sector 3-15)", "priority_score": 0.0, "score_infra": 0.0, "score_agri": 0.0, "rank_infra": 133, "rank_agri": 133, "exposure_class": "LOW", "class_color": "#22c55e", "contributing_factors_json": { "flood_overlap_pct": 0.0, "building_exposure_pct": 0.0, "road_disruption_pct": 0.0, "population_proxy_pct": 0.0, "cropland_loss_pct": 0.0 }, "primary_reason": "Zero flood exposure detected in current satellite pass.", "recommended_action": "Low exposure: Standard monitoring; maintain flood gate surveillance and culvert clearing.", "rank": 313 }, "geometry": { "type": "Polygon", "coordinates": [ [ [ 77.757407160653855, 8.793420291540277 ], [ 77.757474068671584, 8.802454939662836 ], [ 77.748391485752734, 8.802521420988079 ], [ 77.748324797439381, 8.793486703588973 ], [ 77.757407160653855, 8.793420291540277 ] ] ] } },
{ "type": "Feature", "properties": { "zone_id": "ZONE_R03_C14", "row": 3, "col": 14, "flooded_area_km2": 0.0, "agricultural_exposed_km2": 0.0, "buildings_exposed_count": 0, "roads_exposed_km": 0.0, "total_buildings_count": 0, "total_roads_km": 1.691, "population_exposed_proxy": 0, "land_use_breakdown": { }, "locality_name": "North Basin & Agricultural Belt (Sector 3-14)", "priority_score": 0.0, "score_infra": 0.0, "score_agri": 0.0, "rank_infra": 133, "rank_agri": 133, "exposure_class": "LOW", "class_color": "#22c55e", "contributing_factors_json": { "flood_overlap_pct": 0.0, "building_exposure_pct": 0.0, "road_disruption_pct": 0.0, "population_proxy_pct": 0.0, "cropland_loss_pct": 0.0 }, "primary_reason": "Zero flood exposure detected in current satellite pass.", "recommended_action": "Low exposure: Standard monitoring; maintain flood gate surveillance and culvert clearing.", "rank": 314 }, "geometry": { "type": "Polygon", "coordinates": [ [ [ 77.748324797439381, 8.793486703588973 ], [ 77.748391485752734, 8.802521420988079 ], [ 77.739308831652352, 8.802587683634846 ], [ 77.739242363051815, 8.793552897187043 ], [ 77.748324797439381, 8.793486703588973 ] ] ] } },
{ "type": "Feature", "properties": { "zone_id": "ZONE_R04_C16", "row": 4, "col": 16, "flooded_area_km2": 0.0, "agricultural_exposed_km2": 0.0, "buildings_exposed_count": 0, "roads_exposed_km": 0.0, "total_buildings_count": 0, "total_roads_km": 10.629, "population_exposed_proxy": 0, "land_use_breakdown": { }, "locality_name": "North Basin & Agricultural Belt (Sector 4-16)", "priority_score": 0.0, "score_infra": 0.0, "score_agri": 0.0, "rank_infra": 133, "rank_agri": 133, "exposure_class": "LOW", "class_color": "#22c55e", "contributing_factors_json": { "flood_overlap_pct": 0.0, "building_exposure_pct": 0.0, "road_disruption_pct": 0.0, "population_proxy_pct": 0.0, "cropland_loss_pct": 0.0 }, "primary_reason": "Zero flood exposure detected in current satellite pass.", "recommended_action": "Low exposure: Standard monitoring; maintain flood gate surveillance and culvert clearing.", "rank": 315 }, "geometry": { "type": "Polygon", "coordinates": [ [ [ 77.766422396389075, 8.784319077600186 ], [ 77.766489452460775, 8.793353661049222 ], [ 77.757407160653855, 8.793420291540277 ], [ 77.757340324043653, 8.784385638590082 ], [ 77.766422396389075, 8.784319077600186 ] ] ] } },
{ "type": "Feature", "properties": { "zone_id": "ZONE_R04_C17", "row": 4, "col": 17, "flooded_area_km2": 0.0, "agricultural_exposed_km2": 0.0, "buildings_exposed_count": 0, "roads_exposed_km": 0.0, "total_buildings_count": 0, "total_roads_km": 3.911, "population_exposed_proxy": 0, "land_use_breakdown": { }, "locality_name": "North Basin & Agricultural Belt (Sector 4-17)", "priority_score": 0.0, "score_infra": 0.0, "score_agri": 0.0, "rank_infra": 133, "rank_agri": 133, "exposure_class": "LOW", "class_color": "#22c55e", "contributing_factors_json": { "flood_overlap_pct": 0.0, "building_exposure_pct": 0.0, "road_disruption_pct": 0.0, "population_proxy_pct": 0.0, "cropland_loss_pct": 0.0 }, "primary_reason": "Zero flood exposure detected in current satellite pass.", "recommended_action": "Low exposure: Standard monitoring; maintain flood gate surveillance and culvert clearing.", "rank": 316 }, "geometry": { "type": "Polygon", "coordinates": [ [ [ 77.775504397101017, 8.784252298404052 ], [ 77.775571672625773, 8.793286812124109 ], [ 77.766489452460775, 8.793353661049222 ], [ 77.766422396389075, 8.784319077600186 ], [ 77.775504397101017, 8.784252298404052 ] ] ] } },
{ "type": "Feature", "properties": { "zone_id": "ZONE_R04_C18", "row": 4, "col": 18, "flooded_area_km2": 0.0, "agricultural_exposed_km2": 0.0, "buildings_exposed_count": 0, "roads_exposed_km": 0.0, "total_buildings_count": 0, "total_roads_km": 1.871, "population_exposed_proxy": 0, "land_use_breakdown": { }, "locality_name": "North Basin & Agricultural Belt (Sector 4-18)", "priority_score": 0.0, "score_infra": 0.0, "score_agri": 0.0, "rank_infra": 133, "rank_agri": 133, "exposure_class": "LOW", "class_color": "#22c55e", "contributing_factors_json": { "flood_overlap_pct": 0.0, "building_exposure_pct": 0.0, "road_disruption_pct": 0.0, "population_proxy_pct": 0.0, "cropland_loss_pct": 0.0 }, "primary_reason": "Zero flood exposure detected in current satellite pass.", "recommended_action": "Low exposure: Standard monitoring; maintain flood gate surveillance and culvert clearing.", "rank": 317 }, "geometry": { "type": "Polygon", "coordinates": [ [ [ 77.784586325945114, 8.78418530101 ], [ 77.784653820914386, 8.793219744773259 ], [ 77.775571672625773, 8.793286812124109 ], [ 77.775504397101017, 8.784252298404052 ], [ 77.784586325945114, 8.78418530101 ] ] ] } },
{ "type": "Feature", "properties": { "zone_id": "ZONE_R04_C19", "row": 4, "col": 19, "flooded_area_km2": 0.0, "agricultural_exposed_km2": 0.0, "buildings_exposed_count": 0, "roads_exposed_km": 0.0, "total_buildings_count": 0, "total_roads_km": 0.287, "population_exposed_proxy": 0, "land_use_breakdown": { }, "locality_name": "North Basin & Agricultural Belt (Sector 4-19)", "priority_score": 0.0, "score_infra": 0.0, "score_agri": 0.0, "rank_infra": 133, "rank_agri": 133, "exposure_class": "LOW", "class_color": "#22c55e", "contributing_factors_json": { "flood_overlap_pct": 0.0, "building_exposure_pct": 0.0, "road_disruption_pct": 0.0, "population_proxy_pct": 0.0, "cropland_loss_pct": 0.0 }, "primary_reason": "Zero flood exposure detected in current satellite pass.", "recommended_action": "Low exposure: Standard monitoring; maintain flood gate surveillance and culvert clearing.", "rank": 318 }, "geometry": { "type": "Polygon", "coordinates": [ [ [ 77.793668182686957, 8.784118085426362 ], [ 77.793735897092247, 8.793152459005027 ], [ 77.784653820914386, 8.793219744773259 ], [ 77.784586325945114, 8.78418530101 ], [ 77.793668182686957, 8.784118085426362 ] ] ] } },
{ "type": "Feature", "properties": { "zone_id": "ZONE_R05_C20", "row": 5, "col": 20, "flooded_area_km2": 0.0, "agricultural_exposed_km2": 0.0, "buildings_exposed_count": 0, "roads_exposed_km": 0.0, "total_buildings_count": 0, "total_roads_km": 2.59, "population_exposed_proxy": 0, "land_use_breakdown": { }, "locality_name": "North Basin & Agricultural Belt (Sector 5-20)", "priority_score": 0.0, "score_infra": 0.0, "score_agri": 0.0, "rank_infra": 133, "rank_agri": 133, "exposure_class": "LOW", "class_color": "#22c55e", "contributing_factors_json": { "flood_overlap_pct": 0.0, "building_exposure_pct": 0.0, "road_disruption_pct": 0.0, "population_proxy_pct": 0.0, "cropland_loss_pct": 0.0 }, "primary_reason": "Zero flood exposure detected in current satellite pass.", "recommended_action": "Low exposure: Standard monitoring; maintain flood gate surveillance and culvert clearing.", "rank": 319 }, "geometry": { "type": "Polygon", "coordinates": [ [ [ 77.802682105830399, 8.77501634365624 ], [ 77.802749967092211, 8.784050651661516 ], [ 77.793668182686957, 8.784118085426362 ], [ 77.793600540618257, 8.775083707011959 ], [ 77.802682105830399, 8.77501634365624 ] ] ] } },
{ "type": "Feature", "properties": { "zone_id": "ZONE_R05_C19", "row": 5, "col": 19, "flooded_area_km2": 0.0, "agricultural_exposed_km2": 0.0, "buildings_exposed_count": 0, "roads_exposed_km": 0.0, "total_buildings_count": 0, "total_roads_km": 0.599, "population_exposed_proxy": 0, "land_use_breakdown": { }, "locality_name": "North Basin & Agricultural Belt (Sector 5-19)", "priority_score": 0.0, "score_infra": 0.0, "score_agri": 0.0, "rank_infra": 133, "rank_agri": 133, "exposure_class": "LOW", "class_color": "#22c55e", "contributing_factors_json": { "flood_overlap_pct": 0.0, "building_exposure_pct": 0.0, "road_disruption_pct": 0.0, "population_proxy_pct": 0.0, "cropland_loss_pct": 0.0 }, "primary_reason": "Zero flood exposure detected in current satellite pass.", "recommended_action": "Low exposure: Standard monitoring; maintain flood gate surveillance and culvert clearing.", "rank": 320 }, "geometry": { "type": "Polygon", "coordinates": [ [ [ 77.793600540618257, 8.775083707011959 ], [ 77.793668182686957, 8.784118085426362 ], [ 77.784586325945114, 8.78418530101 ], [ 77.784518903078066, 8.775150852414249 ], [ 77.793600540618257, 8.775083707011959 ] ] ] } },
{ "type": "Feature", "properties": { "zone_id": "ZONE_R05_C18", "row": 5, "col": 18, "flooded_area_km2": 0.0, "agricultural_exposed_km2": 0.0, "buildings_exposed_count": 0, "roads_exposed_km": 0.0, "total_buildings_count": 0, "total_roads_km": 2.418, "population_exposed_proxy": 0, "land_use_breakdown": { }, "locality_name": "North Basin & Agricultural Belt (Sector 5-18)", "priority_score": 0.0, "score_infra": 0.0, "score_agri": 0.0, "rank_infra": 133, "rank_agri": 133, "exposure_class": "LOW", "class_color": "#22c55e", "contributing_factors_json": { "flood_overlap_pct": 0.0, "building_exposure_pct": 0.0, "road_disruption_pct": 0.0, "population_proxy_pct": 0.0, "cropland_loss_pct": 0.0 }, "primary_reason": "Zero flood exposure detected in current satellite pass.", "recommended_action": "Low exposure: Standard monitoring; maintain flood gate surveillance and culvert clearing.", "rank": 321 }, "geometry": { "type": "Polygon", "coordinates": [ [ [ 77.784518903078066, 8.775150852414249 ], [ 77.784586325945114, 8.78418530101 ], [ 77.775504397101017, 8.784252298404052 ], [ 77.775437193444148, 8.775217779854755 ], [ 77.784518903078066, 8.775150852414249 ] ] ] } },
{ "type": "Feature", "properties": { "zone_id": "ZONE_R05_C17", "row": 5, "col": 17, "flooded_area_km2": 0.0, "agricultural_exposed_km2": 0.0, "buildings_exposed_count": 0, "roads_exposed_km": 0.0, "total_buildings_count": 0, "total_roads_km": 4.007, "population_exposed_proxy": 0, "land_use_breakdown": { }, "locality_name": "North Basin & Agricultural Belt (Sector 5-17)", "priority_score": 0.0, "score_infra": 0.0, "score_agri": 0.0, "rank_infra": 133, "rank_agri": 133, "exposure_class": "LOW", "class_color": "#22c55e", "contributing_factors_json": { "flood_overlap_pct": 0.0, "building_exposure_pct": 0.0, "road_disruption_pct": 0.0, "population_proxy_pct": 0.0, "cropland_loss_pct": 0.0 }, "primary_reason": "Zero flood exposure detected in current satellite pass.", "recommended_action": "Low exposure: Standard monitoring; maintain flood gate surveillance and culvert clearing.", "rank": 322 }, "geometry": { "type": "Polygon", "coordinates": [ [ [ 77.775437193444148, 8.775217779854755 ], [ 77.775504397101017, 8.784252298404052 ], [ 77.766422396389075, 8.784319077600186 ], [ 77.766355411950855, 8.775284489325134 ], [ 77.775437193444148, 8.775217779854755 ] ] ] } },
{ "type": "Feature", "properties": { "zone_id": "ZONE_R05_C16", "row": 5, "col": 16, "flooded_area_km2": 0.0, "agricultural_exposed_km2": 0.0, "buildings_exposed_count": 0, "roads_exposed_km": 0.0, "total_buildings_count": 0, "total_roads_km": 1.726, "population_exposed_proxy": 0, "land_use_breakdown": { }, "locality_name": "North Basin & Agricultural Belt (Sector 5-16)", "priority_score": 0.0, "score_infra": 0.0, "score_agri": 0.0, "rank_infra": 133, "rank_agri": 133, "exposure_class": "LOW", "class_color": "#22c55e", "contributing_factors_json": { "flood_overlap_pct": 0.0, "building_exposure_pct": 0.0, "road_disruption_pct": 0.0, "population_proxy_pct": 0.0, "cropland_loss_pct": 0.0 }, "primary_reason": "Zero flood exposure detected in current satellite pass.", "recommended_action": "Low exposure: Standard monitoring; maintain flood gate surveillance and culvert clearing.", "rank": 323 }, "geometry": { "type": "Polygon", "coordinates": [ [ [ 77.766355411950855, 8.775284489325134 ], [ 77.766422396389075, 8.784319077600186 ], [ 77.757340324043653, 8.784385638590082 ], [ 77.757273558832537, 8.775350980817089 ], [ 77.766355411950855, 8.775284489325134 ] ] ] } },
{ "type": "Feature", "properties": { "zone_id": "ZONE_R05_C15", "row": 5, "col": 15, "flooded_area_km2": 0.0, "agricultural_exposed_km2": 0.0, "buildings_exposed_count": 0, "roads_exposed_km": 0.0, "total_buildings_count": 0, "total_roads_km": 1.367, "population_exposed_proxy": 0, "land_use_breakdown": { }, "locality_name": "North Basin & Agricultural Belt (Sector 5-15)", "priority_score": 0.0, "score_infra": 0.0, "score_agri": 0.0, "rank_infra": 133, "rank_agri": 133, "exposure_class": "LOW", "class_color": "#22c55e", "contributing_factors_json": { "flood_overlap_pct": 0.0, "building_exposure_pct": 0.0, "road_disruption_pct": 0.0, "population_proxy_pct": 0.0, "cropland_loss_pct": 0.0 }, "primary_reason": "Zero flood exposure detected in current satellite pass.", "recommended_action": "Low exposure: Standard monitoring; maintain flood gate surveillance and culvert clearing.", "rank": 324 }, "geometry": { "type": "Polygon", "coordinates": [ [ [ 77.757273558832537, 8.775350980817089 ], [ 77.757340324043653, 8.784385638590082 ], [ 77.748258180299118, 8.784451981365446 ], [ 77.748191634323561, 8.775417254322333 ], [ 77.757273558832537, 8.775350980817089 ] ] ] } },
{ "type": "Feature", "properties": { "zone_id": "ZONE_R05_C14", "row": 5, "col": 14, "flooded_area_km2": 0.0, "agricultural_exposed_km2": 0.0, "buildings_exposed_count": 0, "roads_exposed_km": 0.0, "total_buildings_count": 0, "total_roads_km": 2.883, "population_exposed_proxy": 0, "land_use_breakdown": { }, "locality_name": "North Basin & Agricultural Belt (Sector 5-14)", "priority_score": 0.0, "score_infra": 0.0, "score_agri": 0.0, "rank_infra": 133, "rank_agri": 133, "exposure_class": "LOW", "class_color": "#22c55e", "contributing_factors_json": { "flood_overlap_pct": 0.0, "building_exposure_pct": 0.0, "road_disruption_pct": 0.0, "population_proxy_pct": 0.0, "cropland_loss_pct": 0.0 }, "primary_reason": "Zero flood exposure detected in current satellite pass.", "recommended_action": "Low exposure: Standard monitoring; maintain flood gate surveillance and culvert clearing.", "rank": 325 }, "geometry": { "type": "Polygon", "coordinates": [ [ [ 77.748191634323561, 8.775417254322333 ], [ 77.748258180299118, 8.784451981365446 ], [ 77.739175965389933, 8.784518105918023 ], [ 77.739109638658306, 8.775483309832616 ], [ 77.748191634323561, 8.775417254322333 ] ] ] } },
{ "type": "Feature", "properties": { "zone_id": "ZONE_R05_C13", "row": 5, "col": 13, "flooded_area_km2": 0.0, "agricultural_exposed_km2": 0.0, "buildings_exposed_count": 0, "roads_exposed_km": 0.0, "total_buildings_count": 0, "total_roads_km": 9.313, "population_exposed_proxy": 0, "land_use_breakdown": { }, "locality_name": "North Basin & Agricultural Belt (Sector 5-13)", "priority_score": 0.0, "score_infra": 0.0, "score_agri": 0.0, "rank_infra": 133, "rank_agri": 133, "exposure_class": "LOW", "class_color": "#22c55e", "contributing_factors_json": { "flood_overlap_pct": 0.0, "building_exposure_pct": 0.0, "road_disruption_pct": 0.0, "population_proxy_pct": 0.0, "cropland_loss_pct": 0.0 }, "primary_reason": "Zero flood exposure detected in current satellite pass.", "recommended_action": "Low exposure: Standard monitoring; maintain flood gate surveillance and culvert clearing.", "rank": 326 }, "geometry": { "type": "Polygon", "coordinates": [ [ [ 77.739109638658306, 8.775483309832616 ], [ 77.739175965389933, 8.784518105918023 ], [ 77.730093679550436, 8.784584012239572 ], [ 77.730027572071165, 8.775549147339714 ], [ 77.739109638658306, 8.775483309832616 ] ] ] } },
{ "type": "Feature", "properties": { "zone_id": "ZONE_R05_C12", "row": 5, "col": 12, "flooded_area_km2": 0.0, "agricultural_exposed_km2": 0.0, "buildings_exposed_count": 0, "roads_exposed_km": 0.0, "total_buildings_count": 7, "total_roads_km": 11.005, "population_exposed_proxy": 0, "land_use_breakdown": { }, "locality_name": "North Basin & Agricultural Belt (Sector 5-12)", "priority_score": 0.0, "score_infra": 0.0, "score_agri": 0.0, "rank_infra": 133, "rank_agri": 133, "exposure_class": "LOW", "class_color": "#22c55e", "contributing_factors_json": { "flood_overlap_pct": 0.0, "building_exposure_pct": 0.0, "road_disruption_pct": 0.0, "population_proxy_pct": 0.0, "cropland_loss_pct": 0.0 }, "primary_reason": "Zero flood exposure detected in current satellite pass.", "recommended_action": "Low exposure: Standard monitoring; maintain flood gate surveillance and culvert clearing.", "rank": 327 }, "geometry": { "type": "Polygon", "coordinates": [ [ [ 77.730027572071165, 8.775549147339714 ], [ 77.730093679550436, 8.784584012239572 ], [ 77.721011323015119, 8.784649700321893 ], [ 77.720945434796519, 8.775614766835423 ], [ 77.730027572071165, 8.775549147339714 ] ] ] } },
{ "type": "Feature", "properties": { "zone_id": "ZONE_R05_C11", "row": 5, "col": 11, "flooded_area_km2": 0.0, "agricultural_exposed_km2": 0.0, "buildings_exposed_count": 0, "roads_exposed_km": 0.0, "total_buildings_count": 0, "total_roads_km": 6.072, "population_exposed_proxy": 0, "land_use_breakdown": { }, "locality_name": "North Basin & Agricultural Belt (Sector 5-11)", "priority_score": 0.0, "score_infra": 0.0, "score_agri": 0.0, "rank_infra": 133, "rank_agri": 133, "exposure_class": "LOW", "class_color": "#22c55e", "contributing_factors_json": { "flood_overlap_pct": 0.0, "building_exposure_pct": 0.0, "road_disruption_pct": 0.0, "population_proxy_pct": 0.0, "cropland_loss_pct": 0.0 }, "primary_reason": "Zero flood exposure detected in current satellite pass.", "recommended_action": "Low exposure: Standard monitoring; maintain flood gate surveillance and culvert clearing.", "rank": 328 }, "geometry": { "type": "Polygon", "coordinates": [ [ [ 77.720945434796519, 8.775614766835423 ], [ 77.721011323015119, 8.784649700321893 ], [ 77.71192889601835, 8.784715170156804 ], [ 77.711863227068761, 8.775680168311577 ], [ 77.720945434796519, 8.775614766835423 ] ] ] } },
{ "type": "Feature", "properties": { "zone_id": "ZONE_R05_C10", "row": 5, "col": 10, "flooded_area_km2": 0.0, "agricultural_exposed_km2": 0.0, "buildings_exposed_count": 0, "roads_exposed_km": 0.0, "total_buildings_count": 0, "total_roads_km": 7.206, "population_exposed_proxy": 0, "land_use_breakdown": { }, "locality_name": "North Basin & Agricultural Belt (Sector 5-10)", "priority_score": 0.0, "score_infra": 0.0, "score_agri": 0.0, "rank_infra": 133, "rank_agri": 133, "exposure_class": "LOW", "class_color": "#22c55e", "contributing_factors_json": { "flood_overlap_pct": 0.0, "building_exposure_pct": 0.0, "road_disruption_pct": 0.0, "population_proxy_pct": 0.0, "cropland_loss_pct": 0.0 }, "primary_reason": "Zero flood exposure detected in current satellite pass.", "recommended_action": "Low exposure: Standard monitoring; maintain flood gate surveillance and culvert clearing.", "rank": 329 }, "geometry": { "type": "Polygon", "coordinates": [ [ [ 77.711863227068761, 8.775680168311577 ], [ 77.71192889601835, 8.784715170156804 ], [ 77.70284639879462, 8.784780421736151 ], [ 77.702780949122328, 8.775745351760028 ], [ 77.711863227068761, 8.775680168311577 ] ] ] } },
{ "type": "Feature", "properties": { "zone_id": "ZONE_R05_C09", "row": 5, "col": 9, "flooded_area_km2": 0.0, "agricultural_exposed_km2": 0.0, "buildings_exposed_count": 0, "roads_exposed_km": 0.0, "total_buildings_count": 0, "total_roads_km": 8.914, "population_exposed_proxy": 0, "land_use_breakdown": { }, "locality_name": "North Basin & Agricultural Belt (Sector 5-9)", "priority_score": 0.0, "score_infra": 0.0, "score_agri": 0.0, "rank_infra": 133, "rank_agri": 133, "exposure_class": "LOW", "class_color": "#22c55e", "contributing_factors_json": { "flood_overlap_pct": 0.0, "building_exposure_pct": 0.0, "road_disruption_pct": 0.0, "population_proxy_pct": 0.0, "cropland_loss_pct": 0.0 }, "primary_reason": "Zero flood exposure detected in current satellite pass.", "recommended_action": "Low exposure: Standard monitoring; maintain flood gate surveillance and culvert clearing.", "rank": 330 }, "geometry": { "type": "Polygon", "coordinates": [ [ [ 77.702780949122328, 8.775745351760028 ], [ 77.70284639879462, 8.784780421736151 ], [ 77.693763831578352, 8.784845455051801 ], [ 77.693698601191613, 8.775810317172658 ], [ 77.702780949122328, 8.775745351760028 ] ] ] } },
{ "type": "Feature", "properties": { "zone_id": "ZONE_R05_C08", "row": 5, "col": 8, "flooded_area_km2": 0.0, "agricultural_exposed_km2": 0.0, "buildings_exposed_count": 0, "roads_exposed_km": 0.0, "total_buildings_count": 0, "total_roads_km": 5.885, "population_exposed_proxy": 0, "land_use_breakdown": { }, "locality_name": "North Basin & Agricultural Belt (Sector 5-8)", "priority_score": 0.0, "score_infra": 0.0, "score_agri": 0.0, "rank_infra": 133, "rank_agri": 133, "exposure_class": "LOW", "class_color": "#22c55e", "contributing_factors_json": { "flood_overlap_pct": 0.0, "building_exposure_pct": 0.0, "road_disruption_pct": 0.0, "population_proxy_pct": 0.0, "cropland_loss_pct": 0.0 }, "primary_reason": "Zero flood exposure detected in current satellite pass.", "recommended_action": "Low exposure: Standard monitoring; maintain flood gate surveillance and culvert clearing.", "rank": 331 }, "geometry": { "type": "Polygon", "coordinates": [ [ [ 77.693698601191613, 8.775810317172658 ], [ 77.693763831578352, 8.784845455051801 ], [ 77.684681194604011, 8.784910270095661 ], [ 77.684616183511096, 8.775875064541378 ], [ 77.693698601191613, 8.775810317172658 ] ] ] } },
{ "type": "Feature", "properties": { "zone_id": "ZONE_R05_C07", "row": 5, "col": 7, "flooded_area_km2": 0.0, "agricultural_exposed_km2": 0.0, "buildings_exposed_count": 0, "roads_exposed_km": 0.0, "total_buildings_count": 31, "total_roads_km": 6.598, "population_exposed_proxy": 0, "land_use_breakdown": { }, "locality_name": "North Basin & Agricultural Belt (Sector 5-7)", "priority_score": 0.0, "score_infra": 0.0, "score_agri": 0.0, "rank_infra": 133, "rank_agri": 133, "exposure_class": "LOW", "class_color": "#22c55e", "contributing_factors_json": { "flood_overlap_pct": 0.0, "building_exposure_pct": 0.0, "road_disruption_pct": 0.0, "population_proxy_pct": 0.0, "cropland_loss_pct": 0.0 }, "primary_reason": "Zero flood exposure detected in current satellite pass.", "recommended_action": "Low exposure: Standard monitoring; maintain flood gate surveillance and culvert clearing.", "rank": 332 }, "geometry": { "type": "Polygon", "coordinates": [ [ [ 77.684616183511096, 8.775875064541378 ], [ 77.684681194604011, 8.784910270095661 ], [ 77.675598488106061, 8.784974866859658 ], [ 77.675533696315171, 8.775939593858125 ], [ 77.684616183511096, 8.775875064541378 ] ] ] } },
{ "type": "Feature", "properties": { "zone_id": "ZONE_R05_C06", "row": 5, "col": 6, "flooded_area_km2": 0.0, "agricultural_exposed_km2": 0.0, "buildings_exposed_count": 0, "roads_exposed_km": 0.0, "total_buildings_count": 0, "total_roads_km": 4.042, "population_exposed_proxy": 0, "land_use_breakdown": { }, "locality_name": "North Basin & Agricultural Belt (Sector 5-6)", "priority_score": 0.0, "score_infra": 0.0, "score_agri": 0.0, "rank_infra": 133, "rank_agri": 133, "exposure_class": "LOW", "class_color": "#22c55e", "contributing_factors_json": { "flood_overlap_pct": 0.0, "building_exposure_pct": 0.0, "road_disruption_pct": 0.0, "population_proxy_pct": 0.0, "cropland_loss_pct": 0.0 }, "primary_reason": "Zero flood exposure detected in current satellite pass.", "recommended_action": "Low exposure: Standard monitoring; maintain flood gate surveillance and culvert clearing.", "rank": 333 }, "geometry": { "type": "Polygon", "coordinates": [ [ [ 77.675533696315171, 8.775939593858125 ], [ 77.675598488106061, 8.784974866859658 ], [ 77.666515712318983, 8.785039245335748 ], [ 77.666451139838287, 8.776003905114861 ], [ 77.675533696315171, 8.775939593858125 ] ] ] } },
{ "type": "Feature", "properties": { "zone_id": "ZONE_R05_C05", "row": 5, "col": 5, "flooded_area_km2": 0.0, "agricultural_exposed_km2": 0.0, "buildings_exposed_count": 0, "roads_exposed_km": 0.0, "total_buildings_count": 0, "total_roads_km": 8.21, "population_exposed_proxy": 0, "land_use_breakdown": { }, "locality_name": "North Basin & Agricultural Belt (Sector 5-5)", "priority_score": 0.0, "score_infra": 0.0, "score_agri": 0.0, "rank_infra": 133, "rank_agri": 133, "exposure_class": "LOW", "class_color": "#22c55e", "contributing_factors_json": { "flood_overlap_pct": 0.0, "building_exposure_pct": 0.0, "road_disruption_pct": 0.0, "population_proxy_pct": 0.0, "cropland_loss_pct": 0.0 }, "primary_reason": "Zero flood exposure detected in current satellite pass.", "recommended_action": "Low exposure: Standard monitoring; maintain flood gate surveillance and culvert clearing.", "rank": 334 }, "geometry": { "type": "Polygon", "coordinates": [ [ [ 77.666451139838287, 8.776003905114861 ], [ 77.666515712318983, 8.785039245335748 ], [ 77.657432867477269, 8.785103405515908 ], [ 77.657368514314939, 8.776067998303576 ], [ 77.666451139838287, 8.776003905114861 ] ] ] } },
{ "type": "Feature", "properties": { "zone_id": "ZONE_R05_C04", "row": 5, "col": 4, "flooded_area_km2": 0.0, "agricultural_exposed_km2": 0.0, "buildings_exposed_count": 0, "roads_exposed_km": 0.0, "total_buildings_count": 0, "total_roads_km": 1.271, "population_exposed_proxy": 0, "land_use_breakdown": { }, "locality_name": "North Basin & Agricultural Belt (Sector 5-4)", "priority_score": 0.0, "score_infra": 0.0, "score_agri": 0.0, "rank_infra": 133, "rank_agri": 133, "exposure_class": "LOW", "class_color": "#22c55e", "contributing_factors_json": { "flood_overlap_pct": 0.0, "building_exposure_pct": 0.0, "road_disruption_pct": 0.0, "population_proxy_pct": 0.0, "cropland_loss_pct": 0.0 }, "primary_reason": "Zero flood exposure detected in current satellite pass.", "recommended_action": "Low exposure: Standard monitoring; maintain flood gate surveillance and culvert clearing.", "rank": 335 }, "geometry": { "type": "Polygon", "coordinates": [ [ [ 77.657368514314939, 8.776067998303576 ], [ 77.657432867477269, 8.785103405515908 ], [ 77.648349953815412, 8.785167347392154 ], [ 77.648285819979577, 8.77613187341629 ], [ 77.657368514314939, 8.776067998303576 ] ] ] } },
{ "type": "Feature", "properties": { "zone_id": "ZONE_R05_C03", "row": 5, "col": 3, "flooded_area_km2": 0.0, "agricultural_exposed_km2": 0.0, "buildings_exposed_count": 0, "roads_exposed_km": 0.0, "total_buildings_count": 0, "total_roads_km": 1.014, "population_exposed_proxy": 0, "land_use_breakdown": { }, "locality_name": "North Basin & Agricultural Belt (Sector 5-3)", "priority_score": 0.0, "score_infra": 0.0, "score_agri": 0.0, "rank_infra": 133, "rank_agri": 133, "exposure_class": "LOW", "class_color": "#22c55e", "contributing_factors_json": { "flood_overlap_pct": 0.0, "building_exposure_pct": 0.0, "road_disruption_pct": 0.0, "population_proxy_pct": 0.0, "cropland_loss_pct": 0.0 }, "primary_reason": "Zero flood exposure detected in current satellite pass.", "recommended_action": "Low exposure: Standard monitoring; maintain flood gate surveillance and culvert clearing.", "rank": 336 }, "geometry": { "type": "Polygon", "coordinates": [ [ [ 77.648285819979577, 8.77613187341629 ], [ 77.648349953815412, 8.785167347392154 ], [ 77.63926697156792, 8.785231070956513 ], [ 77.63920305706668, 8.776195530445042 ], [ 77.648285819979577, 8.77613187341629 ] ] ] } },
{ "type": "Feature", "properties": { "zone_id": "ZONE_R05_C02", "row": 5, "col": 2, "flooded_area_km2": 0.0, "agricultural_exposed_km2": 0.0, "buildings_exposed_count": 0, "roads_exposed_km": 0.0, "total_buildings_count": 0, "total_roads_km": 0.55, "population_exposed_proxy": 0, "land_use_breakdown": { }, "locality_name": "North Basin & Agricultural Belt (Sector 5-2)", "priority_score": 0.0, "score_infra": 0.0, "score_agri": 0.0, "rank_infra": 133, "rank_agri": 133, "exposure_class": "LOW", "class_color": "#22c55e", "contributing_factors_json": { "flood_overlap_pct": 0.0, "building_exposure_pct": 0.0, "road_disruption_pct": 0.0, "population_proxy_pct": 0.0, "cropland_loss_pct": 0.0 }, "primary_reason": "Zero flood exposure detected in current satellite pass.", "recommended_action": "Low exposure: Standard monitoring; maintain flood gate surveillance and culvert clearing.", "rank": 337 }, "geometry": { "type": "Polygon", "coordinates": [ [ [ 77.63920305706668, 8.776195530445042 ], [ 77.63926697156792, 8.785231070956513 ], [ 77.630183920969287, 8.785294576201053 ], [ 77.630120225810728, 8.776258969381907 ], [ 77.63920305706668, 8.776195530445042 ] ] ] } },
{ "type": "Feature", "properties": { "zone_id": "ZONE_R05_C01", "row": 5, "col": 1, "flooded_area_km2": 0.0, "agricultural_exposed_km2": 0.0, "buildings_exposed_count": 0, "roads_exposed_km": 0.0, "total_buildings_count": 0, "total_roads_km": 2.415, "population_exposed_proxy": 0, "land_use_breakdown": { }, "locality_name": "North Basin & Agricultural Belt (Sector 5-1)", "priority_score": 0.0, "score_infra": 0.0, "score_agri": 0.0, "rank_infra": 133, "rank_agri": 133, "exposure_class": "LOW", "class_color": "#22c55e", "contributing_factors_json": { "flood_overlap_pct": 0.0, "building_exposure_pct": 0.0, "road_disruption_pct": 0.0, "population_proxy_pct": 0.0, "cropland_loss_pct": 0.0 }, "primary_reason": "Zero flood exposure detected in current satellite pass.", "recommended_action": "Low exposure: Standard monitoring; maintain flood gate surveillance and culvert clearing.", "rank": 338 }, "geometry": { "type": "Polygon", "coordinates": [ [ [ 77.630120225810728, 8.776258969381907 ], [ 77.630183920969287, 8.785294576201053 ], [ 77.621100802254077, 8.785357863117865 ], [ 77.621037326446228, 8.776322190218982 ], [ 77.630120225810728, 8.776258969381907 ] ] ] } },
{ "type": "Feature", "properties": { "zone_id": "ZONE_R04_C22", "row": 4, "col": 22, "flooded_area_km2": 0.0, "agricultural_exposed_km2": 0.0, "buildings_exposed_count": 0, "roads_exposed_km": 0.0, "total_buildings_count": 1, "total_roads_km": 2.145, "population_exposed_proxy": 0, "land_use_breakdown": { }, "locality_name": "North Basin & Agricultural Belt (Sector 4-22)", "priority_score": 0.0, "score_infra": 0.0, "score_agri": 0.0, "rank_infra": 133, "rank_agri": 133, "exposure_class": "LOW", "class_color": "#22c55e", "contributing_factors_json": { "flood_overlap_pct": 0.0, "building_exposure_pct": 0.0, "road_disruption_pct": 0.0, "population_proxy_pct": 0.0, "cropland_loss_pct": 0.0 }, "primary_reason": "Zero flood exposure detected in current satellite pass.", "recommended_action": "Low exposure: Standard monitoring; maintain flood gate surveillance and culvert clearing.", "rank": 339 }, "geometry": { "type": "Polygon", "coordinates": [ [ [ 77.819732709007084, 8.783923965071967 ], [ 77.819801053146151, 8.792958135955825 ], [ 77.811899832178113, 8.793017232249952 ], [ 77.811831678926481, 8.783982999723854 ], [ 77.819732709007084, 8.783923965071967 ] ] ] } },
{ "type": "Feature", "properties": { "zone_id": "ZONE_R04_C21", "row": 4, "col": 21, "flooded_area_km2": 0.0, "agricultural_exposed_km2": 0.0, "buildings_exposed_count": 0, "roads_exposed_km": 0.0, "total_buildings_count": 0, "total_roads_km": 6.198, "population_exposed_proxy": 0, "land_use_breakdown": { }, "locality_name": "North Basin & Agricultural Belt (Sector 4-21)", "priority_score": 0.0, "score_infra": 0.0, "score_agri": 0.0, "rank_infra": 133, "rank_agri": 133, "exposure_class": "LOW", "class_color": "#22c55e", "contributing_factors_json": { "flood_overlap_pct": 0.0, "building_exposure_pct": 0.0, "road_disruption_pct": 0.0, "population_proxy_pct": 0.0, "cropland_loss_pct": 0.0 }, "primary_reason": "Zero flood exposure detected in current satellite pass.", "recommended_action": "Low exposure: Standard monitoring; maintain flood gate surveillance and culvert clearing.", "rank": 340 }, "geometry": { "type": "Polygon", "coordinates": [ [ [ 77.811831678926481, 8.783982999723854 ], [ 77.811899832178113, 8.793017232249952 ], [ 77.80281790092495, 8.793084954827791 ], [ 77.802749967092211, 8.784050651661516 ], [ 77.811831678926481, 8.783982999723854 ] ] ] } },
{ "type": "Feature", "properties": { "zone_id": "ZONE_R04_C20", "row": 4, "col": 20, "flooded_area_km2": 0.0, "agricultural_exposed_km2": 0.0, "buildings_exposed_count": 0, "roads_exposed_km": 0.0, "total_buildings_count": 0, "total_roads_km": 1.14, "population_exposed_proxy": 0, "land_use_breakdown": { }, "locality_name": "North Basin & Agricultural Belt (Sector 4-20)", "priority_score": 0.0, "score_infra": 0.0, "score_agri": 0.0, "rank_infra": 133, "rank_agri": 133, "exposure_class": "LOW", "class_color": "#22c55e", "contributing_factors_json": { "flood_overlap_pct": 0.0, "building_exposure_pct": 0.0, "road_disruption_pct": 0.0, "population_proxy_pct": 0.0, "cropland_loss_pct": 0.0 }, "primary_reason": "Zero flood exposure detected in current satellite pass.", "recommended_action": "Low exposure: Standard monitoring; maintain flood gate surveillance and culvert clearing.", "rank": 341 }, "geometry": { "type": "Polygon", "coordinates": [ [ [ 77.802749967092211, 8.784050651661516 ], [ 77.80281790092495, 8.793084954827791 ], [ 77.793735897092247, 8.793152459005027 ], [ 77.793668182686957, 8.784118085426362 ], [ 77.802749967092211, 8.784050651661516 ] ] ] } },
{ "type": "Feature", "properties": { "zone_id": "ZONE_R03_C13", "row": 3, "col": 13, "flooded_area_km2": 0.0, "agricultural_exposed_km2": 0.0, "buildings_exposed_count": 0, "roads_exposed_km": 0.0, "total_buildings_count": 4, "total_roads_km": 8.565, "population_exposed_proxy": 0, "land_use_breakdown": { }, "locality_name": "North Basin & Agricultural Belt (Sector 3-13)", "priority_score": 0.0, "score_infra": 0.0, "score_agri": 0.0, "rank_infra": 133, "rank_agri": 133, "exposure_class": "LOW", "class_color": "#22c55e", "contributing_factors_json": { "flood_overlap_pct": 0.0, "building_exposure_pct": 0.0, "road_disruption_pct": 0.0, "population_proxy_pct": 0.0, "cropland_loss_pct": 0.0 }, "primary_reason": "Zero flood exposure detected in current satellite pass.", "recommended_action": "Low exposure: Standard monitoring; maintain flood gate surveillance and culvert clearing.", "rank": 342 }, "geometry": { "type": "Polygon", "coordinates": [ [ [ 77.739242363051815, 8.793552897187043 ], [ 77.739308831652352, 8.802587683634846 ], [ 77.730226106604917, 8.802653727594878 ], [ 77.730159857725582, 8.79361887232624 ], [ 77.739242363051815, 8.793552897187043 ] ] ] } },
{ "type": "Feature", "properties": { "zone_id": "ZONE_R03_C11", "row": 3, "col": 11, "flooded_area_km2": 0.0, "agricultural_exposed_km2": 0.0, "buildings_exposed_count": 0, "roads_exposed_km": 0.0, "total_buildings_count": 0, "total_roads_km": 8.996, "population_exposed_proxy": 0, "land_use_breakdown": { }, "locality_name": "North Basin & Agricultural Belt (Sector 3-11)", "priority_score": 0.0, "score_infra": 0.0, "score_agri": 0.0, "rank_infra": 133, "rank_agri": 133, "exposure_class": "LOW", "class_color": "#22c55e", "contributing_factors_json": { "flood_overlap_pct": 0.0, "building_exposure_pct": 0.0, "road_disruption_pct": 0.0, "population_proxy_pct": 0.0, "cropland_loss_pct": 0.0 }, "primary_reason": "Zero flood exposure detected in current satellite pass.", "recommended_action": "Low exposure: Standard monitoring; maintain flood gate surveillance and culvert clearing.", "rank": 343 }, "geometry": { "type": "Polygon", "coordinates": [ [ [ 77.721077281695131, 8.793684628998351 ], [ 77.721143310844909, 8.802719552859964 ], [ 77.712060444606792, 8.802785159421893 ], [ 77.711994635194941, 8.793750167195185 ], [ 77.721077281695131, 8.793684628998351 ] ] ] } },
{ "type": "Feature", "properties": { "zone_id": "ZONE_R13_C21", "row": 13, "col": 21, "flooded_area_km2": 0.0, "agricultural_exposed_km2": 0.0, "buildings_exposed_count": 0, "roads_exposed_km": 0.0, "total_buildings_count": 0, "total_roads_km": 3.556, "population_exposed_proxy": 0, "land_use_breakdown": { }, "locality_name": "East Thamirabarani Basin (Sector 13-21)", "priority_score": 0.0, "score_infra": 0.0, "score_agri": 0.0, "rank_infra": 133, "rank_agri": 133, "exposure_class": "LOW", "class_color": "#22c55e", "contributing_factors_json": { "flood_overlap_pct": 0.0, "building_exposure_pct": 0.0, "road_disruption_pct": 0.0, "population_proxy_pct": 0.0, "cropland_loss_pct": 0.0 }, "primary_reason": "Zero flood exposure detected in current satellite pass.", "recommended_action": "Low exposure: Standard monitoring; maintain flood gate surveillance and culvert clearing.", "rank": 344 }, "geometry": { "type": "Polygon", "coordinates": [ [ [ 77.811221574870714, 8.702674689671165 ], [ 77.811289073183346, 8.711708965602357 ], [ 77.802209108265984, 8.711776052536157 ], [ 77.802141827264123, 8.702741705994118 ], [ 77.811221574870714, 8.702674689671165 ] ] ] } },
{ "type": "Feature", "properties": { "zone_id": "ZONE_R01_C15", "row": 1, "col": 15, "flooded_area_km2": 0.0, "agricultural_exposed_km2": 0.0, "buildings_exposed_count": 0, "roads_exposed_km": 0.0, "total_buildings_count": 0, "total_roads_km": 1.809, "population_exposed_proxy": 0, "land_use_breakdown": { }, "locality_name": "North Basin & Agricultural Belt (Sector 1-15)", "priority_score": 0.0, "score_infra": 0.0, "score_agri": 0.0, "rank_infra": 133, "rank_agri": 133, "exposure_class": "LOW", "class_color": "#22c55e", "contributing_factors_json": { "flood_overlap_pct": 0.0, "building_exposure_pct": 0.0, "road_disruption_pct": 0.0, "population_proxy_pct": 0.0, "cropland_loss_pct": 0.0 }, "primary_reason": "Zero flood exposure detected in current satellite pass.", "recommended_action": "Low exposure: Standard monitoring; maintain flood gate surveillance and culvert clearing.", "rank": 345 }, "geometry": { "type": "Polygon", "coordinates": [ [ [ 77.757541048105296, 8.811489582952904 ], [ 77.757608098963459, 8.820524221405629 ], [ 77.748525075932449, 8.820590841293621 ], [ 77.748458245247605, 8.811556133557909 ], [ 77.757541048105296, 8.811489582952904 ] ] ] } },
{ "type": "Feature", "properties": { "zone_id": "ZONE_R02_C04", "row": 2, "col": 4, "flooded_area_km2": 0.0, "agricultural_exposed_km2": 0.0, "buildings_exposed_count": 0, "roads_exposed_km": 0.0, "total_buildings_count": 0, "total_roads_km": 2.346, "population_exposed_proxy": 0, "land_use_breakdown": { }, "locality_name": "North Basin & Agricultural Belt (Sector 2-4)", "priority_score": 0.0, "score_infra": 0.0, "score_agri": 0.0, "rank_infra": 133, "rank_agri": 133, "exposure_class": "LOW", "class_color": "#22c55e", "contributing_factors_json": { "flood_overlap_pct": 0.0, "building_exposure_pct": 0.0, "road_disruption_pct": 0.0, "population_proxy_pct": 0.0, "cropland_loss_pct": 0.0 }, "primary_reason": "Zero flood exposure detected in current satellite pass.", "recommended_action": "Low exposure: Standard monitoring; maintain flood gate surveillance and culvert clearing.", "rank": 346 }, "geometry": { "type": "Polygon", "coordinates": [ [ [ 77.657561780270512, 8.803174205571597 ], [ 77.657626339917698, 8.812209598405337 ], [ 77.648542766869213, 8.812273740590758 ], [ 77.648478427252115, 8.803238280984193 ], [ 77.657561780270512, 8.803174205571597 ] ] ] } },
{ "type": "Feature", "properties": { "zone_id": "ZONE_R02_C03", "row": 2, "col": 3, "flooded_area_km2": 0.0, "agricultural_exposed_km2": 0.0, "buildings_exposed_count": 0, "roads_exposed_km": 0.0, "total_buildings_count": 0, "total_roads_km": 2.154, "population_exposed_proxy": 0, "land_use_breakdown": { }, "locality_name": "North Basin & Agricultural Belt (Sector 2-3)", "priority_score": 0.0, "score_infra": 0.0, "score_agri": 0.0, "rank_infra": 133, "rank_agri": 133, "exposure_class": "LOW", "class_color": "#22c55e", "contributing_factors_json": { "flood_overlap_pct": 0.0, "building_exposure_pct": 0.0, "road_disruption_pct": 0.0, "population_proxy_pct": 0.0, "cropland_loss_pct": 0.0 }, "primary_reason": "Zero flood exposure detected in current satellite pass.", "recommended_action": "Low exposure: Standard monitoring; maintain flood gate surveillance and culvert clearing.", "rank": 347 }, "geometry": { "type": "Polygon", "coordinates": [ [ [ 77.648478427252115, 8.803238280984193 ], [ 77.648542766869213, 8.812273740590758 ], [ 77.639459125210735, 8.812337663780463 ], [ 77.639395005631854, 8.803302137629025 ], [ 77.648478427252115, 8.803238280984193 ] ] ] } },
{ "type": "Feature", "properties": { "zone_id": "ZONE_R02_C02", "row": 2, "col": 2, "flooded_area_km2": 0.0, "agricultural_exposed_km2": 0.0, "buildings_exposed_count": 0, "roads_exposed_km": 0.0, "total_buildings_count": 0, "total_roads_km": 2.675, "population_exposed_proxy": 0, "land_use_breakdown": { }, "locality_name": "North Basin & Agricultural Belt (Sector 2-2)", "priority_score": 0.0, "score_infra": 0.0, "score_agri": 0.0, "rank_infra": 133, "rank_agri": 133, "exposure_class": "LOW", "class_color": "#22c55e", "contributing_factors_json": { "flood_overlap_pct": 0.0, "building_exposure_pct": 0.0, "road_disruption_pct": 0.0, "population_proxy_pct": 0.0, "cropland_loss_pct": 0.0 }, "primary_reason": "Zero flood exposure detected in current satellite pass.", "recommended_action": "Low exposure: Standard monitoring; maintain flood gate surveillance and culvert clearing.", "rank": 348 }, "geometry": { "type": "Polygon", "coordinates": [ [ [ 77.639395005631854, 8.803302137629025 ], [ 77.639459125210735, 8.812337663780463 ], [ 77.630375415176829, 8.812401367966489 ], [ 77.63031151564428, 8.803365775498143 ], [ 77.639395005631854, 8.803302137629025 ] ] ] } },
{ "type": "Feature", "properties": { "zone_id": "ZONE_R02_C01", "row": 2, "col": 1, "flooded_area_km2": 0.0, "agricultural_exposed_km2": 0.0, "buildings_exposed_count": 0, "roads_exposed_km": 0.0, "total_buildings_count": 0, "total_roads_km": 0.059, "population_exposed_proxy": 0, "land_use_breakdown": { }, "locality_name": "North Basin & Agricultural Belt (Sector 2-1)", "priority_score": 0.0, "score_infra": 0.0, "score_agri": 0.0, "rank_infra": 133, "rank_agri": 133, "exposure_class": "LOW", "class_color": "#22c55e", "contributing_factors_json": { "flood_overlap_pct": 0.0, "building_exposure_pct": 0.0, "road_disruption_pct": 0.0, "population_proxy_pct": 0.0, "cropland_loss_pct": 0.0 }, "primary_reason": "Zero flood exposure detected in current satellite pass.", "recommended_action": "Low exposure: Standard monitoring; maintain flood gate surveillance and culvert clearing.", "rank": 349 }, "geometry": { "type": "Polygon", "coordinates": [ [ [ 77.63031151564428, 8.803365775498143 ], [ 77.630375415176829, 8.812401367966489 ], [ 77.621291637002145, 8.812464853140899 ], [ 77.621227957523999, 8.803429194583618 ], [ 77.63031151564428, 8.803365775498143 ] ] ] } },
{ "type": "Feature", "properties": { "zone_id": "ZONE_R01_C22", "row": 1, "col": 22, "flooded_area_km2": 0.0, "agricultural_exposed_km2": 0.0, "buildings_exposed_count": 0, "roads_exposed_km": 0.0, "total_buildings_count": 0, "total_roads_km": 0.257, "population_exposed_proxy": 0, "land_use_breakdown": { }, "locality_name": "North Basin & Agricultural Belt (Sector 1-22)", "priority_score": 0.0, "score_infra": 0.0, "score_agri": 0.0, "rank_infra": 133, "rank_agri": 133, "exposure_class": "LOW", "class_color": "#22c55e", "contributing_factors_json": { "flood_overlap_pct": 0.0, "building_exposure_pct": 0.0, "road_disruption_pct": 0.0, "population_proxy_pct": 0.0, "cropland_loss_pct": 0.0 }, "primary_reason": "Zero flood exposure detected in current satellite pass.", "recommended_action": "Low exposure: Standard monitoring; maintain flood gate surveillance and culvert clearing.", "rank": 350 }, "geometry": { "type": "Polygon", "coordinates": [ [ [ 77.819937960486342, 8.811026463168657 ], [ 77.820006523704762, 8.820060619487881 ], [ 77.812104728850983, 8.82011990072589 ], [ 77.812036357131745, 8.811085682755841 ], [ 77.819937960486342, 8.811026463168657 ] ] ] } },
{ "type": "Feature", "properties": { "zone_id": "ZONE_R01_C21", "row": 1, "col": 21, "flooded_area_km2": 0.0, "agricultural_exposed_km2": 0.0, "buildings_exposed_count": 0, "roads_exposed_km": 0.0, "total_buildings_count": 0, "total_roads_km": 1.042, "population_exposed_proxy": 0, "land_use_breakdown": { }, "locality_name": "North Basin & Agricultural Belt (Sector 1-21)", "priority_score": 0.0, "score_infra": 0.0, "score_agri": 0.0, "rank_infra": 133, "rank_agri": 133, "exposure_class": "LOW", "class_color": "#22c55e", "contributing_factors_json": { "flood_overlap_pct": 0.0, "building_exposure_pct": 0.0, "road_disruption_pct": 0.0, "population_proxy_pct": 0.0, "cropland_loss_pct": 0.0 }, "primary_reason": "Zero flood exposure detected in current satellite pass.", "recommended_action": "Low exposure: Standard monitoring; maintain flood gate surveillance and culvert clearing.", "rank": 351 }, "geometry": { "type": "Polygon", "coordinates": [ [ [ 77.812036357131745, 8.811085682755841 ], [ 77.812104728850983, 8.82011990072589 ], [ 77.803022137934832, 8.82018783524393 ], [ 77.80295398633767, 8.811153546623864 ], [ 77.812036357131745, 8.811085682755841 ] ] ] } },
{ "type": "Feature", "properties": { "zone_id": "ZONE_R01_C20", "row": 1, "col": 20, "flooded_area_km2": 0.0, "agricultural_exposed_km2": 0.0, "buildings_exposed_count": 0, "roads_exposed_km": 0.0, "total_buildings_count": 0, "total_roads_km": 2.565, "population_exposed_proxy": 0, "land_use_breakdown": { }, "locality_name": "North Basin & Agricultural Belt (Sector 1-20)", "priority_score": 0.0, "score_infra": 0.0, "score_agri": 0.0, "rank_infra": 133, "rank_agri": 133, "exposure_class": "LOW", "class_color": "#22c55e", "contributing_factors_json": { "flood_overlap_pct": 0.0, "building_exposure_pct": 0.0, "road_disruption_pct": 0.0, "population_proxy_pct": 0.0, "cropland_loss_pct": 0.0 }, "primary_reason": "Zero flood exposure detected in current satellite pass.", "recommended_action": "Low exposure: Standard monitoring; maintain flood gate surveillance and culvert clearing.", "rank": 352 }, "geometry": { "type": "Polygon", "coordinates": [ [ [ 77.80295398633767, 8.811153546623864 ], [ 77.803022137934832, 8.82018783524393 ], [ 77.793939474413335, 8.820255550677954 ], [ 77.793871542946874, 8.811221191635687 ], [ 77.80295398633767, 8.811153546623864 ] ] ] } },
{ "type": "Feature", "properties": { "zone_id": "ZONE_R01_C19", "row": 1, "col": 19, "flooded_area_km2": 0.0, "agricultural_exposed_km2": 0.0, "buildings_exposed_count": 0, "roads_exposed_km": 0.0, "total_buildings_count": 0, "total_roads_km": 4.698, "population_exposed_proxy": 0, "land_use_breakdown": { }, "locality_name": "North Basin & Agricultural Belt (Sector 1-19)", "priority_score": 0.0, "score_infra": 0.0, "score_agri": 0.0, "rank_infra": 133, "rank_agri": 133, "exposure_class": "LOW", "class_color": "#22c55e", "contributing_factors_json": { "flood_overlap_pct": 0.0, "building_exposure_pct": 0.0, "road_disruption_pct": 0.0, "population_proxy_pct": 0.0, "cropland_loss_pct": 0.0 }, "primary_reason": "Zero flood exposure detected in current satellite pass.", "recommended_action": "Low exposure: Standard monitoring; maintain flood gate surveillance and culvert clearing.", "rank": 353 }, "geometry": { "type": "Polygon", "coordinates": [ [ [ 77.793871542946874, 8.811221191635687 ], [ 77.793939474413335, 8.820255550677954 ], [ 77.784856738520986, 8.820323047019528 ], [ 77.784789027193796, 8.811288617782886 ], [ 77.793871542946874, 8.811221191635687 ] ] ] } },
{ "type": "Feature", "properties": { "zone_id": "ZONE_R01_C18", "row": 1, "col": 18, "flooded_area_km2": 0.0, "agricultural_exposed_km2": 0.0, "buildings_exposed_count": 0, "roads_exposed_km": 0.0, "total_buildings_count": 0, "total_roads_km": 1.103, "population_exposed_proxy": 0, "land_use_breakdown": { }, "locality_name": "North Basin & Agricultural Belt (Sector 1-18)", "priority_score": 0.0, "score_infra": 0.0, "score_agri": 0.0, "rank_infra": 133, "rank_agri": 133, "exposure_class": "LOW", "class_color": "#22c55e", "contributing_factors_json": { "flood_overlap_pct": 0.0, "building_exposure_pct": 0.0, "road_disruption_pct": 0.0, "population_proxy_pct": 0.0, "cropland_loss_pct": 0.0 }, "primary_reason": "Zero flood exposure detected in current satellite pass.", "recommended_action": "Low exposure: Standard monitoring; maintain flood gate surveillance and culvert clearing.", "rank": 354 }, "geometry": { "type": "Polygon", "coordinates": [ [ [ 77.784789027193796, 8.811288617782886 ], [ 77.784856738520986, 8.820323047019528 ], [ 77.775773930492221, 8.820390324260245 ], [ 77.775706439312856, 8.811355825057065 ], [ 77.784789027193796, 8.811288617782886 ] ] ] } },
{ "type": "Feature", "properties": { "zone_id": "ZONE_R01_C17", "row": 1, "col": 17, "flooded_area_km2": 0.0, "agricultural_exposed_km2": 0.0, "buildings_exposed_count": 0, "roads_exposed_km": 0.0, "total_buildings_count": 0, "total_roads_km": 0.0, "population_exposed_proxy": 0, "land_use_breakdown": { }, "locality_name": "North Basin & Agricultural Belt (Sector 1-17)", "priority_score": 0.0, "score_infra": 0.0, "score_agri": 0.0, "rank_infra": 133, "rank_agri": 133, "exposure_class": "LOW", "class_color": "#22c55e", "contributing_factors_json": { "flood_overlap_pct": 0.0, "building_exposure_pct": 0.0, "road_disruption_pct": 0.0, "population_proxy_pct": 0.0, "cropland_loss_pct": 0.0 }, "primary_reason": "Zero flood exposure detected in current satellite pass.", "recommended_action": "Low exposure: Standard monitoring; maintain flood gate surveillance and culvert clearing.", "rank": 355 }, "geometry": { "type": "Polygon", "coordinates": [ [ [ 77.775706439312856, 8.811355825057065 ], [ 77.775773930492221, 8.820390324260245 ], [ 77.766691050561548, 8.820457382391732 ], [ 77.766623779538534, 8.811422813449848 ], [ 77.775706439312856, 8.811355825057065 ] ] ] } },
{ "type": "Feature", "properties": { "zone_id": "ZONE_R01_C16", "row": 1, "col": 16, "flooded_area_km2": 0.0, "agricultural_exposed_km2": 0.0, "buildings_exposed_count": 0, "roads_exposed_km": 0.0, "total_buildings_count": 0, "total_roads_km": 0.747, "population_exposed_proxy": 0, "land_use_breakdown": { }, "locality_name": "North Basin & Agricultural Belt (Sector 1-16)", "priority_score": 0.0, "score_infra": 0.0, "score_agri": 0.0, "rank_infra": 133, "rank_agri": 133, "exposure_class": "LOW", "class_color": "#22c55e", "contributing_factors_json": { "flood_overlap_pct": 0.0, "building_exposure_pct": 0.0, "road_disruption_pct": 0.0, "population_proxy_pct": 0.0, "cropland_loss_pct": 0.0 }, "primary_reason": "Zero flood exposure detected in current satellite pass.", "recommended_action": "Low exposure: Standard monitoring; maintain flood gate surveillance and culvert clearing.", "rank": 356 }, "geometry": { "type": "Polygon", "coordinates": [ [ [ 77.766623779538534, 8.811422813449848 ], [ 77.766691050561548, 8.820457382391732 ], [ 77.757608098963459, 8.820524221405629 ], [ 77.757541048105296, 8.811489582952904 ], [ 77.766623779538534, 8.811422813449848 ] ] ] } },
{ "type": "Feature", "properties": { "zone_id": "ZONE_R01_C14", "row": 1, "col": 14, "flooded_area_km2": 0.0, "agricultural_exposed_km2": 0.0, "buildings_exposed_count": 0, "roads_exposed_km": 0.0, "total_buildings_count": 1, "total_roads_km": 1.913, "population_exposed_proxy": 0, "land_use_breakdown": { }, "locality_name": "North Basin & Agricultural Belt (Sector 1-14)", "priority_score": 0.0, "score_infra": 0.0, "score_agri": 0.0, "rank_infra": 133, "rank_agri": 133, "exposure_class": "LOW", "class_color": "#22c55e", "contributing_factors_json": { "flood_overlap_pct": 0.0, "building_exposure_pct": 0.0, "road_disruption_pct": 0.0, "population_proxy_pct": 0.0, "cropland_loss_pct": 0.0 }, "primary_reason": "Zero flood exposure detected in current satellite pass.", "recommended_action": "Low exposure: Standard monitoring; maintain flood gate surveillance and culvert clearing.", "rank": 357 }, "geometry": { "type": "Polygon", "coordinates": [ [ [ 77.748458245247605, 8.811556133557909 ], [ 77.748525075932449, 8.820590841293621 ], [ 77.739441981703038, 8.820657242047405 ], [ 77.739375371199969, 8.81162246525658 ], [ 77.748458245247605, 8.811556133557909 ] ] ] } },
{ "type": "Feature", "properties": { "zone_id": "ZONE_R03_C10", "row": 3, "col": 10, "flooded_area_km2": 0.0, "agricultural_exposed_km2": 0.0, "buildings_exposed_count": 0, "roads_exposed_km": 0.0, "total_buildings_count": 0, "total_roads_km": 9.447, "population_exposed_proxy": 0, "land_use_breakdown": { }, "locality_name": "North Basin & Agricultural Belt (Sector 3-10)", "priority_score": 0.0, "score_infra": 0.0, "score_agri": 0.0, "rank_infra": 133, "rank_agri": 133, "exposure_class": "LOW", "class_color": "#22c55e", "contributing_factors_json": { "flood_overlap_pct": 0.0, "building_exposure_pct": 0.0, "road_disruption_pct": 0.0, "population_proxy_pct": 0.0, "cropland_loss_pct": 0.0 }, "primary_reason": "Zero flood exposure detected in current satellite pass.", "recommended_action": "Low exposure: Standard monitoring; maintain flood gate surveillance and culvert clearing.", "rank": 358 }, "geometry": { "type": "Polygon", "coordinates": [ [ [ 77.711994635194941, 8.793750167195185 ], [ 77.712060444606792, 8.802785159421893 ], [ 77.702977508125073, 8.802850547272499 ], [ 77.702911918459449, 8.79381548690858 ], [ 77.711994635194941, 8.793750167195185 ] ] ] } },
{ "type": "Feature", "properties": { "zone_id": "ZONE_R01_C13", "row": 1, "col": 13, "flooded_area_km2": 0.0, "agricultural_exposed_km2": 0.0, "buildings_exposed_count": 0, "roads_exposed_km": 0.0, "total_buildings_count": 0, "total_roads_km": 1.018, "population_exposed_proxy": 0, "land_use_breakdown": { }, "locality_name": "North Basin & Agricultural Belt (Sector 1-13)", "priority_score": 0.0, "score_infra": 0.0, "score_agri": 0.0, "rank_infra": 133, "rank_agri": 133, "exposure_class": "LOW", "class_color": "#22c55e", "contributing_factors_json": { "flood_overlap_pct": 0.0, "building_exposure_pct": 0.0, "road_disruption_pct": 0.0, "population_proxy_pct": 0.0, "cropland_loss_pct": 0.0 }, "primary_reason": "Zero flood exposure detected in current satellite pass.", "recommended_action": "Low exposure: Standard monitoring; maintain flood gate surveillance and culvert clearing.", "rank": 359 }, "geometry": { "type": "Polygon", "coordinates": [ [ [ 77.739375371199969, 8.81162246525658 ], [ 77.739441981703038, 8.820657242047405 ], [ 77.730358816509749, 8.820723423658713 ], [ 77.730292426196854, 8.81168857804065 ], [ 77.739375371199969, 8.81162246525658 ] ] ] } },
{ "type": "Feature", "properties": { "zone_id": "ZONE_R01_C12", "row": 1, "col": 12, "flooded_area_km2": 0.0, "agricultural_exposed_km2": 0.0, "buildings_exposed_count": 0, "roads_exposed_km": 0.0, "total_buildings_count": 0, "total_roads_km": 0.0, "population_exposed_proxy": 0, "land_use_breakdown": { }, "locality_name": "North Basin & Agricultural Belt (Sector 1-12)", "priority_score": 0.0, "score_infra": 0.0, "score_agri": 0.0, "rank_infra": 133, "rank_agri": 133, "exposure_class": "LOW", "class_color": "#22c55e", "contributing_factors_json": { "flood_overlap_pct": 0.0, "building_exposure_pct": 0.0, "road_disruption_pct": 0.0, "population_proxy_pct": 0.0, "cropland_loss_pct": 0.0 }, "primary_reason": "Zero flood exposure detected in current satellite pass.", "recommended_action": "Low exposure: Standard monitoring; maintain flood gate surveillance and culvert clearing.", "rank": 360 }, "geometry": { "type": "Polygon", "coordinates": [ [ [ 77.730292426196854, 8.81168857804065 ], [ 77.730358816509749, 8.820723423658713 ], [ 77.721275580587104, 8.820789386119301 ], [ 77.721209410472781, 8.811754471901894 ], [ 77.730292426196854, 8.81168857804065 ] ] ] } },
{ "type": "Feature", "properties": { "zone_id": "ZONE_R01_C11", "row": 1, "col": 11, "flooded_area_km2": 0.0, "agricultural_exposed_km2": 0.0, "buildings_exposed_count": 0, "roads_exposed_km": 0.0, "total_buildings_count": 0, "total_roads_km": 0.0, "population_exposed_proxy": 0, "land_use_breakdown": { }, "locality_name": "North Basin & Agricultural Belt (Sector 1-11)", "priority_score": 0.0, "score_infra": 0.0, "score_agri": 0.0, "rank_infra": 133, "rank_agri": 133, "exposure_class": "LOW", "class_color": "#22c55e", "contributing_factors_json": { "flood_overlap_pct": 0.0, "building_exposure_pct": 0.0, "road_disruption_pct": 0.0, "population_proxy_pct": 0.0, "cropland_loss_pct": 0.0 }, "primary_reason": "Zero flood exposure detected in current satellite pass.", "recommended_action": "Low exposure: Standard monitoring; maintain flood gate surveillance and culvert clearing.", "rank": 361 }, "geometry": { "type": "Polygon", "coordinates": [ [ [ 77.721209410472781, 8.811754471901894 ], [ 77.721275580587104, 8.820789386119301 ], [ 77.712192274169652, 8.820855129420954 ], [ 77.712126324262272, 8.811820146832096 ], [ 77.721209410472781, 8.811754471901894 ] ] ] } },
{ "type": "Feature", "properties": { "zone_id": "ZONE_R01_C10", "row": 1, "col": 10, "flooded_area_km2": 0.0, "agricultural_exposed_km2": 0.0, "buildings_exposed_count": 0, "roads_exposed_km": 0.0, "total_buildings_count": 0, "total_roads_km": 1.043, "population_exposed_proxy": 0, "land_use_breakdown": { }, "locality_name": "North Basin & Agricultural Belt (Sector 1-10)", "priority_score": 0.0, "score_infra": 0.0, "score_agri": 0.0, "rank_infra": 133, "rank_agri": 133, "exposure_class": "LOW", "class_color": "#22c55e", "contributing_factors_json": { "flood_overlap_pct": 0.0, "building_exposure_pct": 0.0, "road_disruption_pct": 0.0, "population_proxy_pct": 0.0, "cropland_loss_pct": 0.0 }, "primary_reason": "Zero flood exposure detected in current satellite pass.", "recommended_action": "Low exposure: Standard monitoring; maintain flood gate surveillance and culvert clearing.", "rank": 362 }, "geometry": { "type": "Polygon", "coordinates": [ [ [ 77.712126324262272, 8.811820146832096 ], [ 77.712192274169652, 8.820855129420954 ], [ 77.703108897491944, 8.820920653555484 ], [ 77.703043167799819, 8.811885602823077 ], [ 77.712126324262272, 8.811820146832096 ] ] ] } },
{ "type": "Feature", "properties": { "zone_id": "ZONE_R01_C09", "row": 1, "col": 9, "flooded_area_km2": 0.0, "agricultural_exposed_km2": 0.0, "buildings_exposed_count": 0, "roads_exposed_km": 0.0, "total_buildings_count": 0, "total_roads_km": 7.284, "population_exposed_proxy": 0, "land_use_breakdown": { }, "locality_name": "North Basin & Agricultural Belt (Sector 1-9)", "priority_score": 0.0, "score_infra": 0.0, "score_agri": 0.0, "rank_infra": 133, "rank_agri": 133, "exposure_class": "LOW", "class_color": "#22c55e", "contributing_factors_json": { "flood_overlap_pct": 0.0, "building_exposure_pct": 0.0, "road_disruption_pct": 0.0, "population_proxy_pct": 0.0, "cropland_loss_pct": 0.0 }, "primary_reason": "Zero flood exposure detected in current satellite pass.", "recommended_action": "Low exposure: Standard monitoring; maintain flood gate surveillance and culvert clearing.", "rank": 363 }, "geometry": { "type": "Polygon", "coordinates": [ [ [ 77.703043167799819, 8.811885602823077 ], [ 77.703108897491944, 8.820920653555484 ], [ 77.694025450788544, 8.820985958514729 ], [ 77.693959941319989, 8.811950839866693 ], [ 77.703043167799819, 8.811885602823077 ] ] ] } },
{ "type": "Feature", "properties": { "zone_id": "ZONE_R01_C08", "row": 1, "col": 8, "flooded_area_km2": 0.0, "agricultural_exposed_km2": 0.0, "buildings_exposed_count": 0, "roads_exposed_km": 0.0, "total_buildings_count": 0, "total_roads_km": 1.778, "population_exposed_proxy": 0, "land_use_breakdown": { }, "locality_name": "North Basin & Agricultural Belt (Sector 1-8)", "priority_score": 0.0, "score_infra": 0.0, "score_agri": 0.0, "rank_infra": 133, "rank_agri": 133, "exposure_class": "LOW", "class_color": "#22c55e", "contributing_factors_json": { "flood_overlap_pct": 0.0, "building_exposure_pct": 0.0, "road_disruption_pct": 0.0, "population_proxy_pct": 0.0, "cropland_loss_pct": 0.0 }, "primary_reason": "Zero flood exposure detected in current satellite pass.", "recommended_action": "Low exposure: Standard monitoring; maintain flood gate surveillance and culvert clearing.", "rank": 364 }, "geometry": { "type": "Polygon", "coordinates": [ [ [ 77.693959941319989, 8.811950839866693 ], [ 77.694025450788544, 8.820985958514729 ], [ 77.684941934294002, 8.821051044290556 ], [ 77.684876645057301, 8.812015857954808 ], [ 77.693959941319989, 8.811950839866693 ] ] ] } },
{ "type": "Feature", "properties": { "zone_id": "ZONE_R01_C07", "row": 1, "col": 7, "flooded_area_km2": 0.0, "agricultural_exposed_km2": 0.0, "buildings_exposed_count": 0, "roads_exposed_km": 0.0, "total_buildings_count": 1, "total_roads_km": 6.862, "population_exposed_proxy": 0, "land_use_breakdown": { }, "locality_name": "North Basin & Agricultural Belt (Sector 1-7)", "priority_score": 0.0, "score_infra": 0.0, "score_agri": 0.0, "rank_infra": 133, "rank_agri": 133, "exposure_class": "LOW", "class_color": "#22c55e", "contributing_factors_json": { "flood_overlap_pct": 0.0, "building_exposure_pct": 0.0, "road_disruption_pct": 0.0, "population_proxy_pct": 0.0, "cropland_loss_pct": 0.0 }, "primary_reason": "Zero flood exposure detected in current satellite pass.", "recommended_action": "Low exposure: Standard monitoring; maintain flood gate surveillance and culvert clearing.", "rank": 365 }, "geometry": { "type": "Polygon", "coordinates": [ [ [ 77.684876645057301, 8.812015857954808 ], [ 77.684941934294002, 8.821051044290556 ], [ 77.675858348242926, 8.821115910874855 ], [ 77.675793279246307, 8.812080657079331 ], [ 77.684876645057301, 8.812015857954808 ] ] ] } },
{ "type": "Feature", "properties": { "zone_id": "ZONE_R01_C06", "row": 1, "col": 6, "flooded_area_km2": 0.0, "agricultural_exposed_km2": 0.0, "buildings_exposed_count": 0, "roads_exposed_km": 0.0, "total_buildings_count": 0, "total_roads_km": 1.006, "population_exposed_proxy": 0, "land_use_breakdown": { }, "locality_name": "North Basin & Agricultural Belt (Sector 1-6)", "priority_score": 0.0, "score_infra": 0.0, "score_agri": 0.0, "rank_infra": 133, "rank_agri": 133, "exposure_class": "LOW", "class_color": "#22c55e", "contributing_factors_json": { "flood_overlap_pct": 0.0, "building_exposure_pct": 0.0, "road_disruption_pct": 0.0, "population_proxy_pct": 0.0, "cropland_loss_pct": 0.0 }, "primary_reason": "Zero flood exposure detected in current satellite pass.", "recommended_action": "Low exposure: Standard monitoring; maintain flood gate surveillance and culvert clearing.", "rank": 366 }, "geometry": { "type": "Polygon", "coordinates": [ [ [ 77.675793279246307, 8.812080657079331 ], [ 77.675858348242926, 8.821115910874855 ], [ 77.666774692869893, 8.821180558259551 ], [ 77.666709844121584, 8.812145237232189 ], [ 77.675793279246307, 8.812080657079331 ] ] ] } },
{ "type": "Feature", "properties": { "zone_id": "ZONE_R01_C05", "row": 1, "col": 5, "flooded_area_km2": 0.0, "agricultural_exposed_km2": 0.0, "buildings_exposed_count": 0, "roads_exposed_km": 0.0, "total_buildings_count": 1, "total_roads_km": 7.258, "population_exposed_proxy": 0, "land_use_breakdown": { }, "locality_name": "North Basin & Agricultural Belt (Sector 1-5)", "priority_score": 0.0, "score_infra": 0.0, "score_agri": 0.0, "rank_infra": 133, "rank_agri": 133, "exposure_class": "LOW", "class_color": "#22c55e", "contributing_factors_json": { "flood_overlap_pct": 0.0, "building_exposure_pct": 0.0, "road_disruption_pct": 0.0, "population_proxy_pct": 0.0, "cropland_loss_pct": 0.0 }, "primary_reason": "Zero flood exposure detected in current satellite pass.", "recommended_action": "Low exposure: Standard monitoring; maintain flood gate surveillance and culvert clearing.", "rank": 367 }, "geometry": { "type": "Polygon", "coordinates": [ [ [ 77.666709844121584, 8.812145237232189 ], [ 77.666774692869893, 8.821180558259551 ], [ 77.657690968409483, 8.821244986436589 ], [ 77.657626339917698, 8.812209598405337 ], [ 77.666709844121584, 8.812145237232189 ] ] ] } },
{ "type": "Feature", "properties": { "zone_id": "ZONE_R01_C04", "row": 1, "col": 4, "flooded_area_km2": 0.0, "agricultural_exposed_km2": 0.0, "buildings_exposed_count": 0, "roads_exposed_km": 0.0, "total_buildings_count": 0, "total_roads_km": 4.475, "population_exposed_proxy": 0, "land_use_breakdown": { }, "locality_name": "North Basin & Agricultural Belt (Sector 1-4)", "priority_score": 0.0, "score_infra": 0.0, "score_agri": 0.0, "rank_infra": 133, "rank_agri": 133, "exposure_class": "LOW", "class_color": "#22c55e", "contributing_factors_json": { "flood_overlap_pct": 0.0, "building_exposure_pct": 0.0, "road_disruption_pct": 0.0, "population_proxy_pct": 0.0, "cropland_loss_pct": 0.0 }, "primary_reason": "Zero flood exposure detected in current satellite pass.", "recommended_action": "Low exposure: Standard monitoring; maintain flood gate surveillance and culvert clearing.", "rank": 368 }, "geometry": { "type": "Polygon", "coordinates": [ [ [ 77.657626339917698, 8.812209598405337 ], [ 77.657690968409483, 8.821244986436589 ], [ 77.648607175096316, 8.821309195397943 ], [ 77.648542766869213, 8.812273740590758 ], [ 77.657626339917698, 8.812209598405337 ] ] ] } },
{ "type": "Feature", "properties": { "zone_id": "ZONE_R01_C03", "row": 1, "col": 3, "flooded_area_km2": 0.0, "agricultural_exposed_km2": 0.0, "buildings_exposed_count": 0, "roads_exposed_km": 0.0, "total_buildings_count": 0, "total_roads_km": 3.873, "population_exposed_proxy": 0, "land_use_breakdown": { }, "locality_name": "North Basin & Agricultural Belt (Sector 1-3)", "priority_score": 0.0, "score_infra": 0.0, "score_agri": 0.0, "rank_infra": 133, "rank_agri": 133, "exposure_class": "LOW", "class_color": "#22c55e", "contributing_factors_json": { "flood_overlap_pct": 0.0, "building_exposure_pct": 0.0, "road_disruption_pct": 0.0, "population_proxy_pct": 0.0, "cropland_loss_pct": 0.0 }, "primary_reason": "Zero flood exposure detected in current satellite pass.", "recommended_action": "Low exposure: Standard monitoring; maintain flood gate surveillance and culvert clearing.", "rank": 369 }, "geometry": { "type": "Polygon", "coordinates": [ [ [ 77.648542766869213, 8.812273740590758 ], [ 77.648607175096316, 8.821309195397943 ], [ 77.639523313165014, 8.821373185135613 ], [ 77.639459125210735, 8.812337663780463 ], [ 77.648542766869213, 8.812273740590758 ] ] ] } },
{ "type": "Feature", "properties": { "zone_id": "ZONE_R02_C05", "row": 2, "col": 5, "flooded_area_km2": 0.0, "agricultural_exposed_km2": 0.0, "buildings_exposed_count": 0, "roads_exposed_km": 0.0, "total_buildings_count": 0, "total_roads_km": 0.978, "population_exposed_proxy": 0, "land_use_breakdown": { }, "locality_name": "North Basin & Agricultural Belt (Sector 2-5)", "priority_score": 0.0, "score_infra": 0.0, "score_agri": 0.0, "rank_infra": 133, "rank_agri": 133, "exposure_class": "LOW", "class_color": "#22c55e", "contributing_factors_json": { "flood_overlap_pct": 0.0, "building_exposure_pct": 0.0, "road_disruption_pct": 0.0, "population_proxy_pct": 0.0, "cropland_loss_pct": 0.0 }, "primary_reason": "Zero flood exposure detected in current satellite pass.", "recommended_action": "Low exposure: Standard monitoring; maintain flood gate surveillance and culvert clearing.", "rank": 370 }, "geometry": { "type": "Polygon", "coordinates": [ [ [ 77.666645064452453, 8.803109911399225 ], [ 77.666709844121584, 8.812145237232189 ], [ 77.657626339917698, 8.812209598405337 ], [ 77.657561780270512, 8.803174205571597 ], [ 77.666645064452453, 8.803109911399225 ] ] ] } },
{ "type": "Feature", "properties": { "zone_id": "ZONE_R02_C06", "row": 2, "col": 6, "flooded_area_km2": 0.0, "agricultural_exposed_km2": 0.0, "buildings_exposed_count": 0, "roads_exposed_km": 0.0, "total_buildings_count": 0, "total_roads_km": 0.0, "population_exposed_proxy": 0, "land_use_breakdown": { }, "locality_name": "North Basin & Agricultural Belt (Sector 2-6)", "priority_score": 0.0, "score_infra": 0.0, "score_agri": 0.0, "rank_infra": 133, "rank_agri": 133, "exposure_class": "LOW", "class_color": "#22c55e", "contributing_factors_json": { "flood_overlap_pct": 0.0, "building_exposure_pct": 0.0, "road_disruption_pct": 0.0, "population_proxy_pct": 0.0, "cropland_loss_pct": 0.0 }, "primary_reason": "Zero flood exposure detected in current satellite pass.", "recommended_action": "Low exposure: Standard monitoring; maintain flood gate surveillance and culvert clearing.", "rank": 371 }, "geometry": { "type": "Polygon", "coordinates": [ [ [ 77.67572827956343, 8.80304539847508 ], [ 77.675793279246307, 8.812080657079331 ], [ 77.666709844121584, 8.812145237232189 ], [ 77.666645064452453, 8.803109911399225 ], [ 77.67572827956343, 8.80304539847508 ] ] ] } },
{ "type": "Feature", "properties": { "zone_id": "ZONE_R02_C07", "row": 2, "col": 7, "flooded_area_km2": 0.0, "agricultural_exposed_km2": 0.0, "buildings_exposed_count": 0, "roads_exposed_km": 0.0, "total_buildings_count": 0, "total_roads_km": 1.206, "population_exposed_proxy": 0, "land_use_breakdown": { }, "locality_name": "North Basin & Agricultural Belt (Sector 2-7)", "priority_score": 0.0, "score_infra": 0.0, "score_agri": 0.0, "rank_infra": 133, "rank_agri": 133, "exposure_class": "LOW", "class_color": "#22c55e", "contributing_factors_json": { "flood_overlap_pct": 0.0, "building_exposure_pct": 0.0, "road_disruption_pct": 0.0, "population_proxy_pct": 0.0, "cropland_loss_pct": 0.0 }, "primary_reason": "Zero flood exposure detected in current satellite pass.", "recommended_action": "Low exposure: Standard monitoring; maintain flood gate surveillance and culvert clearing.", "rank": 372 }, "geometry": { "type": "Polygon", "coordinates": [ [ [ 77.684811425368878, 8.802980666807196 ], [ 77.684876645057301, 8.812015857954808 ], [ 77.675793279246307, 8.812080657079331 ], [ 77.67572827956343, 8.80304539847508 ], [ 77.684811425368878, 8.802980666807196 ] ] ] } },
{ "type": "Feature", "properties": { "zone_id": "ZONE_R02_C08", "row": 2, "col": 8, "flooded_area_km2": 0.0, "agricultural_exposed_km2": 0.0, "buildings_exposed_count": 0, "roads_exposed_km": 0.0, "total_buildings_count": 0, "total_roads_km": 0.0, "population_exposed_proxy": 0, "land_use_breakdown": { }, "locality_name": "North Basin & Agricultural Belt (Sector 2-8)", "priority_score": 0.0, "score_infra": 0.0, "score_agri": 0.0, "rank_infra": 133, "rank_agri": 133, "exposure_class": "LOW", "class_color": "#22c55e", "contributing_factors_json": { "flood_overlap_pct": 0.0, "building_exposure_pct": 0.0, "road_disruption_pct": 0.0, "population_proxy_pct": 0.0, "cropland_loss_pct": 0.0 }, "primary_reason": "Zero flood exposure detected in current satellite pass.", "recommended_action": "Low exposure: Standard monitoring; maintain flood gate surveillance and culvert clearing.", "rank": 373 }, "geometry": { "type": "Polygon", "coordinates": [ [ [ 77.693894501634276, 8.802915716403639 ], [ 77.693959941319989, 8.811950839866693 ], [ 77.684876645057301, 8.812015857954808 ], [ 77.684811425368878, 8.802980666807196 ], [ 77.693894501634276, 8.802915716403639 ] ] ] } },
{ "type": "Feature", "properties": { "zone_id": "ZONE_R03_C09", "row": 3, "col": 9, "flooded_area_km2": 0.0, "agricultural_exposed_km2": 0.0, "buildings_exposed_count": 0, "roads_exposed_km": 0.0, "total_buildings_count": 0, "total_roads_km": 2.043, "population_exposed_proxy": 0, "land_use_breakdown": { }, "locality_name": "North Basin & Agricultural Belt (Sector 3-9)", "priority_score": 0.0, "score_infra": 0.0, "score_agri": 0.0, "rank_infra": 133, "rank_agri": 133, "exposure_class": "LOW", "class_color": "#22c55e", "contributing_factors_json": { "flood_overlap_pct": 0.0, "building_exposure_pct": 0.0, "road_disruption_pct": 0.0, "population_proxy_pct": 0.0, "cropland_loss_pct": 0.0 }, "primary_reason": "Zero flood exposure detected in current satellite pass.", "recommended_action": "Low exposure: Standard monitoring; maintain flood gate surveillance and culvert clearing.", "rank": 374 }, "geometry": { "type": "Polygon", "coordinates": [ [ [ 77.702911918459449, 8.79381548690858 ], [ 77.702977508125073, 8.802850547272499 ], [ 77.693894501634276, 8.802915716403639 ], [ 77.693829131723149, 8.793880588130401 ], [ 77.702911918459449, 8.79381548690858 ] ] ] } },
{ "type": "Feature", "properties": { "zone_id": "ZONE_R03_C08", "row": 3, "col": 8, "flooded_area_km2": 0.0, "agricultural_exposed_km2": 0.0, "buildings_exposed_count": 0, "roads_exposed_km": 0.0, "total_buildings_count": 0, "total_roads_km": 1.833, "population_exposed_proxy": 0, "land_use_breakdown": { }, "locality_name": "North Basin & Agricultural Belt (Sector 3-8)", "priority_score": 0.0, "score_infra": 0.0, "score_agri": 0.0, "rank_infra": 133, "rank_agri": 133, "exposure_class": "LOW", "class_color": "#22c55e", "contributing_factors_json": { "flood_overlap_pct": 0.0, "building_exposure_pct": 0.0, "road_disruption_pct": 0.0, "population_proxy_pct": 0.0, "cropland_loss_pct": 0.0 }, "primary_reason": "Zero flood exposure detected in current satellite pass.", "recommended_action": "Low exposure: Standard monitoring; maintain flood gate surveillance and culvert clearing.", "rank": 375 }, "geometry": { "type": "Polygon", "coordinates": [ [ [ 77.693829131723149, 8.793880588130401 ], [ 77.693894501634276, 8.802915716403639 ], [ 77.684811425368878, 8.802980666807196 ], [ 77.684746275220533, 8.793945470852538 ], [ 77.693829131723149, 8.793880588130401 ] ] ] } },
{ "type": "Feature", "properties": { "zone_id": "ZONE_R03_C07", "row": 3, "col": 7, "flooded_area_km2": 0.0, "agricultural_exposed_km2": 0.0, "buildings_exposed_count": 0, "roads_exposed_km": 0.0, "total_buildings_count": 0, "total_roads_km": 1.333, "population_exposed_proxy": 0, "land_use_breakdown": { }, "locality_name": "North Basin & Agricultural Belt (Sector 3-7)", "priority_score": 0.0, "score_infra": 0.0, "score_agri": 0.0, "rank_infra": 133, "rank_agri": 133, "exposure_class": "LOW", "class_color": "#22c55e", "contributing_factors_json": { "flood_overlap_pct": 0.0, "building_exposure_pct": 0.0, "road_disruption_pct": 0.0, "population_proxy_pct": 0.0, "cropland_loss_pct": 0.0 }, "primary_reason": "Zero flood exposure detected in current satellite pass.", "recommended_action": "Low exposure: Standard monitoring; maintain flood gate surveillance and culvert clearing.", "rank": 376 }, "geometry": { "type": "Polygon", "coordinates": [ [ [ 77.684746275220533, 8.793945470852538 ], [ 77.684811425368878, 8.802980666807196 ], [ 77.67572827956343, 8.80304539847508 ], [ 77.675663349186095, 8.794010135066912 ], [ 77.684746275220533, 8.793945470852538 ] ] ] } },
{ "type": "Feature", "properties": { "zone_id": "ZONE_R03_C06", "row": 3, "col": 6, "flooded_area_km2": 0.0, "agricultural_exposed_km2": 0.0, "buildings_exposed_count": 0, "roads_exposed_km": 0.0, "total_buildings_count": 0, "total_roads_km": 0.987, "population_exposed_proxy": 0, "land_use_breakdown": { }, "locality_name": "North Basin & Agricultural Belt (Sector 3-6)", "priority_score": 0.0, "score_infra": 0.0, "score_agri": 0.0, "rank_infra": 133, "rank_agri": 133, "exposure_class": "LOW", "class_color": "#22c55e", "contributing_factors_json": { "flood_overlap_pct": 0.0, "building_exposure_pct": 0.0, "road_disruption_pct": 0.0, "population_proxy_pct": 0.0, "cropland_loss_pct": 0.0 }, "primary_reason": "Zero flood exposure detected in current satellite pass.", "recommended_action": "Low exposure: Standard monitoring; maintain flood gate surveillance and culvert clearing.", "rank": 377 }, "geometry": { "type": "Polygon", "coordinates": [ [ [ 77.675663349186095, 8.794010135066912 ], [ 77.67572827956343, 8.80304539847508 ], [ 77.666645064452453, 8.803109911399225 ], [ 77.666580353854314, 8.794074580765473 ], [ 77.675663349186095, 8.794010135066912 ] ] ] } },
{ "type": "Feature", "properties": { "zone_id": "ZONE_R03_C05", "row": 3, "col": 5, "flooded_area_km2": 0.0, "agricultural_exposed_km2": 0.0, "buildings_exposed_count": 0, "roads_exposed_km": 0.0, "total_buildings_count": 0, "total_roads_km": 1.965, "population_exposed_proxy": 0, "land_use_breakdown": { }, "locality_name": "North Basin & Agricultural Belt (Sector 3-5)", "priority_score": 0.0, "score_infra": 0.0, "score_agri": 0.0, "rank_infra": 133, "rank_agri": 133, "exposure_class": "LOW", "class_color": "#22c55e", "contributing_factors_json": { "flood_overlap_pct": 0.0, "building_exposure_pct": 0.0, "road_disruption_pct": 0.0, "population_proxy_pct": 0.0, "cropland_loss_pct": 0.0 }, "primary_reason": "Zero flood exposure detected in current satellite pass.", "recommended_action": "Low exposure: Standard monitoring; maintain flood gate surveillance and culvert clearing.", "rank": 378 }, "geometry": { "type": "Polygon", "coordinates": [ [ [ 77.666580353854314, 8.794074580765473 ], [ 77.666645064452453, 8.803109911399225 ], [ 77.657561780270512, 8.803174205571597 ], [ 77.657497289459741, 8.794138807940184 ], [ 77.666580353854314, 8.794074580765473 ] ] ] } },
{ "type": "Feature", "properties": { "zone_id": "ZONE_R03_C04", "row": 3, "col": 4, "flooded_area_km2": 0.0, "agricultural_exposed_km2": 0.0, "buildings_exposed_count": 0, "roads_exposed_km": 0.0, "total_buildings_count": 0, "total_roads_km": 2.93, "population_exposed_proxy": 0, "land_use_breakdown": { }, "locality_name": "North Basin & Agricultural Belt (Sector 3-4)", "priority_score": 0.0, "score_infra": 0.0, "score_agri": 0.0, "rank_infra": 133, "rank_agri": 133, "exposure_class": "LOW", "class_color": "#22c55e", "contributing_factors_json": { "flood_overlap_pct": 0.0, "building_exposure_pct": 0.0, "road_disruption_pct": 0.0, "population_proxy_pct": 0.0, "cropland_loss_pct": 0.0 }, "primary_reason": "Zero flood exposure detected in current satellite pass.", "recommended_action": "Low exposure: Standard monitoring; maintain flood gate surveillance and culvert clearing.", "rank": 379 }, "geometry": { "type": "Polygon", "coordinates": [ [ [ 77.657497289459741, 8.794138807940184 ], [ 77.657561780270512, 8.803174205571597 ], [ 77.648478427252115, 8.803238280984193 ], [ 77.648414156236896, 8.794202816583056 ], [ 77.657497289459741, 8.794138807940184 ] ] ] } },
{ "type": "Feature", "properties": { "zone_id": "ZONE_R03_C03", "row": 3, "col": 3, "flooded_area_km2": 0.0, "agricultural_exposed_km2": 0.0, "buildings_exposed_count": 0, "roads_exposed_km": 0.0, "total_buildings_count": 0, "total_roads_km": 0.539, "population_exposed_proxy": 0, "land_use_breakdown": { }, "locality_name": "North Basin & Agricultural Belt (Sector 3-3)", "priority_score": 0.0, "score_infra": 0.0, "score_agri": 0.0, "rank_infra": 133, "rank_agri": 133, "exposure_class": "LOW", "class_color": "#22c55e", "contributing_factors_json": { "flood_overlap_pct": 0.0, "building_exposure_pct": 0.0, "road_disruption_pct": 0.0, "population_proxy_pct": 0.0, "cropland_loss_pct": 0.0 }, "primary_reason": "Zero flood exposure detected in current satellite pass.", "recommended_action": "Low exposure: Standard monitoring; maintain flood gate surveillance and culvert clearing.", "rank": 380 }, "geometry": { "type": "Polygon", "coordinates": [ [ [ 77.648414156236896, 8.794202816583056 ], [ 77.648478427252115, 8.803238280984193 ], [ 77.639395005631854, 8.803302137629025 ], [ 77.639330954420274, 8.794266606686108 ], [ 77.648414156236896, 8.794202816583056 ] ] ] } },
{ "type": "Feature", "properties": { "zone_id": "ZONE_R03_C02", "row": 3, "col": 2, "flooded_area_km2": 0.0, "agricultural_exposed_km2": 0.0, "buildings_exposed_count": 0, "roads_exposed_km": 0.0, "total_buildings_count": 0, "total_roads_km": 0.0, "population_exposed_proxy": 0, "land_use_breakdown": { }, "locality_name": "North Basin & Agricultural Belt (Sector 3-2)", "priority_score": 0.0, "score_infra": 0.0, "score_agri": 0.0, "rank_infra": 133, "rank_agri": 133, "exposure_class": "LOW", "class_color": "#22c55e", "contributing_factors_json": { "flood_overlap_pct": 0.0, "building_exposure_pct": 0.0, "road_disruption_pct": 0.0, "population_proxy_pct": 0.0, "cropland_loss_pct": 0.0 }, "primary_reason": "Zero flood exposure detected in current satellite pass.", "recommended_action": "Low exposure: Standard monitoring; maintain flood gate surveillance and culvert clearing.", "rank": 381 }, "geometry": { "type": "Polygon", "coordinates": [ [ [ 77.639330954420274, 8.794266606686108 ], [ 77.639395005631854, 8.803302137629025 ], [ 77.63031151564428, 8.803365775498143 ], [ 77.630247684244466, 8.794330178241399 ], [ 77.639330954420274, 8.794266606686108 ] ] ] } },
{ "type": "Feature", "properties": { "zone_id": "ZONE_R03_C01", "row": 3, "col": 1, "flooded_area_km2": 0.0, "agricultural_exposed_km2": 0.0, "buildings_exposed_count": 0, "roads_exposed_km": 0.0, "total_buildings_count": 0, "total_roads_km": 1.268, "population_exposed_proxy": 0, "land_use_breakdown": { }, "locality_name": "North Basin & Agricultural Belt (Sector 3-1)", "priority_score": 0.0, "score_infra": 0.0, "score_agri": 0.0, "rank_infra": 133, "rank_agri": 133, "exposure_class": "LOW", "class_color": "#22c55e", "contributing_factors_json": { "flood_overlap_pct": 0.0, "building_exposure_pct": 0.0, "road_disruption_pct": 0.0, "population_proxy_pct": 0.0, "cropland_loss_pct": 0.0 }, "primary_reason": "Zero flood exposure detected in current satellite pass.", "recommended_action": "Low exposure: Standard monitoring; maintain flood gate surveillance and culvert clearing.", "rank": 382 }, "geometry": { "type": "Polygon", "coordinates": [ [ [ 77.630247684244466, 8.794330178241399 ], [ 77.63031151564428, 8.803365775498143 ], [ 77.621227957523999, 8.803429194583618 ], [ 77.621164345943981, 8.794393531241004 ], [ 77.630247684244466, 8.794330178241399 ] ] ] } },
{ "type": "Feature", "properties": { "zone_id": "ZONE_R02_C22", "row": 2, "col": 22, "flooded_area_km2": 0.0, "agricultural_exposed_km2": 0.0, "buildings_exposed_count": 0, "roads_exposed_km": 0.0, "total_buildings_count": 0, "total_roads_km": 1.052, "population_exposed_proxy": 0, "land_use_breakdown": { }, "locality_name": "North Basin & Agricultural Belt (Sector 2-22)", "priority_score": 0.0, "score_infra": 0.0, "score_agri": 0.0, "rank_infra": 133, "rank_agri": 133, "exposure_class": "LOW", "class_color": "#22c55e", "contributing_factors_json": { "flood_overlap_pct": 0.0, "building_exposure_pct": 0.0, "road_disruption_pct": 0.0, "population_proxy_pct": 0.0, "cropland_loss_pct": 0.0 }, "primary_reason": "Zero flood exposure detected in current satellite pass.", "recommended_action": "Low exposure: Standard monitoring; maintain flood gate surveillance and culvert clearing.", "rank": 383 }, "geometry": { "type": "Polygon", "coordinates": [ [ [ 77.819869470303018, 8.801992301989683 ], [ 77.819937960486342, 8.811026463168657 ], [ 77.812036357131745, 8.811085682755841 ], [ 77.811968058243664, 8.802051459928903 ], [ 77.819869470303018, 8.801992301989683 ] ] ] } },
{ "type": "Feature", "properties": { "zone_id": "ZONE_R02_C21", "row": 2, "col": 21, "flooded_area_km2": 0.0, "agricultural_exposed_km2": 0.0, "buildings_exposed_count": 0, "roads_exposed_km": 0.0, "total_buildings_count": 0, "total_roads_km": 1.553, "population_exposed_proxy": 0, "land_use_breakdown": { }, "locality_name": "North Basin & Agricultural Belt (Sector 2-21)", "priority_score": 0.0, "score_infra": 0.0, "score_agri": 0.0, "rank_infra": 133, "rank_agri": 133, "exposure_class": "LOW", "class_color": "#22c55e", "contributing_factors_json": { "flood_overlap_pct": 0.0, "building_exposure_pct": 0.0, "road_disruption_pct": 0.0, "population_proxy_pct": 0.0, "cropland_loss_pct": 0.0 }, "primary_reason": "Zero flood exposure detected in current satellite pass.", "recommended_action": "Low exposure: Standard monitoring; maintain flood gate surveillance and culvert clearing.", "rank": 384 }, "geometry": { "type": "Polygon", "coordinates": [ [ [ 77.811968058243664, 8.802051459928903 ], [ 77.812036357131745, 8.811085682755841 ], [ 77.80295398633767, 8.811153546623864 ], [ 77.802885907337242, 8.802119253150195 ], [ 77.811968058243664, 8.802051459928903 ] ] ] } },
{ "type": "Feature", "properties": { "zone_id": "ZONE_R02_C20", "row": 2, "col": 20, "flooded_area_km2": 0.0, "agricultural_exposed_km2": 0.0, "buildings_exposed_count": 0, "roads_exposed_km": 0.0, "total_buildings_count": 0, "total_roads_km": 5.159, "population_exposed_proxy": 0, "land_use_breakdown": { }, "locality_name": "North Basin & Agricultural Belt (Sector 2-20)", "priority_score": 0.0, "score_infra": 0.0, "score_agri": 0.0, "rank_infra": 133, "rank_agri": 133, "exposure_class": "LOW", "class_color": "#22c55e", "contributing_factors_json": { "flood_overlap_pct": 0.0, "building_exposure_pct": 0.0, "road_disruption_pct": 0.0, "population_proxy_pct": 0.0, "cropland_loss_pct": 0.0 }, "primary_reason": "Zero flood exposure detected in current satellite pass.", "recommended_action": "Low exposure: Standard monitoring; maintain flood gate surveillance and culvert clearing.", "rank": 385 }, "geometry": { "type": "Polygon", "coordinates": [ [ [ 77.802885907337242, 8.802119253150195 ], [ 77.80295398633767, 8.811153546623864 ], [ 77.793871542946874, 8.811221191635687 ], [ 77.793803683842697, 8.802186827743089 ], [ 77.802885907337242, 8.802119253150195 ] ] ] } },
{ "type": "Feature", "properties": { "zone_id": "ZONE_R02_C19", "row": 2, "col": 19, "flooded_area_km2": 0.0, "agricultural_exposed_km2": 0.0, "buildings_exposed_count": 0, "roads_exposed_km": 0.0, "total_buildings_count": 0, "total_roads_km": 0.0, "population_exposed_proxy": 0, "land_use_breakdown": { }, "locality_name": "North Basin & Agricultural Belt (Sector 2-19)", "priority_score": 0.0, "score_infra": 0.0, "score_agri": 0.0, "rank_infra": 133, "rank_agri": 133, "exposure_class": "LOW", "class_color": "#22c55e", "contributing_factors_json": { "flood_overlap_pct": 0.0, "building_exposure_pct": 0.0, "road_disruption_pct": 0.0, "population_proxy_pct": 0.0, "cropland_loss_pct": 0.0 }, "primary_reason": "Zero flood exposure detected in current satellite pass.", "recommended_action": "Low exposure: Standard monitoring; maintain flood gate surveillance and culvert clearing.", "rank": 386 }, "geometry": { "type": "Polygon", "coordinates": [ [ [ 77.793803683842697, 8.802186827743089 ], [ 77.793871542946874, 8.811221191635687 ], [ 77.784789027193796, 8.811288617782886 ], [ 77.784721387994438, 8.802254183699175 ], [ 77.793803683842697, 8.802186827743089 ] ] ] } },
{ "type": "Feature", "properties": { "zone_id": "ZONE_R02_C18", "row": 2, "col": 18, "flooded_area_km2": 0.0, "agricultural_exposed_km2": 0.0, "buildings_exposed_count": 0, "roads_exposed_km": 0.0, "total_buildings_count": 0, "total_roads_km": 1.118, "population_exposed_proxy": 0, "land_use_breakdown": { }, "locality_name": "North Basin & Agricultural Belt (Sector 2-18)", "priority_score": 0.0, "score_infra": 0.0, "score_agri": 0.0, "rank_infra": 133, "rank_agri": 133, "exposure_class": "LOW", "class_color": "#22c55e", "contributing_factors_json": { "flood_overlap_pct": 0.0, "building_exposure_pct": 0.0, "road_disruption_pct": 0.0, "population_proxy_pct": 0.0, "cropland_loss_pct": 0.0 }, "primary_reason": "Zero flood exposure detected in current satellite pass.", "recommended_action": "Low exposure: Standard monitoring; maintain flood gate surveillance and culvert clearing.", "rank": 387 }, "geometry": { "type": "Polygon", "coordinates": [ [ [ 77.784721387994438, 8.802254183699175 ], [ 77.784789027193796, 8.811288617782886 ], [ 77.775706439312856, 8.811355825057065 ], [ 77.775639020026873, 8.802321321010064 ], [ 77.784721387994438, 8.802254183699175 ] ] ] } },
{ "type": "Feature", "properties": { "zone_id": "ZONE_R02_C17", "row": 2, "col": 17, "flooded_area_km2": 0.0, "agricultural_exposed_km2": 0.0, "buildings_exposed_count": 0, "roads_exposed_km": 0.0, "total_buildings_count": 0, "total_roads_km": 7.645, "population_exposed_proxy": 0, "land_use_breakdown": { }, "locality_name": "North Basin & Agricultural Belt (Sector 2-17)", "priority_score": 0.0, "score_infra": 0.0, "score_agri": 0.0, "rank_infra": 133, "rank_agri": 133, "exposure_class": "LOW", "class_color": "#22c55e", "contributing_factors_json": { "flood_overlap_pct": 0.0, "building_exposure_pct": 0.0, "road_disruption_pct": 0.0, "population_proxy_pct": 0.0, "cropland_loss_pct": 0.0 }, "primary_reason": "Zero flood exposure detected in current satellite pass.", "recommended_action": "Low exposure: Standard monitoring; maintain flood gate surveillance and culvert clearing.", "rank": 388 }, "geometry": { "type": "Polygon", "coordinates": [ [ [ 77.775639020026873, 8.802321321010064 ], [ 77.775706439312856, 8.811355825057065 ], [ 77.766623779538534, 8.811422813449848 ], [ 77.766556580174452, 8.802388239667394 ], [ 77.775639020026873, 8.802321321010064 ] ] ] } },
{ "type": "Feature", "properties": { "zone_id": "ZONE_R02_C16", "row": 2, "col": 16, "flooded_area_km2": 0.0, "agricultural_exposed_km2": 0.0, "buildings_exposed_count": 0, "roads_exposed_km": 0.0, "total_buildings_count": 0, "total_roads_km": 3.656, "population_exposed_proxy": 0, "land_use_breakdown": { }, "locality_name": "North Basin & Agricultural Belt (Sector 2-16)", "priority_score": 0.0, "score_infra": 0.0, "score_agri": 0.0, "rank_infra": 133, "rank_agri": 133, "exposure_class": "LOW", "class_color": "#22c55e", "contributing_factors_json": { "flood_overlap_pct": 0.0, "building_exposure_pct": 0.0, "road_disruption_pct": 0.0, "population_proxy_pct": 0.0, "cropland_loss_pct": 0.0 }, "primary_reason": "Zero flood exposure detected in current satellite pass.", "recommended_action": "Low exposure: Standard monitoring; maintain flood gate surveillance and culvert clearing.", "rank": 389 }, "geometry": { "type": "Polygon", "coordinates": [ [ [ 77.766556580174452, 8.802388239667394 ], [ 77.766623779538534, 8.811422813449848 ], [ 77.757541048105296, 8.811489582952904 ], [ 77.757474068671584, 8.802454939662836 ], [ 77.766556580174452, 8.802388239667394 ] ] ] } },
{ "type": "Feature", "properties": { "zone_id": "ZONE_R02_C15", "row": 2, "col": 15, "flooded_area_km2": 0.0, "agricultural_exposed_km2": 0.0, "buildings_exposed_count": 0, "roads_exposed_km": 0.0, "total_buildings_count": 0, "total_roads_km": 0.0, "population_exposed_proxy": 0, "land_use_breakdown": { }, "locality_name": "North Basin & Agricultural Belt (Sector 2-15)", "priority_score": 0.0, "score_infra": 0.0, "score_agri": 0.0, "rank_infra": 133, "rank_agri": 133, "exposure_class": "LOW", "class_color": "#22c55e", "contributing_factors_json": { "flood_overlap_pct": 0.0, "building_exposure_pct": 0.0, "road_disruption_pct": 0.0, "population_proxy_pct": 0.0, "cropland_loss_pct": 0.0 }, "primary_reason": "Zero flood exposure detected in current satellite pass.", "recommended_action": "Low exposure: Standard monitoring; maintain flood gate surveillance and culvert clearing.", "rank": 390 }, "geometry": { "type": "Polygon", "coordinates": [ [ [ 77.757474068671584, 8.802454939662836 ], [ 77.757541048105296, 8.811489582952904 ], [ 77.748458245247605, 8.811556133557909 ], [ 77.748391485752734, 8.802521420988079 ], [ 77.757474068671584, 8.802454939662836 ] ] ] } },
{ "type": "Feature", "properties": { "zone_id": "ZONE_R02_C14", "row": 2, "col": 14, "flooded_area_km2": 0.0, "agricultural_exposed_km2": 0.0, "buildings_exposed_count": 0, "roads_exposed_km": 0.0, "total_buildings_count": 0, "total_roads_km": 3.53, "population_exposed_proxy": 0, "land_use_breakdown": { }, "locality_name": "North Basin & Agricultural Belt (Sector 2-14)", "priority_score": 0.0, "score_infra": 0.0, "score_agri": 0.0, "rank_infra": 133, "rank_agri": 133, "exposure_class": "LOW", "class_color": "#22c55e", "contributing_factors_json": { "flood_overlap_pct": 0.0, "building_exposure_pct": 0.0, "road_disruption_pct": 0.0, "population_proxy_pct": 0.0, "cropland_loss_pct": 0.0 }, "primary_reason": "Zero flood exposure detected in current satellite pass.", "recommended_action": "Low exposure: Standard monitoring; maintain flood gate surveillance and culvert clearing.", "rank": 391 }, "geometry": { "type": "Polygon", "coordinates": [ [ [ 77.748391485752734, 8.802521420988079 ], [ 77.748458245247605, 8.811556133557909 ], [ 77.739375371199969, 8.81162246525658 ], [ 77.739308831652352, 8.802587683634846 ], [ 77.748391485752734, 8.802521420988079 ] ] ] } },
{ "type": "Feature", "properties": { "zone_id": "ZONE_R02_C13", "row": 2, "col": 13, "flooded_area_km2": 0.0, "agricultural_exposed_km2": 0.0, "buildings_exposed_count": 0, "roads_exposed_km": 0.0, "total_buildings_count": 1, "total_roads_km": 4.426, "population_exposed_proxy": 0, "land_use_breakdown": { }, "locality_name": "North Basin & Agricultural Belt (Sector 2-13)", "priority_score": 0.0, "score_infra": 0.0, "score_agri": 0.0, "rank_infra": 133, "rank_agri": 133, "exposure_class": "LOW", "class_color": "#22c55e", "contributing_factors_json": { "flood_overlap_pct": 0.0, "building_exposure_pct": 0.0, "road_disruption_pct": 0.0, "population_proxy_pct": 0.0, "cropland_loss_pct": 0.0 }, "primary_reason": "Zero flood exposure detected in current satellite pass.", "recommended_action": "Low exposure: Standard monitoring; maintain flood gate surveillance and culvert clearing.", "rank": 392 }, "geometry": { "type": "Polygon", "coordinates": [ [ [ 77.739308831652352, 8.802587683634846 ], [ 77.739375371199969, 8.81162246525658 ], [ 77.730292426196854, 8.81168857804065 ], [ 77.730226106604917, 8.802653727594878 ], [ 77.739308831652352, 8.802587683634846 ] ] ] } },
{ "type": "Feature", "properties": { "zone_id": "ZONE_R02_C12", "row": 2, "col": 12, "flooded_area_km2": 0.0, "agricultural_exposed_km2": 0.0, "buildings_exposed_count": 0, "roads_exposed_km": 0.0, "total_buildings_count": 0, "total_roads_km": 0.0, "population_exposed_proxy": 0, "land_use_breakdown": { }, "locality_name": "North Basin & Agricultural Belt (Sector 2-12)", "priority_score": 0.0, "score_infra": 0.0, "score_agri": 0.0, "rank_infra": 133, "rank_agri": 133, "exposure_class": "LOW", "class_color": "#22c55e", "contributing_factors_json": { "flood_overlap_pct": 0.0, "building_exposure_pct": 0.0, "road_disruption_pct": 0.0, "population_proxy_pct": 0.0, "cropland_loss_pct": 0.0 }, "primary_reason": "Zero flood exposure detected in current satellite pass.", "recommended_action": "Low exposure: Standard monitoring; maintain flood gate surveillance and culvert clearing.", "rank": 393 }, "geometry": { "type": "Polygon", "coordinates": [ [ [ 77.730226106604917, 8.802653727594878 ], [ 77.730292426196854, 8.81168857804065 ], [ 77.721209410472781, 8.811754471901894 ], [ 77.721143310844909, 8.802719552859964 ], [ 77.730226106604917, 8.802653727594878 ] ] ] } },
{ "type": "Feature", "properties": { "zone_id": "ZONE_R02_C11", "row": 2, "col": 11, "flooded_area_km2": 0.0, "agricultural_exposed_km2": 0.0, "buildings_exposed_count": 0, "roads_exposed_km": 0.0, "total_buildings_count": 0, "total_roads_km": 0.346, "population_exposed_proxy": 0, "land_use_breakdown": { }, "locality_name": "North Basin & Agricultural Belt (Sector 2-11)", "priority_score": 0.0, "score_infra": 0.0, "score_agri": 0.0, "rank_infra": 133, "rank_agri": 133, "exposure_class": "LOW", "class_color": "#22c55e", "contributing_factors_json": { "flood_overlap_pct": 0.0, "building_exposure_pct": 0.0, "road_disruption_pct": 0.0, "population_proxy_pct": 0.0, "cropland_loss_pct": 0.0 }, "primary_reason": "Zero flood exposure detected in current satellite pass.", "recommended_action": "Low exposure: Standard monitoring; maintain flood gate surveillance and culvert clearing.", "rank": 394 }, "geometry": { "type": "Polygon", "coordinates": [ [ [ 77.721143310844909, 8.802719552859964 ], [ 77.721209410472781, 8.811754471901894 ], [ 77.712126324262272, 8.811820146832096 ], [ 77.712060444606792, 8.802785159421893 ], [ 77.721143310844909, 8.802719552859964 ] ] ] } },
{ "type": "Feature", "properties": { "zone_id": "ZONE_R02_C10", "row": 2, "col": 10, "flooded_area_km2": 0.0, "agricultural_exposed_km2": 0.0, "buildings_exposed_count": 0, "roads_exposed_km": 0.0, "total_buildings_count": 0, "total_roads_km": 3.384, "population_exposed_proxy": 0, "land_use_breakdown": { }, "locality_name": "North Basin & Agricultural Belt (Sector 2-10)", "priority_score": 0.0, "score_infra": 0.0, "score_agri": 0.0, "rank_infra": 133, "rank_agri": 133, "exposure_class": "LOW", "class_color": "#22c55e", "contributing_factors_json": { "flood_overlap_pct": 0.0, "building_exposure_pct": 0.0, "road_disruption_pct": 0.0, "population_proxy_pct": 0.0, "cropland_loss_pct": 0.0 }, "primary_reason": "Zero flood exposure detected in current satellite pass.", "recommended_action": "Low exposure: Standard monitoring; maintain flood gate surveillance and culvert clearing.", "rank": 395 }, "geometry": { "type": "Polygon", "coordinates": [ [ [ 77.712060444606792, 8.802785159421893 ], [ 77.712126324262272, 8.811820146832096 ], [ 77.703043167799819, 8.811885602823077 ], [ 77.702977508125073, 8.802850547272499 ], [ 77.712060444606792, 8.802785159421893 ] ] ] } },
{ "type": "Feature", "properties": { "zone_id": "ZONE_R02_C09", "row": 2, "col": 9, "flooded_area_km2": 0.0, "agricultural_exposed_km2": 0.0, "buildings_exposed_count": 0, "roads_exposed_km": 0.0, "total_buildings_count": 0, "total_roads_km": 0.082, "population_exposed_proxy": 0, "land_use_breakdown": { }, "locality_name": "North Basin & Agricultural Belt (Sector 2-9)", "priority_score": 0.0, "score_infra": 0.0, "score_agri": 0.0, "rank_infra": 133, "rank_agri": 133, "exposure_class": "LOW", "class_color": "#22c55e", "contributing_factors_json": { "flood_overlap_pct": 0.0, "building_exposure_pct": 0.0, "road_disruption_pct": 0.0, "population_proxy_pct": 0.0, "cropland_loss_pct": 0.0 }, "primary_reason": "Zero flood exposure detected in current satellite pass.", "recommended_action": "Low exposure: Standard monitoring; maintain flood gate surveillance and culvert clearing.", "rank": 396 }, "geometry": { "type": "Polygon", "coordinates": [ [ [ 77.702977508125073, 8.802850547272499 ], [ 77.703043167799819, 8.811885602823077 ], [ 77.693959941319989, 8.811950839866693 ], [ 77.693894501634276, 8.802915716403639 ], [ 77.702977508125073, 8.802850547272499 ] ] ] } },
{ "type": "Feature", "properties": { "zone_id": "ZONE_R05_C21", "row": 5, "col": 21, "flooded_area_km2": 0.0, "agricultural_exposed_km2": 0.0, "buildings_exposed_count": 0, "roads_exposed_km": 0.0, "total_buildings_count": 0, "total_roads_km": 2.506, "population_exposed_proxy": 0, "land_use_breakdown": { }, "locality_name": "North Basin & Agricultural Belt (Sector 5-21)", "priority_score": 0.0, "score_infra": 0.0, "score_agri": 0.0, "rank_infra": 133, "rank_agri": 133, "exposure_class": "LOW", "class_color": "#22c55e", "contributing_factors_json": { "flood_overlap_pct": 0.0, "building_exposure_pct": 0.0, "road_disruption_pct": 0.0, "population_proxy_pct": 0.0, "cropland_loss_pct": 0.0 }, "primary_reason": "Zero flood exposure detected in current satellite pass.", "recommended_action": "Low exposure: Standard monitoring; maintain flood gate surveillance and culvert clearing.", "rank": 397 }, "geometry": { "type": "Polygon", "coordinates": [ [ [ 77.811763598480141, 8.77494876235548 ], [ 77.811831678926481, 8.783982999723854 ], [ 77.802749967092211, 8.784050651661516 ], [ 77.802682105830399, 8.77501634365624 ], [ 77.811763598480141, 8.77494876235548 ] ] ] } },
{ "type": "Feature", "properties": { "zone_id": "ZONE_R05_C22", "row": 5, "col": 22, "flooded_area_km2": 0.0, "agricultural_exposed_km2": 0.0, "buildings_exposed_count": 0, "roads_exposed_km": 0.0, "total_buildings_count": 0, "total_roads_km": 0.39, "population_exposed_proxy": 0, "land_use_breakdown": { }, "locality_name": "North Basin & Agricultural Belt (Sector 5-22)", "priority_score": 0.0, "score_infra": 0.0, "score_agri": 0.0, "rank_infra": 133, "rank_agri": 133, "exposure_class": "LOW", "class_color": "#22c55e", "contributing_factors_json": { "flood_overlap_pct": 0.0, "building_exposure_pct": 0.0, "road_disruption_pct": 0.0, "population_proxy_pct": 0.0, "cropland_loss_pct": 0.0 }, "primary_reason": "Zero flood exposure detected in current satellite pass.", "recommended_action": "Low exposure: Standard monitoring; maintain flood gate surveillance and culvert clearing.", "rank": 398 }, "geometry": { "type": "Polygon", "coordinates": [ [ [ 77.819664437877208, 8.774889789342977 ], [ 77.819732709007084, 8.783923965071967 ], [ 77.811831678926481, 8.783982999723854 ], [ 77.811763598480141, 8.77494876235548 ], [ 77.819664437877208, 8.774889789342977 ] ] ] } },
{ "type": "Feature", "properties": { "zone_id": "ZONE_R06_C01", "row": 6, "col": 1, "flooded_area_km2": 0.0, "agricultural_exposed_km2": 0.0, "buildings_exposed_count": 0, "roads_exposed_km": 0.0, "total_buildings_count": 0, "total_roads_km": 5.948, "population_exposed_proxy": 0, "land_use_breakdown": { }, "locality_name": "North Basin & Agricultural Belt (Sector 6-1)", "priority_score": 0.0, "score_infra": 0.0, "score_agri": 0.0, "rank_infra": 133, "rank_agri": 133, "exposure_class": "LOW", "class_color": "#22c55e", "contributing_factors_json": { "flood_overlap_pct": 0.0, "building_exposure_pct": 0.0, "road_disruption_pct": 0.0, "population_proxy_pct": 0.0, "cropland_loss_pct": 0.0 }, "primary_reason": "Zero flood exposure detected in current satellite pass.", "recommended_action": "Low exposure: Standard monitoring; maintain flood gate surveillance and culvert clearing.", "rank": 399 }, "geometry": { "type": "Polygon", "coordinates": [ [ [ 77.630056598760731, 8.767223357788763 ], [ 77.630120225810728, 8.776258969381907 ], [ 77.621037326446228, 8.776322190218982 ], [ 77.620973918512433, 8.767286512549164 ], [ 77.630056598760731, 8.767223357788763 ] ] ] } },
{ "type": "Feature", "properties": { "zone_id": "ZONE_R10_C20", "row": 10, "col": 20, "flooded_area_km2": 0.0, "agricultural_exposed_km2": 0.0, "buildings_exposed_count": 0, "roads_exposed_km": 0.0, "total_buildings_count": 0, "total_roads_km": 4.185, "population_exposed_proxy": 0, "land_use_breakdown": { }, "locality_name": "East Thamirabarani Basin (Sector 10-20)", "priority_score": 0.0, "score_infra": 0.0, "score_agri": 0.0, "rank_infra": 133, "rank_agri": 133, "exposure_class": "LOW", "class_color": "#22c55e", "contributing_factors_json": { "flood_overlap_pct": 0.0, "building_exposure_pct": 0.0, "road_disruption_pct": 0.0, "population_proxy_pct": 0.0, "cropland_loss_pct": 0.0 }, "primary_reason": "Zero flood exposure detected in current satellite pass.", "recommended_action": "Low exposure: Standard monitoring; maintain flood gate surveillance and culvert clearing.", "rank": 400 }, "geometry": { "type": "Polygon", "coordinates": [ [ [ 77.802343887786179, 8.729844731215202 ], [ 77.802411386321538, 8.738879063342466 ], [ 77.793330695538828, 8.738946145094234 ], [ 77.793263415025223, 8.7299117425741 ], [ 77.802343887786179, 8.729844731215202 ] ] ] } },
{ "type": "Feature", "properties": { "zone_id": "ZONE_R11_C16", "row": 11, "col": 16, "flooded_area_km2": 0.0, "agricultural_exposed_km2": 0.0, "buildings_exposed_count": 0, "roads_exposed_km": 0.0, "total_buildings_count": 3, "total_roads_km": 16.736, "population_exposed_proxy": 0, "land_use_breakdown": { }, "locality_name": "Palayamkottai & South Canal (Sector 11-16)", "priority_score": 0.0, "score_infra": 0.0, "score_agri": 0.0, "rank_infra": 133, "rank_agri": 133, "exposure_class": "LOW", "class_color": "#22c55e", "contributing_factors_json": { "flood_overlap_pct": 0.0, "building_exposure_pct": 0.0, "road_disruption_pct": 0.0, "population_proxy_pct": 0.0, "cropland_loss_pct": 0.0 }, "primary_reason": "Zero flood exposure detected in current satellite pass.", "recommended_action": "Low exposure: Standard monitoring; maintain flood gate surveillance and culvert clearing.", "rank": 401 }, "geometry": { "type": "Polygon", "coordinates": [ [ [ 77.765955009151526, 8.721076858600355 ], [ 77.766021563966206, 8.730111475729558 ], [ 77.75694080346851, 8.730177619779999 ], [ 77.756874466475182, 8.721142933172107 ], [ 77.765955009151526, 8.721076858600355 ] ] ] } },
{ "type": "Feature", "properties": { "zone_id": "ZONE_R11_C15", "row": 11, "col": 15, "flooded_area_km2": 0.0, "agricultural_exposed_km2": 0.0, "buildings_exposed_count": 0, "roads_exposed_km": 0.0, "total_buildings_count": 16, "total_roads_km": 18.37, "population_exposed_proxy": 0, "land_use_breakdown": { }, "locality_name": "Palayamkottai & South Canal (Sector 11-15)", "priority_score": 0.0, "score_infra": 0.0, "score_agri": 0.0, "rank_infra": 133, "rank_agri": 133, "exposure_class": "LOW", "class_color": "#22c55e", "contributing_factors_json": { "flood_overlap_pct": 0.0, "building_exposure_pct": 0.0, "road_disruption_pct": 0.0, "population_proxy_pct": 0.0, "cropland_loss_pct": 0.0 }, "primary_reason": "Zero flood exposure detected in current satellite pass.", "recommended_action": "Low exposure: Standard monitoring; maintain flood gate surveillance and culvert clearing.", "rank": 402 }, "geometry": { "type": "Polygon", "coordinates": [ [ [ 77.756874466475182, 8.721142933172107 ], [ 77.75694080346851, 8.730177619779999 ], [ 77.747859971622191, 8.730243546982674 ], [ 77.747793852458571, 8.72120879112385 ], [ 77.756874466475182, 8.721142933172107 ] ] ] } },
{ "type": "Feature", "properties": { "zone_id": "ZONE_R11_C14", "row": 11, "col": 14, "flooded_area_km2": 0.0, "agricultural_exposed_km2": 0.0, "buildings_exposed_count": 0, "roads_exposed_km": 0.0, "total_buildings_count": 11, "total_roads_km": 19.722, "population_exposed_proxy": 0, "land_use_breakdown": { }, "locality_name": "Palayamkottai & South Canal (Sector 11-14)", "priority_score": 0.0, "score_infra": 0.0, "score_agri": 0.0, "rank_infra": 133, "rank_agri": 133, "exposure_class": "LOW", "class_color": "#22c55e", "contributing_factors_json": { "flood_overlap_pct": 0.0, "building_exposure_pct": 0.0, "road_disruption_pct": 0.0, "population_proxy_pct": 0.0, "cropland_loss_pct": 0.0 }, "primary_reason": "Zero flood exposure detected in current satellite pass.", "recommended_action": "Low exposure: Standard monitoring; maintain flood gate surveillance and culvert clearing.", "rank": 403 }, "geometry": { "type": "Polygon", "coordinates": [ [ [ 77.747793852458571, 8.72120879112385 ], [ 77.747859971622191, 8.730243546982674 ], [ 77.738779068661486, 8.730309257329369 ], [ 77.738713167335931, 8.721274432447382 ], [ 77.747793852458571, 8.72120879112385 ] ] ] } },
{ "type": "Feature", "properties": { "zone_id": "ZONE_R11_C12", "row": 11, "col": 12, "flooded_area_km2": 0.0, "agricultural_exposed_km2": 0.0, "buildings_exposed_count": 0, "roads_exposed_km": 0.0, "total_buildings_count": 24, "total_roads_km": 8.396, "population_exposed_proxy": 0, "land_use_breakdown": { }, "locality_name": "Tirunelveli Urban Core (Sector 11-12)", "priority_score": 0.0, "score_infra": 0.0, "score_agri": 0.0, "rank_infra": 133, "rank_agri": 133, "exposure_class": "LOW", "class_color": "#22c55e", "contributing_factors_json": { "flood_overlap_pct": 0.0, "building_exposure_pct": 0.0, "road_disruption_pct": 0.0, "population_proxy_pct": 0.0, "cropland_loss_pct": 0.0 }, "primary_reason": "Zero flood exposure detected in current satellite pass.", "recommended_action": "Low exposure: Standard monitoring; maintain flood gate surveillance and culvert clearing.", "rank": 404 }, "geometry": { "type": "Polygon", "coordinates": [ [ [ 77.729632411341456, 8.721339857134524 ], [ 77.729698094820648, 8.730374750811906 ], [ 77.720617050333885, 8.730440027422132 ], [ 77.720551584709384, 8.721405065177141 ], [ 77.729632411341456, 8.721339857134524 ] ] ] } },
{ "type": "Feature", "properties": { "zone_id": "ZONE_R11_C11", "row": 11, "col": 11, "flooded_area_km2": 0.0, "agricultural_exposed_km2": 0.0, "buildings_exposed_count": 0, "roads_exposed_km": 0.0, "total_buildings_count": 12, "total_roads_km": 9.777, "population_exposed_proxy": 0, "land_use_breakdown": { }, "locality_name": "Tirunelveli Urban Core (Sector 11-11)", "priority_score": 0.0, "score_infra": 0.0, "score_agri": 0.0, "rank_infra": 133, "rank_agri": 133, "exposure_class": "LOW", "class_color": "#22c55e", "contributing_factors_json": { "flood_overlap_pct": 0.0, "building_exposure_pct": 0.0, "road_disruption_pct": 0.0, "population_proxy_pct": 0.0, "cropland_loss_pct": 0.0 }, "primary_reason": "Zero flood exposure detected in current satellite pass.", "recommended_action": "Low exposure: Standard monitoring; maintain flood gate surveillance and culvert clearing.", "rank": 405 }, "geometry": { "type": "Polygon", "coordinates": [ [ [ 77.720551584709384, 8.721405065177141 ], [ 77.720617050333885, 8.730440027422132 ], [ 77.711535935435521, 8.73050508715191 ], [ 77.711470687673952, 8.721470056567105 ], [ 77.720551584709384, 8.721405065177141 ] ] ] } },
{ "type": "Feature", "properties": { "zone_id": "ZONE_R11_C10", "row": 11, "col": 10, "flooded_area_km2": 0.0, "agricultural_exposed_km2": 0.0, "buildings_exposed_count": 0, "roads_exposed_km": 0.0, "total_buildings_count": 11, "total_roads_km": 10.489, "population_exposed_proxy": 0, "land_use_breakdown": { }, "locality_name": "Tirunelveli Urban Core (Sector 11-10)", "priority_score": 0.0, "score_infra": 0.0, "score_agri": 0.0, "rank_infra": 133, "rank_agri": 133, "exposure_class": "LOW", "class_color": "#22c55e", "contributing_factors_json": { "flood_overlap_pct": 0.0, "building_exposure_pct": 0.0, "road_disruption_pct": 0.0, "population_proxy_pct": 0.0, "cropland_loss_pct": 0.0 }, "primary_reason": "Zero flood exposure detected in current satellite pass.", "recommended_action": "Low exposure: Standard monitoring; maintain flood gate surveillance and culvert clearing.", "rank": 406 }, "geometry": { "type": "Polygon", "coordinates": [ [ [ 77.711470687673952, 8.721470056567105 ], [ 77.711535935435521, 8.73050508715191 ], [ 77.702454750359806, 8.73056992999315 ], [ 77.702389720469412, 8.721534831296326 ], [ 77.711470687673952, 8.721470056567105 ] ] ] } },
{ "type": "Feature", "properties": { "zone_id": "ZONE_R11_C09", "row": 11, "col": 9, "flooded_area_km2": 0.0, "agricultural_exposed_km2": 0.0, "buildings_exposed_count": 0, "roads_exposed_km": 0.0, "total_buildings_count": 18, "total_roads_km": 5.623, "population_exposed_proxy": 0, "land_use_breakdown": { }, "locality_name": "Tirunelveli Urban Core (Sector 11-9)", "priority_score": 0.0, "score_infra": 0.0, "score_agri": 0.0, "rank_infra": 133, "rank_agri": 133, "exposure_class": "LOW", "class_color": "#22c55e", "contributing_factors_json": { "flood_overlap_pct": 0.0, "building_exposure_pct": 0.0, "road_disruption_pct": 0.0, "population_proxy_pct": 0.0, "cropland_loss_pct": 0.0 }, "primary_reason": "Zero flood exposure detected in current satellite pass.", "recommended_action": "Low exposure: Standard monitoring; maintain flood gate surveillance and culvert clearing.", "rank": 407 }, "geometry": { "type": "Polygon", "coordinates": [ [ [ 77.702389720469412, 8.721534831296326 ], [ 77.702454750359806, 8.73056992999315 ], [ 77.693373495341021, 8.730634555937771 ], [ 77.693308683330017, 8.721599389356738 ], [ 77.702389720469412, 8.721534831296326 ] ] ] } },
{ "type": "Feature", "properties": { "zone_id": "ZONE_R11_C08", "row": 11, "col": 8, "flooded_area_km2": 0.0, "agricultural_exposed_km2": 0.0, "buildings_exposed_count": 0, "roads_exposed_km": 0.0, "total_buildings_count": 12, "total_roads_km": 14.105, "population_exposed_proxy": 0, "land_use_breakdown": { }, "locality_name": "Tirunelveli Urban Core (Sector 11-8)", "priority_score": 0.0, "score_infra": 0.0, "score_agri": 0.0, "rank_infra": 133, "rank_agri": 133, "exposure_class": "LOW", "class_color": "#22c55e", "contributing_factors_json": { "flood_overlap_pct": 0.0, "building_exposure_pct": 0.0, "road_disruption_pct": 0.0, "population_proxy_pct": 0.0, "cropland_loss_pct": 0.0 }, "primary_reason": "Zero flood exposure detected in current satellite pass.", "recommended_action": "Low exposure: Standard monitoring; maintain flood gate surveillance and culvert clearing.", "rank": 408 }, "geometry": { "type": "Polygon", "coordinates": [ [ [ 77.693308683330017, 8.721599389356738 ], [ 77.693373495341021, 8.730634555937771 ], [ 77.68429217061346, 8.730698964977728 ], [ 77.684227576490045, 8.721663730740309 ], [ 77.693308683330017, 8.721599389356738 ] ] ] } },
{ "type": "Feature", "properties": { "zone_id": "ZONE_R11_C01", "row": 11, "col": 1, "flooded_area_km2": 0.0, "agricultural_exposed_km2": 0.0, "buildings_exposed_count": 0, "roads_exposed_km": 0.0, "total_buildings_count": 7, "total_roads_km": 2.418, "population_exposed_proxy": 0, "land_use_breakdown": { }, "locality_name": "West Highland & Catchment (Sector 11-1)", "priority_score": 0.0, "score_infra": 0.0, "score_agri": 0.0, "rank_infra": 133, "rank_agri": 133, "exposure_class": "LOW", "class_color": "#22c55e", "contributing_factors_json": { "flood_overlap_pct": 0.0, "building_exposure_pct": 0.0, "road_disruption_pct": 0.0, "population_proxy_pct": 0.0, "cropland_loss_pct": 0.0 }, "primary_reason": "Zero flood exposure detected in current satellite pass.", "recommended_action": "Low exposure: Standard monitoring; maintain flood gate surveillance and culvert clearing.", "rank": 409 }, "geometry": { "type": "Polygon", "coordinates": [ [ [ 77.629739484858007, 8.722045228381155 ], [ 77.629802771485629, 8.731080863772254 ], [ 77.620720965357705, 8.731143754256493 ], [ 77.620657896674189, 8.72210805280397 ], [ 77.629739484858007, 8.722045228381155 ] ] ] } },
{ "type": "Feature", "properties": { "zone_id": "ZONE_R10_C22", "row": 10, "col": 22, "flooded_area_km2": 0.0, "agricultural_exposed_km2": 0.0, "buildings_exposed_count": 0, "roads_exposed_km": 0.0, "total_buildings_count": 0, "total_roads_km": 0.899, "population_exposed_proxy": 0, "land_use_breakdown": { }, "locality_name": "East Thamirabarani Basin (Sector 10-22)", "priority_score": 0.0, "score_infra": 0.0, "score_agri": 0.0, "rank_infra": 133, "rank_agri": 133, "exposure_class": "LOW", "class_color": "#22c55e", "contributing_factors_json": { "flood_overlap_pct": 0.0, "building_exposure_pct": 0.0, "road_disruption_pct": 0.0, "population_proxy_pct": 0.0, "cropland_loss_pct": 0.0 }, "primary_reason": "Zero flood exposure detected in current satellite pass.", "recommended_action": "Low exposure: Standard monitoring; maintain flood gate surveillance and culvert clearing.", "rank": 410 }, "geometry": { "type": "Polygon", "coordinates": [ [ [ 77.819324177064018, 8.729718838191642 ], [ 77.819392083277151, 8.738753038073174 ], [ 77.811492004576053, 8.738811764556656 ], [ 77.811424288027467, 8.729777503049977 ], [ 77.819324177064018, 8.729718838191642 ] ] ] } },
{ "type": "Feature", "properties": { "zone_id": "ZONE_R10_C21", "row": 10, "col": 21, "flooded_area_km2": 0.0, "agricultural_exposed_km2": 0.0, "buildings_exposed_count": 0, "roads_exposed_km": 0.0, "total_buildings_count": 0, "total_roads_km": 2.792, "population_exposed_proxy": 0, "land_use_breakdown": { }, "locality_name": "East Thamirabarani Basin (Sector 10-21)", "priority_score": 0.0, "score_infra": 0.0, "score_agri": 0.0, "rank_infra": 133, "rank_agri": 133, "exposure_class": "LOW", "class_color": "#22c55e", "contributing_factors_json": { "flood_overlap_pct": 0.0, "building_exposure_pct": 0.0, "road_disruption_pct": 0.0, "population_proxy_pct": 0.0, "cropland_loss_pct": 0.0 }, "primary_reason": "Zero flood exposure detected in current satellite pass.", "recommended_action": "Low exposure: Standard monitoring; maintain flood gate surveillance and culvert clearing.", "rank": 411 }, "geometry": { "type": "Polygon", "coordinates": [ [ [ 77.811424288027467, 8.729777503049977 ], [ 77.811492004576053, 8.738811764556656 ], [ 77.802411386321538, 8.738879063342466 ], [ 77.802343887786179, 8.729844731215202 ], [ 77.811424288027467, 8.729777503049977 ] ] ] } },
{ "type": "Feature", "properties": { "zone_id": "ZONE_R10_C19", "row": 10, "col": 19, "flooded_area_km2": 0.0, "agricultural_exposed_km2": 0.0, "buildings_exposed_count": 0, "roads_exposed_km": 0.0, "total_buildings_count": 0, "total_roads_km": 2.323, "population_exposed_proxy": 0, "land_use_breakdown": { }, "locality_name": "East Thamirabarani Basin (Sector 10-19)", "priority_score": 0.0, "score_infra": 0.0, "score_agri": 0.0, "rank_infra": 133, "rank_agri": 133, "exposure_class": "LOW", "class_color": "#22c55e", "contributing_factors_json": { "flood_overlap_pct": 0.0, "building_exposure_pct": 0.0, "road_disruption_pct": 0.0, "population_proxy_pct": 0.0, "cropland_loss_pct": 0.0 }, "primary_reason": "Zero flood exposure detected in current satellite pass.", "recommended_action": "Low exposure: Standard monitoring; maintain flood gate surveillance and culvert clearing.", "rank": 412 }, "geometry": { "type": "Polygon", "coordinates": [ [ [ 77.793263415025223, 8.7299117425741 ], [ 77.793330695538828, 8.738946145094234 ], [ 77.784249932462146, 8.7390130098036 ], [ 77.78418286997875, 8.729978537118329 ], [ 77.793263415025223, 8.7299117425741 ] ] ] } },
{ "type": "Feature", "properties": { "zone_id": "ZONE_R06_C02", "row": 6, "col": 2, "flooded_area_km2": 0.0, "agricultural_exposed_km2": 0.0, "buildings_exposed_count": 0, "roads_exposed_km": 0.0, "total_buildings_count": 0, "total_roads_km": 2.896, "population_exposed_proxy": 0, "land_use_breakdown": { }, "locality_name": "North Basin & Agricultural Belt (Sector 6-2)", "priority_score": 0.0, "score_infra": 0.0, "score_agri": 0.0, "rank_infra": 133, "rank_agri": 133, "exposure_class": "LOW", "class_color": "#22c55e", "contributing_factors_json": { "flood_overlap_pct": 0.0, "building_exposure_pct": 0.0, "road_disruption_pct": 0.0, "population_proxy_pct": 0.0, "cropland_loss_pct": 0.0 }, "primary_reason": "Zero flood exposure detected in current satellite pass.", "recommended_action": "Low exposure: Standard monitoring; maintain flood gate surveillance and culvert clearing.", "rank": 413 }, "geometry": { "type": "Polygon", "coordinates": [ [ [ 77.639139210908496, 8.767159985156502 ], [ 77.63920305706668, 8.776195530445042 ], [ 77.630120225810728, 8.776258969381907 ], [ 77.630056598760731, 8.767223357788763 ], [ 77.639139210908496, 8.767159985156502 ] ] ] } },
{ "type": "Feature", "properties": { "zone_id": "ZONE_R10_C18", "row": 10, "col": 18, "flooded_area_km2": 0.0, "agricultural_exposed_km2": 0.0, "buildings_exposed_count": 0, "roads_exposed_km": 0.0, "total_buildings_count": 0, "total_roads_km": 3.818, "population_exposed_proxy": 0, "land_use_breakdown": { }, "locality_name": "Palayamkottai & South Canal (Sector 10-18)", "priority_score": 0.0, "score_infra": 0.0, "score_agri": 0.0, "rank_infra": 133, "rank_agri": 133, "exposure_class": "LOW", "class_color": "#22c55e", "contributing_factors_json": { "flood_overlap_pct": 0.0, "building_exposure_pct": 0.0, "road_disruption_pct": 0.0, "population_proxy_pct": 0.0, "cropland_loss_pct": 0.0 }, "primary_reason": "Zero flood exposure detected in current satellite pass.", "recommended_action": "Low exposure: Standard monitoring; maintain flood gate surveillance and culvert clearing.", "rank": 414 }, "geometry": { "type": "Polygon", "coordinates": [ [ [ 77.78418286997875, 8.729978537118329 ], [ 77.784249932462146, 8.7390130098036 ], [ 77.775169097325687, 8.739079657462243 ], [ 77.775102252881027, 8.73004511483958 ], [ 77.78418286997875, 8.729978537118329 ] ] ] } },
{ "type": "Feature", "properties": { "zone_id": "ZONE_R10_C17", "row": 10, "col": 17, "flooded_area_km2": 0.0, "agricultural_exposed_km2": 0.0, "buildings_exposed_count": 0, "roads_exposed_km": 0.0, "total_buildings_count": 0, "total_roads_km": 4.578, "population_exposed_proxy": 0, "land_use_breakdown": { }, "locality_name": "Palayamkottai & South Canal (Sector 10-17)", "priority_score": 0.0, "score_infra": 0.0, "score_agri": 0.0, "rank_infra": 133, "rank_agri": 133, "exposure_class": "LOW", "class_color": "#22c55e", "contributing_factors_json": { "flood_overlap_pct": 0.0, "building_exposure_pct": 0.0, "road_disruption_pct": 0.0, "population_proxy_pct": 0.0, "cropland_loss_pct": 0.0 }, "primary_reason": "Zero flood exposure detected in current satellite pass.", "recommended_action": "Low exposure: Standard monitoring; maintain flood gate surveillance and culvert clearing.", "rank": 415 }, "geometry": { "type": "Polygon", "coordinates": [ [ [ 77.775102252881027, 8.73004511483958 ], [ 77.775169097325687, 8.739079657462243 ], [ 77.766088190363732, 8.739146088061867 ], [ 77.766021563966206, 8.730111475729558 ], [ 77.775102252881027, 8.73004511483958 ] ] ] } },
{ "type": "Feature", "properties": { "zone_id": "ZONE_R10_C13", "row": 10, "col": 13, "flooded_area_km2": 0.0, "agricultural_exposed_km2": 0.0, "buildings_exposed_count": 0, "roads_exposed_km": 0.0, "total_buildings_count": 0, "total_roads_km": 5.357, "population_exposed_proxy": 0, "land_use_breakdown": { }, "locality_name": "Tirunelveli Urban Core (Sector 10-13)", "priority_score": 0.0, "score_infra": 0.0, "score_agri": 0.0, "rank_infra": 133, "rank_agri": 133, "exposure_class": "LOW", "class_color": "#22c55e", "contributing_factors_json": { "flood_overlap_pct": 0.0, "building_exposure_pct": 0.0, "road_disruption_pct": 0.0, "population_proxy_pct": 0.0, "cropland_loss_pct": 0.0 }, "primary_reason": "Zero flood exposure detected in current satellite pass.", "recommended_action": "Low exposure: Standard monitoring; maintain flood gate surveillance and culvert clearing.", "rank": 416 }, "geometry": { "type": "Polygon", "coordinates": [ [ [ 77.738779068661486, 8.730309257329369 ], [ 77.738845040867218, 8.739344077424034 ], [ 77.729763848945723, 8.739409639705134 ], [ 77.729698094820648, 8.730374750811906 ], [ 77.738779068661486, 8.730309257329369 ] ] ] } },
{ "type": "Feature", "properties": { "zone_id": "ZONE_R10_C12", "row": 10, "col": 12, "flooded_area_km2": 0.0, "agricultural_exposed_km2": 0.0, "buildings_exposed_count": 0, "roads_exposed_km": 0.0, "total_buildings_count": 10, "total_roads_km": 8.396, "population_exposed_proxy": 0, "land_use_breakdown": { }, "locality_name": "Tirunelveli Urban Core (Sector 10-12)", "priority_score": 0.0, "score_infra": 0.0, "score_agri": 0.0, "rank_infra": 133, "rank_agri": 133, "exposure_class": "LOW", "class_color": "#22c55e", "contributing_factors_json": { "flood_overlap_pct": 0.0, "building_exposure_pct": 0.0, "road_disruption_pct": 0.0, "population_proxy_pct": 0.0, "cropland_loss_pct": 0.0 }, "primary_reason": "Zero flood exposure detected in current satellite pass.", "recommended_action": "Low exposure: Standard monitoring; maintain flood gate surveillance and culvert clearing.", "rank": 417 }, "geometry": { "type": "Polygon", "coordinates": [ [ [ 77.729698094820648, 8.730374750811906 ], [ 77.729763848945723, 8.739409639705134 ], [ 77.720682586370032, 8.739474984886122 ], [ 77.720617050333885, 8.730440027422132 ], [ 77.729698094820648, 8.730374750811906 ] ] ] } },
{ "type": "Feature", "properties": { "zone_id": "ZONE_R10_C11", "row": 10, "col": 11, "flooded_area_km2": 0.0, "agricultural_exposed_km2": 0.0, "buildings_exposed_count": 0, "roads_exposed_km": 0.0, "total_buildings_count": 10, "total_roads_km": 13.161, "population_exposed_proxy": 0, "land_use_breakdown": { }, "locality_name": "Tirunelveli Urban Core (Sector 10-11)", "priority_score": 0.0, "score_infra": 0.0, "score_agri": 0.0, "rank_infra": 133, "rank_agri": 133, "exposure_class": "LOW", "class_color": "#22c55e", "contributing_factors_json": { "flood_overlap_pct": 0.0, "building_exposure_pct": 0.0, "road_disruption_pct": 0.0, "population_proxy_pct": 0.0, "cropland_loss_pct": 0.0 }, "primary_reason": "Zero flood exposure detected in current satellite pass.", "recommended_action": "Low exposure: Standard monitoring; maintain flood gate surveillance and culvert clearing.", "rank": 418 }, "geometry": { "type": "Polygon", "coordinates": [ [ [ 77.720617050333885, 8.730440027422132 ], [ 77.720682586370032, 8.739474984886122 ], [ 77.71160125337444, 8.739540112958869 ], [ 77.711535935435521, 8.73050508715191 ], [ 77.720617050333885, 8.730440027422132 ] ] ] } },
{ "type": "Feature", "properties": { "zone_id": "ZONE_R10_C06", "row": 10, "col": 6, "flooded_area_km2": 0.0, "agricultural_exposed_km2": 0.0, "buildings_exposed_count": 0, "roads_exposed_km": 0.0, "total_buildings_count": 1, "total_roads_km": 12.083, "population_exposed_proxy": 0, "land_use_breakdown": { }, "locality_name": "West Highland & Catchment (Sector 10-6)", "priority_score": 0.0, "score_infra": 0.0, "score_agri": 0.0, "rank_infra": 133, "rank_agri": 133, "exposure_class": "LOW", "class_color": "#22c55e", "contributing_factors_json": { "flood_overlap_pct": 0.0, "building_exposure_pct": 0.0, "road_disruption_pct": 0.0, "population_proxy_pct": 0.0, "cropland_loss_pct": 0.0 }, "primary_reason": "Zero flood exposure detected in current satellite pass.", "recommended_action": "Low exposure: Standard monitoring; maintain flood gate surveillance and culvert clearing.", "rank": 419 }, "geometry": { "type": "Polygon", "coordinates": [ [ [ 77.675210776411461, 8.730763157104999 ], [ 77.675275221879289, 8.739798454005623 ], [ 77.666193540298934, 8.739862496416038 ], [ 77.666129312969275, 8.730827132311592 ], [ 77.675210776411461, 8.730763157104999 ] ] ] } },
{ "type": "Feature", "properties": { "zone_id": "ZONE_R10_C05", "row": 10, "col": 5, "flooded_area_km2": 0.0, "agricultural_exposed_km2": 0.0, "buildings_exposed_count": 0, "roads_exposed_km": 0.0, "total_buildings_count": 10, "total_roads_km": 3.716, "population_exposed_proxy": 0, "land_use_breakdown": { }, "locality_name": "West Highland & Catchment (Sector 10-5)", "priority_score": 0.0, "score_infra": 0.0, "score_agri": 0.0, "rank_infra": 133, "rank_agri": 133, "exposure_class": "LOW", "class_color": "#22c55e", "contributing_factors_json": { "flood_overlap_pct": 0.0, "building_exposure_pct": 0.0, "road_disruption_pct": 0.0, "population_proxy_pct": 0.0, "cropland_loss_pct": 0.0 }, "primary_reason": "Zero flood exposure detected in current satellite pass.", "recommended_action": "Low exposure: Standard monitoring; maintain flood gate surveillance and culvert clearing.", "rank": 420 }, "geometry": { "type": "Polygon", "coordinates": [ [ [ 77.666129312969275, 8.730827132311592 ], [ 77.666193540298934, 8.739862496416038 ], [ 77.657111789704643, 8.739926321669955 ], [ 77.657047780521282, 8.730890890589544 ], [ 77.666129312969275, 8.730827132311592 ] ] ] } },
{ "type": "Feature", "properties": { "zone_id": "ZONE_R10_C04", "row": 10, "col": 4, "flooded_area_km2": 0.0, "agricultural_exposed_km2": 0.0, "buildings_exposed_count": 0, "roads_exposed_km": 0.0, "total_buildings_count": 4, "total_roads_km": 1.685, "population_exposed_proxy": 0, "land_use_breakdown": { }, "locality_name": "West Highland & Catchment (Sector 10-4)", "priority_score": 0.0, "score_infra": 0.0, "score_agri": 0.0, "rank_infra": 133, "rank_agri": 133, "exposure_class": "LOW", "class_color": "#22c55e", "contributing_factors_json": { "flood_overlap_pct": 0.0, "building_exposure_pct": 0.0, "road_disruption_pct": 0.0, "population_proxy_pct": 0.0, "cropland_loss_pct": 0.0 }, "primary_reason": "Zero flood exposure detected in current satellite pass.", "recommended_action": "Low exposure: Standard monitoring; maintain flood gate surveillance and culvert clearing.", "rank": 421 }, "geometry": { "type": "Polygon", "coordinates": [ [ [ 77.657047780521282, 8.730890890589544 ], [ 77.657111789704643, 8.739926321669955 ], [ 77.648029970330754, 8.739989929759428 ], [ 77.647966179301775, 8.730954431930904 ], [ 77.657047780521282, 8.730890890589544 ] ] ] } },
{ "type": "Feature", "properties": { "zone_id": "ZONE_R10_C02", "row": 10, "col": 2, "flooded_area_km2": 0.0, "agricultural_exposed_km2": 0.0, "buildings_exposed_count": 0, "roads_exposed_km": 0.0, "total_buildings_count": 303, "total_roads_km": 11.231, "population_exposed_proxy": 0, "land_use_breakdown": { }, "locality_name": "West Highland & Catchment (Sector 10-2)", "priority_score": 0.0, "score_infra": 0.0, "score_agri": 0.0, "rank_infra": 133, "rank_agri": 133, "exposure_class": "LOW", "class_color": "#22c55e", "contributing_factors_json": { "flood_overlap_pct": 0.0, "building_exposure_pct": 0.0, "road_disruption_pct": 0.0, "population_proxy_pct": 0.0, "cropland_loss_pct": 0.0 }, "primary_reason": "Zero flood exposure detected in current satellite pass.", "recommended_action": "Low exposure: Standard monitoring; maintain flood gate surveillance and culvert clearing.", "rank": 422 }, "geometry": { "type": "Polygon", "coordinates": [ [ [ 77.638884509545107, 8.731017756327772 ], [ 77.638948082411645, 8.74005332067653 ], [ 77.62986612618171, 8.740116494413366 ], [ 77.629802771485629, 8.731080863772254 ], [ 77.638884509545107, 8.731017756327772 ] ] ] } },
{ "type": "Feature", "properties": { "zone_id": "ZONE_R10_C01", "row": 10, "col": 1, "flooded_area_km2": 0.0, "agricultural_exposed_km2": 0.0, "buildings_exposed_count": 0, "roads_exposed_km": 0.0, "total_buildings_count": 13, "total_roads_km": 5.789, "population_exposed_proxy": 0, "land_use_breakdown": { }, "locality_name": "West Highland & Catchment (Sector 10-1)", "priority_score": 0.0, "score_infra": 0.0, "score_agri": 0.0, "rank_infra": 133, "rank_agri": 133, "exposure_class": "LOW", "class_color": "#22c55e", "contributing_factors_json": { "flood_overlap_pct": 0.0, "building_exposure_pct": 0.0, "road_disruption_pct": 0.0, "population_proxy_pct": 0.0, "cropland_loss_pct": 0.0 }, "primary_reason": "Zero flood exposure detected in current satellite pass.", "recommended_action": "Low exposure: Standard monitoring; maintain flood gate surveillance and culvert clearing.", "rank": 423 }, "geometry": { "type": "Polygon", "coordinates": [ [ [ 77.629802771485629, 8.731080863772254 ], [ 77.62986612618171, 8.740116494413366 ], [ 77.620784101875302, 8.740179450962072 ], [ 77.620720965357705, 8.731143754256493 ], [ 77.629802771485629, 8.731080863772254 ] ] ] } },
{ "type": "Feature", "properties": { "zone_id": "ZONE_R09_C22", "row": 9, "col": 22, "flooded_area_km2": 0.0, "agricultural_exposed_km2": 0.0, "buildings_exposed_count": 0, "roads_exposed_km": 0.0, "total_buildings_count": 0, "total_roads_km": 0.373, "population_exposed_proxy": 0, "land_use_breakdown": { }, "locality_name": "East Thamirabarani Basin (Sector 9-22)", "priority_score": 0.0, "score_infra": 0.0, "score_agri": 0.0, "rank_infra": 133, "rank_agri": 133, "exposure_class": "LOW", "class_color": "#22c55e", "contributing_factors_json": { "flood_overlap_pct": 0.0, "building_exposure_pct": 0.0, "road_disruption_pct": 0.0, "population_proxy_pct": 0.0, "cropland_loss_pct": 0.0 }, "primary_reason": "Zero flood exposure detected in current satellite pass.", "recommended_action": "Low exposure: Standard monitoring; maintain flood gate surveillance and culvert clearing.", "rank": 424 }, "geometry": { "type": "Polygon", "coordinates": [ [ [ 77.819392083277151, 8.738753038073174 ], [ 77.819460062456457, 8.747787233133948 ], [ 77.811559793887056, 8.747846021245419 ], [ 77.811492004576053, 8.738811764556656 ], [ 77.819392083277151, 8.738753038073174 ] ] ] } },
{ "type": "Feature", "properties": { "zone_id": "ZONE_R11_C17", "row": 11, "col": 17, "flooded_area_km2": 0.0, "agricultural_exposed_km2": 0.0, "buildings_exposed_count": 0, "roads_exposed_km": 0.0, "total_buildings_count": 1, "total_roads_km": 15.342, "population_exposed_proxy": 0, "land_use_breakdown": { }, "locality_name": "Palayamkottai & South Canal (Sector 11-17)", "priority_score": 0.0, "score_infra": 0.0, "score_agri": 0.0, "rank_infra": 133, "rank_agri": 133, "exposure_class": "LOW", "class_color": "#22c55e", "contributing_factors_json": { "flood_overlap_pct": 0.0, "building_exposure_pct": 0.0, "road_disruption_pct": 0.0, "population_proxy_pct": 0.0, "cropland_loss_pct": 0.0 }, "primary_reason": "Zero flood exposure detected in current satellite pass.", "recommended_action": "Low exposure: Standard monitoring; maintain flood gate surveillance and culvert clearing.", "rank": 425 }, "geometry": { "type": "Polygon", "coordinates": [ [ [ 77.775035480253422, 8.72101056741681 ], [ 77.775102252881027, 8.73004511483958 ], [ 77.766021563966206, 8.730111475729558 ], [ 77.765955009151526, 8.721076858600355 ], [ 77.775035480253422, 8.72101056741681 ] ] ] } },
{ "type": "Feature", "properties": { "zone_id": "ZONE_R11_C18", "row": 11, "col": 18, "flooded_area_km2": 0.0, "agricultural_exposed_km2": 0.0, "buildings_exposed_count": 0, "roads_exposed_km": 0.0, "total_buildings_count": 0, "total_roads_km": 12.575, "population_exposed_proxy": 0, "land_use_breakdown": { }, "locality_name": "Palayamkottai & South Canal (Sector 11-18)", "priority_score": 0.0, "score_infra": 0.0, "score_agri": 0.0, "rank_infra": 133, "rank_agri": 133, "exposure_class": "LOW", "class_color": "#22c55e", "contributing_factors_json": { "flood_overlap_pct": 0.0, "building_exposure_pct": 0.0, "road_disruption_pct": 0.0, "population_proxy_pct": 0.0, "cropland_loss_pct": 0.0 }, "primary_reason": "Zero flood exposure detected in current satellite pass.", "recommended_action": "Low exposure: Standard monitoring; maintain flood gate surveillance and culvert clearing.", "rank": 426 }, "geometry": { "type": "Polygon", "coordinates": [ [ [ 77.784115879546675, 8.720944059629739 ], [ 77.78418286997875, 8.729978537118329 ], [ 77.775102252881027, 8.73004511483958 ], [ 77.775035480253422, 8.72101056741681 ], [ 77.784115879546675, 8.720944059629739 ] ] ] } },
{ "type": "Feature", "properties": { "zone_id": "ZONE_R11_C19", "row": 11, "col": 19, "flooded_area_km2": 0.0, "agricultural_exposed_km2": 0.0, "buildings_exposed_count": 0, "roads_exposed_km": 0.0, "total_buildings_count": 0, "total_roads_km": 1.132, "population_exposed_proxy": 0, "land_use_breakdown": { }, "locality_name": "East Thamirabarani Basin (Sector 11-19)", "priority_score": 0.0, "score_infra": 0.0, "score_agri": 0.0, "rank_infra": 133, "rank_agri": 133, "exposure_class": "LOW", "class_color": "#22c55e", "contributing_factors_json": { "flood_overlap_pct": 0.0, "building_exposure_pct": 0.0, "road_disruption_pct": 0.0, "population_proxy_pct": 0.0, "cropland_loss_pct": 0.0 }, "primary_reason": "Zero flood exposure detected in current satellite pass.", "recommended_action": "Low exposure: Standard monitoring; maintain flood gate surveillance and culvert clearing.", "rank": 427 }, "geometry": { "type": "Polygon", "coordinates": [ [ [ 77.793196206797077, 8.720877335247412 ], [ 77.793263415025223, 8.7299117425741 ], [ 77.78418286997875, 8.729978537118329 ], [ 77.784115879546675, 8.720944059629739 ], [ 77.793196206797077, 8.720877335247412 ] ] ] } },
{ "type": "Feature", "properties": { "zone_id": "ZONE_R11_C20", "row": 11, "col": 20, "flooded_area_km2": 0.0, "agricultural_exposed_km2": 0.0, "buildings_exposed_count": 0, "roads_exposed_km": 0.0, "total_buildings_count": 0, "total_roads_km": 2.933, "population_exposed_proxy": 0, "land_use_breakdown": { }, "locality_name": "East Thamirabarani Basin (Sector 11-20)", "priority_score": 0.0, "score_infra": 0.0, "score_agri": 0.0, "rank_infra": 133, "rank_agri": 133, "exposure_class": "LOW", "class_color": "#22c55e", "contributing_factors_json": { "flood_overlap_pct": 0.0, "building_exposure_pct": 0.0, "road_disruption_pct": 0.0, "population_proxy_pct": 0.0, "cropland_loss_pct": 0.0 }, "primary_reason": "Zero flood exposure detected in current satellite pass.", "recommended_action": "Low exposure: Standard monitoring; maintain flood gate surveillance and culvert clearing.", "rank": 428 }, "geometry": { "type": "Polygon", "coordinates": [ [ [ 77.802276461770504, 8.720810394278141 ], [ 77.802343887786179, 8.729844731215202 ], [ 77.793263415025223, 8.7299117425741 ], [ 77.793196206797077, 8.720877335247412 ], [ 77.802276461770504, 8.720810394278141 ] ] ] } },
{ "type": "Feature", "properties": { "zone_id": "ZONE_R13_C20", "row": 13, "col": 20, "flooded_area_km2": 0.0, "agricultural_exposed_km2": 0.0, "buildings_exposed_count": 0, "roads_exposed_km": 0.0, "total_buildings_count": 0, "total_roads_km": 0.32, "population_exposed_proxy": 0, "land_use_breakdown": { }, "locality_name": "East Thamirabarani Basin (Sector 13-20)", "priority_score": 0.0, "score_infra": 0.0, "score_agri": 0.0, "rank_infra": 133, "rank_agri": 133, "exposure_class": "LOW", "class_color": "#22c55e", "contributing_factors_json": { "flood_overlap_pct": 0.0, "building_exposure_pct": 0.0, "road_disruption_pct": 0.0, "population_proxy_pct": 0.0, "cropland_loss_pct": 0.0 }, "primary_reason": "Zero flood exposure detected in current satellite pass.", "recommended_action": "Low exposure: Standard monitoring; maintain flood gate surveillance and culvert clearing.", "rank": 429 }, "geometry": { "type": "Polygon", "coordinates": [ [ [ 77.802141827264123, 8.702741705994118 ], [ 77.802209108265984, 8.711776052536157 ], [ 77.79312907084595, 8.711842923119042 ], [ 77.793062007163357, 8.70280850619385 ], [ 77.802141827264123, 8.702741705994118 ] ] ] } },
{ "type": "Feature", "properties": { "zone_id": "ZONE_R13_C19", "row": 13, "col": 19, "flooded_area_km2": 0.0, "agricultural_exposed_km2": 0.0, "buildings_exposed_count": 0, "roads_exposed_km": 0.0, "total_buildings_count": 2, "total_roads_km": 2.815, "population_exposed_proxy": 0, "land_use_breakdown": { }, "locality_name": "East Thamirabarani Basin (Sector 13-19)", "priority_score": 0.0, "score_infra": 0.0, "score_agri": 0.0, "rank_infra": 133, "rank_agri": 133, "exposure_class": "LOW", "class_color": "#22c55e", "contributing_factors_json": { "flood_overlap_pct": 0.0, "building_exposure_pct": 0.0, "road_disruption_pct": 0.0, "population_proxy_pct": 0.0, "cropland_loss_pct": 0.0 }, "primary_reason": "Zero flood exposure detected in current satellite pass.", "recommended_action": "Low exposure: Standard monitoring; maintain flood gate surveillance and culvert clearing.", "rank": 430 }, "geometry": { "type": "Polygon", "coordinates": [ [ [ 77.793062007163357, 8.70280850619385 ], [ 77.79312907084595, 8.711842923119042 ], [ 77.78404896115741, 8.71190957734269 ], [ 77.783982114802527, 8.702875090262044 ], [ 77.793062007163357, 8.70280850619385 ] ] ] } },
{ "type": "Feature", "properties": { "zone_id": "ZONE_R13_C18", "row": 13, "col": 18, "flooded_area_km2": 0.0, "agricultural_exposed_km2": 0.0, "buildings_exposed_count": 0, "roads_exposed_km": 0.0, "total_buildings_count": 1, "total_roads_km": 5.131, "population_exposed_proxy": 0, "land_use_breakdown": { }, "locality_name": "Palayamkottai & South Canal (Sector 13-18)", "priority_score": 0.0, "score_infra": 0.0, "score_agri": 0.0, "rank_infra": 133, "rank_agri": 133, "exposure_class": "LOW", "class_color": "#22c55e", "contributing_factors_json": { "flood_overlap_pct": 0.0, "building_exposure_pct": 0.0, "road_disruption_pct": 0.0, "population_proxy_pct": 0.0, "cropland_loss_pct": 0.0 }, "primary_reason": "Zero flood exposure detected in current satellite pass.", "recommended_action": "Low exposure: Standard monitoring; maintain flood gate surveillance and culvert clearing.", "rank": 431 }, "geometry": { "type": "Polygon", "coordinates": [ [ [ 77.783982114802527, 8.702875090262044 ], [ 77.78404896115741, 8.71190957734269 ], [ 77.774968779434488, 8.711976015198806 ], [ 77.774902150415755, 8.702941458190418 ], [ 77.783982114802527, 8.702875090262044 ] ] ] } },
{ "type": "Feature", "properties": { "zone_id": "ZONE_R13_C17", "row": 13, "col": 17, "flooded_area_km2": 0.0, "agricultural_exposed_km2": 0.0, "buildings_exposed_count": 0, "roads_exposed_km": 0.0, "total_buildings_count": 4, "total_roads_km": 9.398, "population_exposed_proxy": 0, "land_use_breakdown": { }, "locality_name": "Palayamkottai & South Canal (Sector 13-17)", "priority_score": 0.0, "score_infra": 0.0, "score_agri": 0.0, "rank_infra": 133, "rank_agri": 133, "exposure_class": "LOW", "class_color": "#22c55e", "contributing_factors_json": { "flood_overlap_pct": 0.0, "building_exposure_pct": 0.0, "road_disruption_pct": 0.0, "population_proxy_pct": 0.0, "cropland_loss_pct": 0.0 }, "primary_reason": "Zero flood exposure detected in current satellite pass.", "recommended_action": "Low exposure: Standard monitoring; maintain flood gate surveillance and culvert clearing.", "rank": 432 }, "geometry": { "type": "Polygon", "coordinates": [ [ [ 77.774902150415755, 8.702941458190418 ], [ 77.774968779434488, 8.711976015198806 ], [ 77.765888525911336, 8.712042236679117 ], [ 77.765822114237181, 8.703007609970703 ], [ 77.774902150415755, 8.702941458190418 ] ] ] } },
{ "type": "Feature", "properties": { "zone_id": "ZONE_R13_C16", "row": 13, "col": 16, "flooded_area_km2": 0.0, "agricultural_exposed_km2": 0.0, "buildings_exposed_count": 0, "roads_exposed_km": 0.0, "total_buildings_count": 198, "total_roads_km": 9.808, "population_exposed_proxy": 0, "land_use_breakdown": { }, "locality_name": "Palayamkottai & South Canal (Sector 13-16)", "priority_score": 0.0, "score_infra": 0.0, "score_agri": 0.0, "rank_infra": 133, "rank_agri": 133, "exposure_class": "LOW", "class_color": "#22c55e", "contributing_factors_json": { "flood_overlap_pct": 0.0, "building_exposure_pct": 0.0, "road_disruption_pct": 0.0, "population_proxy_pct": 0.0, "cropland_loss_pct": 0.0 }, "primary_reason": "Zero flood exposure detected in current satellite pass.", "recommended_action": "Low exposure: Standard monitoring; maintain flood gate surveillance and culvert clearing.", "rank": 433 }, "geometry": { "type": "Polygon", "coordinates": [ [ [ 77.765822114237181, 8.703007609970703 ], [ 77.765888525911336, 8.712042236679117 ], [ 77.756808200822107, 8.712108241775383 ], [ 77.756742006500914, 8.703073545594668 ], [ 77.765822114237181, 8.703007609970703 ] ] ] } },
{ "type": "Feature", "properties": { "zone_id": "ZONE_R13_C15", "row": 13, "col": 15, "flooded_area_km2": 0.0, "agricultural_exposed_km2": 0.0, "buildings_exposed_count": 0, "roads_exposed_km": 0.0, "total_buildings_count": 21, "total_roads_km": 15.148, "population_exposed_proxy": 0, "land_use_breakdown": { }, "locality_name": "Palayamkottai & South Canal (Sector 13-15)", "priority_score": 0.0, "score_infra": 0.0, "score_agri": 0.0, "rank_infra": 133, "rank_agri": 133, "exposure_class": "LOW", "class_color": "#22c55e", "contributing_factors_json": { "flood_overlap_pct": 0.0, "building_exposure_pct": 0.0, "road_disruption_pct": 0.0, "population_proxy_pct": 0.0, "cropland_loss_pct": 0.0 }, "primary_reason": "Zero flood exposure detected in current satellite pass.", "recommended_action": "Low exposure: Standard monitoring; maintain flood gate surveillance and culvert clearing.", "rank": 434 }, "geometry": { "type": "Polygon", "coordinates": [ [ [ 77.756742006500914, 8.703073545594668 ], [ 77.756808200822107, 8.712108241775383 ], [ 77.747727804400995, 8.712174030479376 ], [ 77.747661827441135, 8.7031392650541 ], [ 77.756742006500914, 8.703073545594668 ] ] ] } },
{ "type": "Feature", "properties": { "zone_id": "ZONE_R13_C12", "row": 13, "col": 12, "flooded_area_km2": 0.0, "agricultural_exposed_km2": 0.0, "buildings_exposed_count": 0, "roads_exposed_km": 0.0, "total_buildings_count": 315, "total_roads_km": 13.284, "population_exposed_proxy": 0, "land_use_breakdown": { }, "locality_name": "Tirunelveli Urban Core (Sector 13-12)", "priority_score": 0.0, "score_infra": 0.0, "score_agri": 0.0, "rank_infra": 133, "rank_agri": 133, "exposure_class": "LOW", "class_color": "#22c55e", "contributing_factors_json": { "flood_overlap_pct": 0.0, "building_exposure_pct": 0.0, "road_disruption_pct": 0.0, "population_proxy_pct": 0.0, "cropland_loss_pct": 0.0 }, "primary_reason": "Zero flood exposure detected in current satellite pass.", "recommended_action": "Low exposure: Standard monitoring; maintain flood gate surveillance and culvert clearing.", "rank": 435 }, "geometry": { "type": "Polygon", "coordinates": [ [ [ 77.729501256287577, 8.703270055446671 ], [ 77.72956679849986, 8.712304958677834 ], [ 77.720486189488227, 8.712370098155994 ], [ 77.720420864662174, 8.703335126363529 ], [ 77.729501256287577, 8.703270055446671 ] ] ] } },
{ "type": "Feature", "properties": { "zone_id": "ZONE_R13_C03", "row": 13, "col": 3, "flooded_area_km2": 0.0, "agricultural_exposed_km2": 0.0, "buildings_exposed_count": 0, "roads_exposed_km": 0.0, "total_buildings_count": 910, "total_roads_km": 22.177, "population_exposed_proxy": 0, "land_use_breakdown": { }, "locality_name": "West Highland & Catchment (Sector 13-3)", "priority_score": 0.0, "score_infra": 0.0, "score_agri": 0.0, "rank_infra": 133, "rank_agri": 133, "exposure_class": "LOW", "class_color": "#22c55e", "contributing_factors_json": { "flood_overlap_pct": 0.0, "building_exposure_pct": 0.0, "road_disruption_pct": 0.0, "population_proxy_pct": 0.0, "cropland_loss_pct": 0.0 }, "primary_reason": "Zero flood exposure detected in current satellite pass.", "recommended_action": "Low exposure: Standard monitoring; maintain flood gate surveillance and culvert clearing.", "rank": 436 }, "geometry": { "type": "Polygon", "coordinates": [ [ [ 77.647775217405623, 8.703847909927955 ], [ 77.647838802847247, 8.712883422010359 ], [ 77.638757568712435, 8.712946613375944 ], [ 77.638694200730285, 8.703911034782488 ], [ 77.647775217405623, 8.703847909927955 ] ] ] } },
{ "type": "Feature", "properties": { "zone_id": "ZONE_R13_C02", "row": 13, "col": 2, "flooded_area_km2": 0.0, "agricultural_exposed_km2": 0.0, "buildings_exposed_count": 0, "roads_exposed_km": 0.0, "total_buildings_count": 729, "total_roads_km": 13.056, "population_exposed_proxy": 0, "land_use_breakdown": { }, "locality_name": "West Highland & Catchment (Sector 13-2)", "priority_score": 0.0, "score_infra": 0.0, "score_agri": 0.0, "rank_infra": 133, "rank_agri": 133, "exposure_class": "LOW", "class_color": "#22c55e", "contributing_factors_json": { "flood_overlap_pct": 0.0, "building_exposure_pct": 0.0, "road_disruption_pct": 0.0, "population_proxy_pct": 0.0, "cropland_loss_pct": 0.0 }, "primary_reason": "Zero flood exposure detected in current satellite pass.", "recommended_action": "Low exposure: Standard monitoring; maintain flood gate surveillance and culvert clearing.", "rank": 437 }, "geometry": { "type": "Polygon", "coordinates": [ [ [ 77.638694200730285, 8.703911034782488 ], [ 77.638757568712435, 8.712946613375944 ], [ 77.629676266290858, 8.713009588244875 ], [ 77.629613115776181, 8.703973943368215 ], [ 77.638694200730285, 8.703911034782488 ] ] ] } },
{ "type": "Feature", "properties": { "zone_id": "ZONE_R12_C22", "row": 12, "col": 22, "flooded_area_km2": 0.0, "agricultural_exposed_km2": 0.0, "buildings_exposed_count": 0, "roads_exposed_km": 0.0, "total_buildings_count": 0, "total_roads_km": 2.285, "population_exposed_proxy": 0, "land_use_breakdown": { }, "locality_name": "East Thamirabarani Basin (Sector 12-22)", "priority_score": 0.0, "score_infra": 0.0, "score_agri": 0.0, "rank_infra": 133, "rank_agri": 133, "exposure_class": "LOW", "class_color": "#22c55e", "contributing_factors_json": { "flood_overlap_pct": 0.0, "building_exposure_pct": 0.0, "road_disruption_pct": 0.0, "population_proxy_pct": 0.0, "cropland_loss_pct": 0.0 }, "primary_reason": "Zero flood exposure detected in current satellite pass.", "recommended_action": "Low exposure: Standard monitoring; maintain flood gate surveillance and culvert clearing.", "rank": 438 }, "geometry": { "type": "Polygon", "coordinates": [ [ [ 77.819188583501955, 8.711650423985807 ], [ 77.819256343808476, 8.720684633494228 ], [ 77.811356644232745, 8.720743236730254 ], [ 77.811289073183346, 8.711708965602357 ], [ 77.819188583501955, 8.711650423985807 ] ] ] } },
{ "type": "Feature", "properties": { "zone_id": "ZONE_R12_C21", "row": 12, "col": 21, "flooded_area_km2": 0.0, "agricultural_exposed_km2": 0.0, "buildings_exposed_count": 0, "roads_exposed_km": 0.0, "total_buildings_count": 0, "total_roads_km": 3.172, "population_exposed_proxy": 0, "land_use_breakdown": { }, "locality_name": "East Thamirabarani Basin (Sector 12-21)", "priority_score": 0.0, "score_infra": 0.0, "score_agri": 0.0, "rank_infra": 133, "rank_agri": 133, "exposure_class": "LOW", "class_color": "#22c55e", "contributing_factors_json": { "flood_overlap_pct": 0.0, "building_exposure_pct": 0.0, "road_disruption_pct": 0.0, "population_proxy_pct": 0.0, "cropland_loss_pct": 0.0 }, "primary_reason": "Zero flood exposure detected in current satellite pass.", "recommended_action": "Low exposure: Standard monitoring; maintain flood gate surveillance and culvert clearing.", "rank": 439 }, "geometry": { "type": "Polygon", "coordinates": [ [ [ 77.811289073183346, 8.711708965602357 ], [ 77.811356644232745, 8.720743236730254 ], [ 77.802276461770504, 8.720810394278141 ], [ 77.802209108265984, 8.711776052536157 ], [ 77.811289073183346, 8.711708965602357 ] ] ] } },
{ "type": "Feature", "properties": { "zone_id": "ZONE_R12_C20", "row": 12, "col": 20, "flooded_area_km2": 0.0, "agricultural_exposed_km2": 0.0, "buildings_exposed_count": 0, "roads_exposed_km": 0.0, "total_buildings_count": 1, "total_roads_km": 3.856, "population_exposed_proxy": 0, "land_use_breakdown": { }, "locality_name": "East Thamirabarani Basin (Sector 12-20)", "priority_score": 0.0, "score_infra": 0.0, "score_agri": 0.0, "rank_infra": 133, "rank_agri": 133, "exposure_class": "LOW", "class_color": "#22c55e", "contributing_factors_json": { "flood_overlap_pct": 0.0, "building_exposure_pct": 0.0, "road_disruption_pct": 0.0, "population_proxy_pct": 0.0, "cropland_loss_pct": 0.0 }, "primary_reason": "Zero flood exposure detected in current satellite pass.", "recommended_action": "Low exposure: Standard monitoring; maintain flood gate surveillance and culvert clearing.", "rank": 440 }, "geometry": { "type": "Polygon", "coordinates": [ [ [ 77.802209108265984, 8.711776052536157 ], [ 77.802276461770504, 8.720810394278141 ], [ 77.793196206797077, 8.720877335247412 ], [ 77.79312907084595, 8.711842923119042 ], [ 77.802209108265984, 8.711776052536157 ] ] ] } },
{ "type": "Feature", "properties": { "zone_id": "ZONE_R12_C19", "row": 12, "col": 19, "flooded_area_km2": 0.0, "agricultural_exposed_km2": 0.0, "buildings_exposed_count": 0, "roads_exposed_km": 0.0, "total_buildings_count": 13, "total_roads_km": 7.282, "population_exposed_proxy": 0, "land_use_breakdown": { }, "locality_name": "East Thamirabarani Basin (Sector 12-19)", "priority_score": 0.0, "score_infra": 0.0, "score_agri": 0.0, "rank_infra": 133, "rank_agri": 133, "exposure_class": "LOW", "class_color": "#22c55e", "contributing_factors_json": { "flood_overlap_pct": 0.0, "building_exposure_pct": 0.0, "road_disruption_pct": 0.0, "population_proxy_pct": 0.0, "cropland_loss_pct": 0.0 }, "primary_reason": "Zero flood exposure detected in current satellite pass.", "recommended_action": "Low exposure: Standard monitoring; maintain flood gate surveillance and culvert clearing.", "rank": 441 }, "geometry": { "type": "Polygon", "coordinates": [ [ [ 77.79312907084595, 8.711842923119042 ], [ 77.793196206797077, 8.720877335247412 ], [ 77.784115879546675, 8.720944059629739 ], [ 77.78404896115741, 8.71190957734269 ], [ 77.79312907084595, 8.711842923119042 ] ] ] } },
{ "type": "Feature", "properties": { "zone_id": "ZONE_R12_C18", "row": 12, "col": 18, "flooded_area_km2": 0.0, "agricultural_exposed_km2": 0.0, "buildings_exposed_count": 0, "roads_exposed_km": 0.0, "total_buildings_count": 6, "total_roads_km": 8.712, "population_exposed_proxy": 0, "land_use_breakdown": { }, "locality_name": "Palayamkottai & South Canal (Sector 12-18)", "priority_score": 0.0, "score_infra": 0.0, "score_agri": 0.0, "rank_infra": 133, "rank_agri": 133, "exposure_class": "LOW", "class_color": "#22c55e", "contributing_factors_json": { "flood_overlap_pct": 0.0, "building_exposure_pct": 0.0, "road_disruption_pct": 0.0, "population_proxy_pct": 0.0, "cropland_loss_pct": 0.0 }, "primary_reason": "Zero flood exposure detected in current satellite pass.", "recommended_action": "Low exposure: Standard monitoring; maintain flood gate surveillance and culvert clearing.", "rank": 442 }, "geometry": { "type": "Polygon", "coordinates": [ [ [ 77.78404896115741, 8.71190957734269 ], [ 77.784115879546675, 8.720944059629739 ], [ 77.775035480253422, 8.72101056741681 ], [ 77.774968779434488, 8.711976015198806 ], [ 77.78404896115741, 8.71190957734269 ] ] ] } },
{ "type": "Feature", "properties": { "zone_id": "ZONE_R12_C17", "row": 12, "col": 17, "flooded_area_km2": 0.0, "agricultural_exposed_km2": 0.0, "buildings_exposed_count": 0, "roads_exposed_km": 0.0, "total_buildings_count": 5, "total_roads_km": 15.83, "population_exposed_proxy": 0, "land_use_breakdown": { }, "locality_name": "Palayamkottai & South Canal (Sector 12-17)", "priority_score": 0.0, "score_infra": 0.0, "score_agri": 0.0, "rank_infra": 133, "rank_agri": 133, "exposure_class": "LOW", "class_color": "#22c55e", "contributing_factors_json": { "flood_overlap_pct": 0.0, "building_exposure_pct": 0.0, "road_disruption_pct": 0.0, "population_proxy_pct": 0.0, "cropland_loss_pct": 0.0 }, "primary_reason": "Zero flood exposure detected in current satellite pass.", "recommended_action": "Low exposure: Standard monitoring; maintain flood gate surveillance and culvert clearing.", "rank": 443 }, "geometry": { "type": "Polygon", "coordinates": [ [ [ 77.774968779434488, 8.711976015198806 ], [ 77.775035480253422, 8.72101056741681 ], [ 77.765955009151526, 8.721076858600355 ], [ 77.765888525911336, 8.712042236679117 ], [ 77.774968779434488, 8.711976015198806 ] ] ] } },
{ "type": "Feature", "properties": { "zone_id": "ZONE_R12_C16", "row": 12, "col": 16, "flooded_area_km2": 0.0, "agricultural_exposed_km2": 0.0, "buildings_exposed_count": 0, "roads_exposed_km": 0.0, "total_buildings_count": 10, "total_roads_km": 16.083, "population_exposed_proxy": 0, "land_use_breakdown": { }, "locality_name": "Palayamkottai & South Canal (Sector 12-16)", "priority_score": 0.0, "score_infra": 0.0, "score_agri": 0.0, "rank_infra": 133, "rank_agri": 133, "exposure_class": "LOW", "class_color": "#22c55e", "contributing_factors_json": { "flood_overlap_pct": 0.0, "building_exposure_pct": 0.0, "road_disruption_pct": 0.0, "population_proxy_pct": 0.0, "cropland_loss_pct": 0.0 }, "primary_reason": "Zero flood exposure detected in current satellite pass.", "recommended_action": "Low exposure: Standard monitoring; maintain flood gate surveillance and culvert clearing.", "rank": 444 }, "geometry": { "type": "Polygon", "coordinates": [ [ [ 77.765888525911336, 8.712042236679117 ], [ 77.765955009151526, 8.721076858600355 ], [ 77.756874466475182, 8.721142933172107 ], [ 77.756808200822107, 8.712108241775383 ], [ 77.765888525911336, 8.712042236679117 ] ] ] } },
{ "type": "Feature", "properties": { "zone_id": "ZONE_R12_C14", "row": 12, "col": 14, "flooded_area_km2": 0.0, "agricultural_exposed_km2": 0.0, "buildings_exposed_count": 0, "roads_exposed_km": 0.0, "total_buildings_count": 16, "total_roads_km": 7.204, "population_exposed_proxy": 0, "land_use_breakdown": { }, "locality_name": "Palayamkottai & South Canal (Sector 12-14)", "priority_score": 0.0, "score_infra": 0.0, "score_agri": 0.0, "rank_infra": 133, "rank_agri": 133, "exposure_class": "LOW", "class_color": "#22c55e", "contributing_factors_json": { "flood_overlap_pct": 0.0, "building_exposure_pct": 0.0, "road_disruption_pct": 0.0, "population_proxy_pct": 0.0, "cropland_loss_pct": 0.0 }, "primary_reason": "Zero flood exposure detected in current satellite pass.", "recommended_action": "Low exposure: Standard monitoring; maintain flood gate surveillance and culvert clearing.", "rank": 445 }, "geometry": { "type": "Polygon", "coordinates": [ [ [ 77.747727804400995, 8.712174030479376 ], [ 77.747793852458571, 8.72120879112385 ], [ 77.738713167335931, 8.721274432447382 ], [ 77.738647336882181, 8.712239602782915 ], [ 77.747727804400995, 8.712174030479376 ] ] ] } },
{ "type": "Feature", "properties": { "zone_id": "ZONE_R01_C02", "row": 1, "col": 2, "flooded_area_km2": 0.0, "agricultural_exposed_km2": 0.0, "buildings_exposed_count": 0, "roads_exposed_km": 0.0, "total_buildings_count": 0, "total_roads_km": 0.993, "population_exposed_proxy": 0, "land_use_breakdown": { }, "locality_name": "North Basin & Agricultural Belt (Sector 1-2)", "priority_score": 0.0, "score_infra": 0.0, "score_agri": 0.0, "rank_infra": 133, "rank_agri": 133, "exposure_class": "LOW", "class_color": "#22c55e", "contributing_factors_json": { "flood_overlap_pct": 0.0, "building_exposure_pct": 0.0, "road_disruption_pct": 0.0, "population_proxy_pct": 0.0, "cropland_loss_pct": 0.0 }, "primary_reason": "Zero flood exposure detected in current satellite pass.", "recommended_action": "Low exposure: Standard monitoring; maintain flood gate surveillance and culvert clearing.", "rank": 446 }, "geometry": { "type": "Polygon", "coordinates": [ [ [ 77.639459125210735, 8.812337663780463 ], [ 77.639523313165014, 8.821373185135613 ], [ 77.630439382850199, 8.82143695564163 ], [ 77.630375415176829, 8.812401367966489 ], [ 77.639459125210735, 8.812337663780463 ] ] ] } },
{ "type": "Feature", "properties": { "zone_id": "ZONE_R12_C03", "row": 12, "col": 3, "flooded_area_km2": 0.0, "agricultural_exposed_km2": 0.0, "buildings_exposed_count": 0, "roads_exposed_km": 0.0, "total_buildings_count": 340, "total_roads_km": 8.528, "population_exposed_proxy": 0, "land_use_breakdown": { }, "locality_name": "West Highland & Catchment (Sector 12-3)", "priority_score": 0.0, "score_infra": 0.0, "score_agri": 0.0, "rank_infra": 133, "rank_agri": 133, "exposure_class": "LOW", "class_color": "#22c55e", "contributing_factors_json": { "flood_overlap_pct": 0.0, "building_exposure_pct": 0.0, "road_disruption_pct": 0.0, "population_proxy_pct": 0.0, "cropland_loss_pct": 0.0 }, "primary_reason": "Zero flood exposure detected in current satellite pass.", "recommended_action": "Low exposure: Standard monitoring; maintain flood gate surveillance and culvert clearing.", "rank": 447 }, "geometry": { "type": "Polygon", "coordinates": [ [ [ 77.647838802847247, 8.712883422010359 ], [ 77.647902456809959, 8.721918929346277 ], [ 77.638821004981367, 8.721982187225974 ], [ 77.638757568712435, 8.712946613375944 ], [ 77.647838802847247, 8.712883422010359 ] ] ] } },
{ "type": "Feature", "properties": { "zone_id": "ZONE_R12_C02", "row": 12, "col": 2, "flooded_area_km2": 0.0, "agricultural_exposed_km2": 0.0, "buildings_exposed_count": 0, "roads_exposed_km": 0.0, "total_buildings_count": 840, "total_roads_km": 16.125, "population_exposed_proxy": 0, "land_use_breakdown": { }, "locality_name": "West Highland & Catchment (Sector 12-2)", "priority_score": 0.0, "score_infra": 0.0, "score_agri": 0.0, "rank_infra": 133, "rank_agri": 133, "exposure_class": "LOW", "class_color": "#22c55e", "contributing_factors_json": { "flood_overlap_pct": 0.0, "building_exposure_pct": 0.0, "road_disruption_pct": 0.0, "population_proxy_pct": 0.0, "cropland_loss_pct": 0.0 }, "primary_reason": "Zero flood exposure detected in current satellite pass.", "recommended_action": "Low exposure: Standard monitoring; maintain flood gate surveillance and culvert clearing.", "rank": 448 }, "geometry": { "type": "Polygon", "coordinates": [ [ [ 77.638757568712435, 8.712946613375944 ], [ 77.638821004981367, 8.721982187225974 ], [ 77.629739484858007, 8.722045228381155 ], [ 77.629676266290858, 8.713009588244875 ], [ 77.638757568712435, 8.712946613375944 ] ] ] } },
{ "type": "Feature", "properties": { "zone_id": "ZONE_R12_C01", "row": 12, "col": 1, "flooded_area_km2": 0.0, "agricultural_exposed_km2": 0.0, "buildings_exposed_count": 0, "roads_exposed_km": 0.0, "total_buildings_count": 351, "total_roads_km": 12.289, "population_exposed_proxy": 0, "land_use_breakdown": { }, "locality_name": "West Highland & Catchment (Sector 12-1)", "priority_score": 0.0, "score_infra": 0.0, "score_agri": 0.0, "rank_infra": 133, "rank_agri": 133, "exposure_class": "LOW", "class_color": "#22c55e", "contributing_factors_json": { "flood_overlap_pct": 0.0, "building_exposure_pct": 0.0, "road_disruption_pct": 0.0, "population_proxy_pct": 0.0, "cropland_loss_pct": 0.0 }, "primary_reason": "Zero flood exposure detected in current satellite pass.", "recommended_action": "Low exposure: Standard monitoring; maintain flood gate surveillance and culvert clearing.", "rank": 449 }, "geometry": { "type": "Polygon", "coordinates": [ [ [ 77.629676266290858, 8.713009588244875 ], [ 77.629739484858007, 8.722045228381155 ], [ 77.620657896674189, 8.72210805280397 ], [ 77.620594895816794, 8.713072346609307 ], [ 77.629676266290858, 8.713009588244875 ] ] ] } },
{ "type": "Feature", "properties": { "zone_id": "ZONE_R11_C22", "row": 11, "col": 22, "flooded_area_km2": 0.0, "agricultural_exposed_km2": 0.0, "buildings_exposed_count": 0, "roads_exposed_km": 0.0, "total_buildings_count": 0, "total_roads_km": 0.0, "population_exposed_proxy": 0, "land_use_breakdown": { }, "locality_name": "East Thamirabarani Basin (Sector 11-22)", "priority_score": 0.0, "score_infra": 0.0, "score_agri": 0.0, "rank_infra": 133, "rank_agri": 133, "exposure_class": "LOW", "class_color": "#22c55e", "contributing_factors_json": { "flood_overlap_pct": 0.0, "building_exposure_pct": 0.0, "road_disruption_pct": 0.0, "population_proxy_pct": 0.0, "cropland_loss_pct": 0.0 }, "primary_reason": "Zero flood exposure detected in current satellite pass.", "recommended_action": "Low exposure: Standard monitoring; maintain flood gate surveillance and culvert clearing.", "rank": 450 }, "geometry": { "type": "Polygon", "coordinates": [ [ [ 77.819256343808476, 8.720684633494228 ], [ 77.819324177064018, 8.729718838191642 ], [ 77.811424288027467, 8.729777503049977 ], [ 77.811356644232745, 8.720743236730254 ], [ 77.819256343808476, 8.720684633494228 ] ] ] } },
{ "type": "Feature", "properties": { "zone_id": "ZONE_R11_C21", "row": 11, "col": 21, "flooded_area_km2": 0.0, "agricultural_exposed_km2": 0.0, "buildings_exposed_count": 0, "roads_exposed_km": 0.0, "total_buildings_count": 0, "total_roads_km": 0.276, "population_exposed_proxy": 0, "land_use_breakdown": { }, "locality_name": "East Thamirabarani Basin (Sector 11-21)", "priority_score": 0.0, "score_infra": 0.0, "score_agri": 0.0, "rank_infra": 133, "rank_agri": 133, "exposure_class": "LOW", "class_color": "#22c55e", "contributing_factors_json": { "flood_overlap_pct": 0.0, "building_exposure_pct": 0.0, "road_disruption_pct": 0.0, "population_proxy_pct": 0.0, "cropland_loss_pct": 0.0 }, "primary_reason": "Zero flood exposure detected in current satellite pass.", "recommended_action": "Low exposure: Standard monitoring; maintain flood gate surveillance and culvert clearing.", "rank": 451 }, "geometry": { "type": "Polygon", "coordinates": [ [ [ 77.811356644232745, 8.720743236730254 ], [ 77.811424288027467, 8.729777503049977 ], [ 77.802343887786179, 8.729844731215202 ], [ 77.802276461770504, 8.720810394278141 ], [ 77.811356644232745, 8.720743236730254 ] ] ] } },
{ "type": "Feature", "properties": { "zone_id": "ZONE_R09_C21", "row": 9, "col": 21, "flooded_area_km2": 0.0, "agricultural_exposed_km2": 0.0, "buildings_exposed_count": 0, "roads_exposed_km": 0.0, "total_buildings_count": 0, "total_roads_km": 3.121, "population_exposed_proxy": 0, "land_use_breakdown": { }, "locality_name": "East Thamirabarani Basin (Sector 9-21)", "priority_score": 0.0, "score_infra": 0.0, "score_agri": 0.0, "rank_infra": 133, "rank_agri": 133, "exposure_class": "LOW", "class_color": "#22c55e", "contributing_factors_json": { "flood_overlap_pct": 0.0, "building_exposure_pct": 0.0, "road_disruption_pct": 0.0, "population_proxy_pct": 0.0, "cropland_loss_pct": 0.0 }, "primary_reason": "Zero flood exposure detected in current satellite pass.", "recommended_action": "Low exposure: Standard monitoring; maintain flood gate surveillance and culvert clearing.", "rank": 452 }, "geometry": { "type": "Polygon", "coordinates": [ [ [ 77.811492004576053, 8.738811764556656 ], [ 77.811559793887056, 8.747846021245419 ], [ 77.802478957385119, 8.747913390655075 ], [ 77.802411386321538, 8.738879063342466 ], [ 77.811492004576053, 8.738811764556656 ] ] ] } },
{ "type": "Feature", "properties": { "zone_id": "ZONE_R09_C20", "row": 9, "col": 20, "flooded_area_km2": 0.0, "agricultural_exposed_km2": 0.0, "buildings_exposed_count": 0, "roads_exposed_km": 0.0, "total_buildings_count": 0, "total_roads_km": 2.616, "population_exposed_proxy": 0, "land_use_breakdown": { }, "locality_name": "East Thamirabarani Basin (Sector 9-20)", "priority_score": 0.0, "score_infra": 0.0, "score_agri": 0.0, "rank_infra": 133, "rank_agri": 133, "exposure_class": "LOW", "class_color": "#22c55e", "contributing_factors_json": { "flood_overlap_pct": 0.0, "building_exposure_pct": 0.0, "road_disruption_pct": 0.0, "population_proxy_pct": 0.0, "cropland_loss_pct": 0.0 }, "primary_reason": "Zero flood exposure detected in current satellite pass.", "recommended_action": "Low exposure: Standard monitoring; maintain flood gate surveillance and culvert clearing.", "rank": 453 }, "geometry": { "type": "Polygon", "coordinates": [ [ [ 77.802411386321538, 8.738879063342466 ], [ 77.802478957385119, 8.747913390655075 ], [ 77.793398048346432, 8.747980542802949 ], [ 77.793330695538828, 8.738946145094234 ], [ 77.802411386321538, 8.738879063342466 ] ] ] } },
{ "type": "Feature", "properties": { "zone_id": "ZONE_R09_C19", "row": 9, "col": 19, "flooded_area_km2": 0.0, "agricultural_exposed_km2": 0.0, "buildings_exposed_count": 0, "roads_exposed_km": 0.0, "total_buildings_count": 0, "total_roads_km": 3.91, "population_exposed_proxy": 0, "land_use_breakdown": { }, "locality_name": "East Thamirabarani Basin (Sector 9-19)", "priority_score": 0.0, "score_infra": 0.0, "score_agri": 0.0, "rank_infra": 133, "rank_agri": 133, "exposure_class": "LOW", "class_color": "#22c55e", "contributing_factors_json": { "flood_overlap_pct": 0.0, "building_exposure_pct": 0.0, "road_disruption_pct": 0.0, "population_proxy_pct": 0.0, "cropland_loss_pct": 0.0 }, "primary_reason": "Zero flood exposure detected in current satellite pass.", "recommended_action": "Low exposure: Standard monitoring; maintain flood gate surveillance and culvert clearing.", "rank": 454 }, "geometry": { "type": "Polygon", "coordinates": [ [ [ 77.793330695538828, 8.738946145094234 ], [ 77.793398048346432, 8.747980542802949 ], [ 77.78431706700529, 8.748047477680689 ], [ 77.784249932462146, 8.7390130098036 ], [ 77.793330695538828, 8.738946145094234 ] ] ] } },
{ "type": "Feature", "properties": { "zone_id": "ZONE_R07_C07", "row": 7, "col": 7, "flooded_area_km2": 0.0, "agricultural_exposed_km2": 0.0, "buildings_exposed_count": 0, "roads_exposed_km": 0.0, "total_buildings_count": 0, "total_roads_km": 2.648, "population_exposed_proxy": 0, "land_use_breakdown": { }, "locality_name": "North Basin & Agricultural Belt (Sector 7-7)", "priority_score": 0.0, "score_infra": 0.0, "score_agri": 0.0, "rank_infra": 133, "rank_agri": 133, "exposure_class": "LOW", "class_color": "#22c55e", "contributing_factors_json": { "flood_overlap_pct": 0.0, "building_exposure_pct": 0.0, "road_disruption_pct": 0.0, "population_proxy_pct": 0.0, "cropland_loss_pct": 0.0 }, "primary_reason": "Zero flood exposure detected in current satellite pass.", "recommended_action": "Low exposure: Standard monitoring; maintain flood gate surveillance and culvert clearing.", "rank": 455 }, "geometry": { "type": "Polygon", "coordinates": [ [ [ 77.684486369863237, 8.757804639059902 ], [ 77.684551241933562, 8.766839854194519 ], [ 77.675468973805224, 8.766904316067137 ], [ 77.67540432056802, 8.757869033491513 ], [ 77.684486369863237, 8.757804639059902 ] ] ] } },
{ "type": "Feature", "properties": { "zone_id": "ZONE_R07_C05", "row": 7, "col": 5, "flooded_area_km2": 0.0, "agricultural_exposed_km2": 0.0, "buildings_exposed_count": 0, "roads_exposed_km": 0.0, "total_buildings_count": 0, "total_roads_km": 0.0, "population_exposed_proxy": 0, "land_use_breakdown": { }, "locality_name": "North Basin & Agricultural Belt (Sector 7-5)", "priority_score": 0.0, "score_infra": 0.0, "score_agri": 0.0, "rank_infra": 133, "rank_agri": 133, "exposure_class": "LOW", "class_color": "#22c55e", "contributing_factors_json": { "flood_overlap_pct": 0.0, "building_exposure_pct": 0.0, "road_disruption_pct": 0.0, "population_proxy_pct": 0.0, "cropland_loss_pct": 0.0 }, "primary_reason": "Zero flood exposure detected in current satellite pass.", "recommended_action": "Low exposure: Standard monitoring; maintain flood gate surveillance and culvert clearing.", "rank": 456 }, "geometry": { "type": "Polygon", "coordinates": [ [ [ 77.666322202008232, 8.75793321031888 ], [ 77.666386636404098, 8.766968560107632 ], [ 77.657304229964637, 8.767032586308005 ], [ 77.657240014418221, 8.757997169534004 ], [ 77.666322202008232, 8.75793321031888 ] ] ] } },
{ "type": "Feature", "properties": { "zone_id": "ZONE_R07_C04", "row": 7, "col": 4, "flooded_area_km2": 0.0, "agricultural_exposed_km2": 0.0, "buildings_exposed_count": 0, "roads_exposed_km": 0.0, "total_buildings_count": 21, "total_roads_km": 0.263, "population_exposed_proxy": 0, "land_use_breakdown": { }, "locality_name": "North Basin & Agricultural Belt (Sector 7-4)", "priority_score": 0.0, "score_infra": 0.0, "score_agri": 0.0, "rank_infra": 133, "rank_agri": 133, "exposure_class": "LOW", "class_color": "#22c55e", "contributing_factors_json": { "flood_overlap_pct": 0.0, "building_exposure_pct": 0.0, "road_disruption_pct": 0.0, "population_proxy_pct": 0.0, "cropland_loss_pct": 0.0 }, "primary_reason": "Zero flood exposure detected in current satellite pass.", "recommended_action": "Low exposure: Standard monitoring; maintain flood gate surveillance and culvert clearing.", "rank": 457 }, "geometry": { "type": "Polygon", "coordinates": [ [ [ 77.657240014418221, 8.757997169534004 ], [ 77.657304229964637, 8.767032586308005 ], [ 77.648221754721291, 8.767096394660276 ], [ 77.64815775803244, 8.758060911128924 ], [ 77.657240014418221, 8.757997169534004 ] ] ] } },
{ "type": "Feature", "properties": { "zone_id": "ZONE_R07_C03", "row": 7, "col": 3, "flooded_area_km2": 0.0, "agricultural_exposed_km2": 0.0, "buildings_exposed_count": 0, "roads_exposed_km": 0.0, "total_buildings_count": 11, "total_roads_km": 4.198, "population_exposed_proxy": 0, "land_use_breakdown": { }, "locality_name": "North Basin & Agricultural Belt (Sector 7-3)", "priority_score": 0.0, "score_infra": 0.0, "score_agri": 0.0, "rank_infra": 133, "rank_agri": 133, "exposure_class": "LOW", "class_color": "#22c55e", "contributing_factors_json": { "flood_overlap_pct": 0.0, "building_exposure_pct": 0.0, "road_disruption_pct": 0.0, "population_proxy_pct": 0.0, "cropland_loss_pct": 0.0 }, "primary_reason": "Zero flood exposure detected in current satellite pass.", "recommended_action": "Low exposure: Standard monitoring; maintain flood gate surveillance and culvert clearing.", "rank": 458 }, "geometry": { "type": "Polygon", "coordinates": [ [ [ 77.64815775803244, 8.758060911128924 ], [ 77.648221754721291, 8.767096394660276 ], [ 77.639139210908496, 8.767159985156502 ], [ 77.63907543308531, 8.758124435095702 ], [ 77.64815775803244, 8.758060911128924 ] ] ] } },
{ "type": "Feature", "properties": { "zone_id": "ZONE_R07_C02", "row": 7, "col": 2, "flooded_area_km2": 0.0, "agricultural_exposed_km2": 0.0, "buildings_exposed_count": 0, "roads_exposed_km": 0.0, "total_buildings_count": 0, "total_roads_km": 2.65, "population_exposed_proxy": 0, "land_use_breakdown": { }, "locality_name": "North Basin & Agricultural Belt (Sector 7-2)", "priority_score": 0.0, "score_infra": 0.0, "score_agri": 0.0, "rank_infra": 133, "rank_agri": 133, "exposure_class": "LOW", "class_color": "#22c55e", "contributing_factors_json": { "flood_overlap_pct": 0.0, "building_exposure_pct": 0.0, "road_disruption_pct": 0.0, "population_proxy_pct": 0.0, "cropland_loss_pct": 0.0 }, "primary_reason": "Zero flood exposure detected in current satellite pass.", "recommended_action": "Low exposure: Standard monitoring; maintain flood gate surveillance and culvert clearing.", "rank": 459 }, "geometry": { "type": "Polygon", "coordinates": [ [ [ 77.63907543308531, 8.758124435095702 ], [ 77.639139210908496, 8.767159985156502 ], [ 77.630056598760731, 8.767223357788763 ], [ 77.629993039811239, 8.758187741426426 ], [ 77.63907543308531, 8.758124435095702 ] ] ] } },
{ "type": "Feature", "properties": { "zone_id": "ZONE_R06_C22", "row": 6, "col": 22, "flooded_area_km2": 0.0, "agricultural_exposed_km2": 0.0, "buildings_exposed_count": 0, "roads_exposed_km": 0.0, "total_buildings_count": 0, "total_roads_km": 1.986, "population_exposed_proxy": 0, "land_use_breakdown": { }, "locality_name": "North Basin & Agricultural Belt (Sector 6-22)", "priority_score": 0.0, "score_infra": 0.0, "score_agri": 0.0, "rank_infra": 133, "rank_agri": 133, "exposure_class": "LOW", "class_color": "#22c55e", "contributing_factors_json": { "flood_overlap_pct": 0.0, "building_exposure_pct": 0.0, "road_disruption_pct": 0.0, "population_proxy_pct": 0.0, "cropland_loss_pct": 0.0 }, "primary_reason": "Zero flood exposure detected in current satellite pass.", "recommended_action": "Low exposure: Standard monitoring; maintain flood gate surveillance and culvert clearing.", "rank": 460 }, "geometry": { "type": "Polygon", "coordinates": [ [ [ 77.819596239747881, 8.765855608773725 ], [ 77.819664437877208, 8.774889789342977 ], [ 77.811763598480141, 8.77494876235548 ], [ 77.811695590830524, 8.765914520149702 ], [ 77.819596239747881, 8.765855608773725 ] ] ] } },
{ "type": "Feature", "properties": { "zone_id": "ZONE_R06_C21", "row": 6, "col": 21, "flooded_area_km2": 0.0, "agricultural_exposed_km2": 0.0, "buildings_exposed_count": 0, "roads_exposed_km": 0.0, "total_buildings_count": 0, "total_roads_km": 1.985, "population_exposed_proxy": 0, "land_use_breakdown": { }, "locality_name": "North Basin & Agricultural Belt (Sector 6-21)", "priority_score": 0.0, "score_infra": 0.0, "score_agri": 0.0, "rank_infra": 133, "rank_agri": 133, "exposure_class": "LOW", "class_color": "#22c55e", "contributing_factors_json": { "flood_overlap_pct": 0.0, "building_exposure_pct": 0.0, "road_disruption_pct": 0.0, "population_proxy_pct": 0.0, "cropland_loss_pct": 0.0 }, "primary_reason": "Zero flood exposure detected in current satellite pass.", "recommended_action": "Low exposure: Standard monitoring; maintain flood gate surveillance and culvert clearing.", "rank": 461 }, "geometry": { "type": "Polygon", "coordinates": [ [ [ 77.811695590830524, 8.765914520149702 ], [ 77.811763598480141, 8.77494876235548 ], [ 77.802682105830399, 8.77501634365624 ], [ 77.802614317131003, 8.765982030816827 ], [ 77.811695590830524, 8.765914520149702 ] ] ] } },
{ "type": "Feature", "properties": { "zone_id": "ZONE_R06_C20", "row": 6, "col": 20, "flooded_area_km2": 0.0, "agricultural_exposed_km2": 0.0, "buildings_exposed_count": 0, "roads_exposed_km": 0.0, "total_buildings_count": 0, "total_roads_km": 3.519, "population_exposed_proxy": 0, "land_use_breakdown": { }, "locality_name": "North Basin & Agricultural Belt (Sector 6-20)", "priority_score": 0.0, "score_infra": 0.0, "score_agri": 0.0, "rank_infra": 133, "rank_agri": 133, "exposure_class": "LOW", "class_color": "#22c55e", "contributing_factors_json": { "flood_overlap_pct": 0.0, "building_exposure_pct": 0.0, "road_disruption_pct": 0.0, "population_proxy_pct": 0.0, "cropland_loss_pct": 0.0 }, "primary_reason": "Zero flood exposure detected in current satellite pass.", "recommended_action": "Low exposure: Standard monitoring; maintain flood gate surveillance and culvert clearing.", "rank": 462 }, "geometry": { "type": "Polygon", "coordinates": [ [ [ 77.802614317131003, 8.765982030816827 ], [ 77.802682105830399, 8.77501634365624 ], [ 77.793600540618257, 8.775083707011959 ], [ 77.793532970877635, 8.76604932376668 ], [ 77.802614317131003, 8.765982030816827 ] ] ] } },
{ "type": "Feature", "properties": { "zone_id": "ZONE_R06_C19", "row": 6, "col": 19, "flooded_area_km2": 0.0, "agricultural_exposed_km2": 0.0, "buildings_exposed_count": 0, "roads_exposed_km": 0.0, "total_buildings_count": 0, "total_roads_km": 2.657, "population_exposed_proxy": 0, "land_use_breakdown": { }, "locality_name": "North Basin & Agricultural Belt (Sector 6-19)", "priority_score": 0.0, "score_infra": 0.0, "score_agri": 0.0, "rank_infra": 133, "rank_agri": 133, "exposure_class": "LOW", "class_color": "#22c55e", "contributing_factors_json": { "flood_overlap_pct": 0.0, "building_exposure_pct": 0.0, "road_disruption_pct": 0.0, "population_proxy_pct": 0.0, "cropland_loss_pct": 0.0 }, "primary_reason": "Zero flood exposure detected in current satellite pass.", "recommended_action": "Low exposure: Standard monitoring; maintain flood gate surveillance and culvert clearing.", "rank": 463 }, "geometry": { "type": "Polygon", "coordinates": [ [ [ 77.793532970877635, 8.76604932376668 ], [ 77.793600540618257, 8.775083707011959 ], [ 77.784518903078066, 8.775150852414249 ], [ 77.784451552304759, 8.766116398990876 ], [ 77.793532970877635, 8.76604932376668 ] ] ] } },
{ "type": "Feature", "properties": { "zone_id": "ZONE_R06_C18", "row": 6, "col": 18, "flooded_area_km2": 0.0, "agricultural_exposed_km2": 0.0, "buildings_exposed_count": 0, "roads_exposed_km": 0.0, "total_buildings_count": 0, "total_roads_km": 4.538, "population_exposed_proxy": 0, "land_use_breakdown": { }, "locality_name": "North Basin & Agricultural Belt (Sector 6-18)", "priority_score": 0.0, "score_infra": 0.0, "score_agri": 0.0, "rank_infra": 133, "rank_agri": 133, "exposure_class": "LOW", "class_color": "#22c55e", "contributing_factors_json": { "flood_overlap_pct": 0.0, "building_exposure_pct": 0.0, "road_disruption_pct": 0.0, "population_proxy_pct": 0.0, "cropland_loss_pct": 0.0 }, "primary_reason": "Zero flood exposure detected in current satellite pass.", "recommended_action": "Low exposure: Standard monitoring; maintain flood gate surveillance and culvert clearing.", "rank": 464 }, "geometry": { "type": "Polygon", "coordinates": [ [ [ 77.784451552304759, 8.766116398990876 ], [ 77.784518903078066, 8.775150852414249 ], [ 77.775437193444148, 8.775217779854755 ], [ 77.775370061646655, 8.766183256481064 ], [ 77.784451552304759, 8.766116398990876 ] ] ] } },
{ "type": "Feature", "properties": { "zone_id": "ZONE_R06_C17", "row": 6, "col": 17, "flooded_area_km2": 0.0, "agricultural_exposed_km2": 0.0, "buildings_exposed_count": 0, "roads_exposed_km": 0.0, "total_buildings_count": 0, "total_roads_km": 1.914, "population_exposed_proxy": 0, "land_use_breakdown": { }, "locality_name": "North Basin & Agricultural Belt (Sector 6-17)", "priority_score": 0.0, "score_infra": 0.0, "score_agri": 0.0, "rank_infra": 133, "rank_agri": 133, "exposure_class": "LOW", "class_color": "#22c55e", "contributing_factors_json": { "flood_overlap_pct": 0.0, "building_exposure_pct": 0.0, "road_disruption_pct": 0.0, "population_proxy_pct": 0.0, "cropland_loss_pct": 0.0 }, "primary_reason": "Zero flood exposure detected in current satellite pass.", "recommended_action": "Low exposure: Standard monitoring; maintain flood gate surveillance and culvert clearing.", "rank": 465 }, "geometry": { "type": "Polygon", "coordinates": [ [ [ 77.775370061646655, 8.766183256481064 ], [ 77.775437193444148, 8.775217779854755 ], [ 77.766355411950855, 8.775284489325134 ], [ 77.766288499137659, 8.766249896228926 ], [ 77.775370061646655, 8.766183256481064 ] ] ] } },
{ "type": "Feature", "properties": { "zone_id": "ZONE_R06_C16", "row": 6, "col": 16, "flooded_area_km2": 0.0, "agricultural_exposed_km2": 0.0, "buildings_exposed_count": 0, "roads_exposed_km": 0.0, "total_buildings_count": 0, "total_roads_km": 1.681, "population_exposed_proxy": 0, "land_use_breakdown": { }, "locality_name": "North Basin & Agricultural Belt (Sector 6-16)", "priority_score": 0.0, "score_infra": 0.0, "score_agri": 0.0, "rank_infra": 133, "rank_agri": 133, "exposure_class": "LOW", "class_color": "#22c55e", "contributing_factors_json": { "flood_overlap_pct": 0.0, "building_exposure_pct": 0.0, "road_disruption_pct": 0.0, "population_proxy_pct": 0.0, "cropland_loss_pct": 0.0 }, "primary_reason": "Zero flood exposure detected in current satellite pass.", "recommended_action": "Low exposure: Standard monitoring; maintain flood gate surveillance and culvert clearing.", "rank": 466 }, "geometry": { "type": "Polygon", "coordinates": [ [ [ 77.766288499137659, 8.766249896228926 ], [ 77.766355411950855, 8.775284489325134 ], [ 77.757273558832537, 8.775350980817089 ], [ 77.757206865012094, 8.766316318226155 ], [ 77.766288499137659, 8.766249896228926 ] ] ] } },
{ "type": "Feature", "properties": { "zone_id": "ZONE_R06_C15", "row": 6, "col": 15, "flooded_area_km2": 0.0, "agricultural_exposed_km2": 0.0, "buildings_exposed_count": 0, "roads_exposed_km": 0.0, "total_buildings_count": 1, "total_roads_km": 2.083, "population_exposed_proxy": 0, "land_use_breakdown": { }, "locality_name": "North Basin & Agricultural Belt (Sector 6-15)", "priority_score": 0.0, "score_infra": 0.0, "score_agri": 0.0, "rank_infra": 133, "rank_agri": 133, "exposure_class": "LOW", "class_color": "#22c55e", "contributing_factors_json": { "flood_overlap_pct": 0.0, "building_exposure_pct": 0.0, "road_disruption_pct": 0.0, "population_proxy_pct": 0.0, "cropland_loss_pct": 0.0 }, "primary_reason": "Zero flood exposure detected in current satellite pass.", "recommended_action": "Low exposure: Standard monitoring; maintain flood gate surveillance and culvert clearing.", "rank": 467 }, "geometry": { "type": "Polygon", "coordinates": [ [ [ 77.757206865012094, 8.766316318226155 ], [ 77.757273558832537, 8.775350980817089 ], [ 77.748191634323561, 8.775417254322333 ], [ 77.748125159504283, 8.766382522464484 ], [ 77.757206865012094, 8.766316318226155 ] ] ] } },
{ "type": "Feature", "properties": { "zone_id": "ZONE_R06_C14", "row": 6, "col": 14, "flooded_area_km2": 0.0, "agricultural_exposed_km2": 0.0, "buildings_exposed_count": 0, "roads_exposed_km": 0.0, "total_buildings_count": 0, "total_roads_km": 0.0, "population_exposed_proxy": 0, "land_use_breakdown": { }, "locality_name": "North Basin & Agricultural Belt (Sector 6-14)", "priority_score": 0.0, "score_infra": 0.0, "score_agri": 0.0, "rank_infra": 133, "rank_agri": 133, "exposure_class": "LOW", "class_color": "#22c55e", "contributing_factors_json": { "flood_overlap_pct": 0.0, "building_exposure_pct": 0.0, "road_disruption_pct": 0.0, "population_proxy_pct": 0.0, "cropland_loss_pct": 0.0 }, "primary_reason": "Zero flood exposure detected in current satellite pass.", "recommended_action": "Low exposure: Standard monitoring; maintain flood gate surveillance and culvert clearing.", "rank": 468 }, "geometry": { "type": "Polygon", "coordinates": [ [ [ 77.748125159504283, 8.766382522464484 ], [ 77.748191634323561, 8.775417254322333 ], [ 77.739109638658306, 8.775483309832616 ], [ 77.739043382848607, 8.766448508935669 ], [ 77.748125159504283, 8.766382522464484 ] ] ] } },
{ "type": "Feature", "properties": { "zone_id": "ZONE_R06_C13", "row": 6, "col": 13, "flooded_area_km2": 0.0, "agricultural_exposed_km2": 0.0, "buildings_exposed_count": 0, "roads_exposed_km": 0.0, "total_buildings_count": 0, "total_roads_km": 4.963, "population_exposed_proxy": 0, "land_use_breakdown": { }, "locality_name": "North Basin & Agricultural Belt (Sector 6-13)", "priority_score": 0.0, "score_infra": 0.0, "score_agri": 0.0, "rank_infra": 133, "rank_agri": 133, "exposure_class": "LOW", "class_color": "#22c55e", "contributing_factors_json": { "flood_overlap_pct": 0.0, "building_exposure_pct": 0.0, "road_disruption_pct": 0.0, "population_proxy_pct": 0.0, "cropland_loss_pct": 0.0 }, "primary_reason": "Zero flood exposure detected in current satellite pass.", "recommended_action": "Low exposure: Standard monitoring; maintain flood gate surveillance and culvert clearing.", "rank": 469 }, "geometry": { "type": "Polygon", "coordinates": [ [ [ 77.739043382848607, 8.766448508935669 ], [ 77.739109638658306, 8.775483309832616 ], [ 77.730027572071165, 8.775549147339714 ], [ 77.729961535279386, 8.766514277631495 ], [ 77.739043382848607, 8.766448508935669 ] ] ] } },
{ "type": "Feature", "properties": { "zone_id": "ZONE_R06_C12", "row": 6, "col": 12, "flooded_area_km2": 0.0, "agricultural_exposed_km2": 0.0, "buildings_exposed_count": 0, "roads_exposed_km": 0.0, "total_buildings_count": 0, "total_roads_km": 4.669, "population_exposed_proxy": 0, "land_use_breakdown": { }, "locality_name": "North Basin & Agricultural Belt (Sector 6-12)", "priority_score": 0.0, "score_infra": 0.0, "score_agri": 0.0, "rank_infra": 133, "rank_agri": 133, "exposure_class": "LOW", "class_color": "#22c55e", "contributing_factors_json": { "flood_overlap_pct": 0.0, "building_exposure_pct": 0.0, "road_disruption_pct": 0.0, "population_proxy_pct": 0.0, "cropland_loss_pct": 0.0 }, "primary_reason": "Zero flood exposure detected in current satellite pass.", "recommended_action": "Low exposure: Standard monitoring; maintain flood gate surveillance and culvert clearing.", "rank": 470 }, "geometry": { "type": "Polygon", "coordinates": [ [ [ 77.729961535279386, 8.766514277631495 ], [ 77.730027572071165, 8.775549147339714 ], [ 77.720945434796519, 8.775614766835423 ], [ 77.720879617031002, 8.766579828543771 ], [ 77.729961535279386, 8.766514277631495 ] ] ] } },
{ "type": "Feature", "properties": { "zone_id": "ZONE_R06_C11", "row": 6, "col": 11, "flooded_area_km2": 0.0, "agricultural_exposed_km2": 0.0, "buildings_exposed_count": 0, "roads_exposed_km": 0.0, "total_buildings_count": 0, "total_roads_km": 6.401, "population_exposed_proxy": 0, "land_use_breakdown": { }, "locality_name": "North Basin & Agricultural Belt (Sector 6-11)", "priority_score": 0.0, "score_infra": 0.0, "score_agri": 0.0, "rank_infra": 133, "rank_agri": 133, "exposure_class": "LOW", "class_color": "#22c55e", "contributing_factors_json": { "flood_overlap_pct": 0.0, "building_exposure_pct": 0.0, "road_disruption_pct": 0.0, "population_proxy_pct": 0.0, "cropland_loss_pct": 0.0 }, "primary_reason": "Zero flood exposure detected in current satellite pass.", "recommended_action": "Low exposure: Standard monitoring; maintain flood gate surveillance and culvert clearing.", "rank": 471 }, "geometry": { "type": "Polygon", "coordinates": [ [ [ 77.720879617031002, 8.766579828543771 ], [ 77.720945434796519, 8.775614766835423 ], [ 77.711863227068761, 8.775680168311577 ], [ 77.711797628337862, 8.766645161664336 ], [ 77.720879617031002, 8.766579828543771 ] ] ] } },
{ "type": "Feature", "properties": { "zone_id": "ZONE_R06_C10", "row": 6, "col": 10, "flooded_area_km2": 0.0, "agricultural_exposed_km2": 0.0, "buildings_exposed_count": 0, "roads_exposed_km": 0.0, "total_buildings_count": 0, "total_roads_km": 5.556, "population_exposed_proxy": 0, "land_use_breakdown": { }, "locality_name": "North Basin & Agricultural Belt (Sector 6-10)", "priority_score": 0.0, "score_infra": 0.0, "score_agri": 0.0, "rank_infra": 133, "rank_agri": 133, "exposure_class": "LOW", "class_color": "#22c55e", "contributing_factors_json": { "flood_overlap_pct": 0.0, "building_exposure_pct": 0.0, "road_disruption_pct": 0.0, "population_proxy_pct": 0.0, "cropland_loss_pct": 0.0 }, "primary_reason": "Zero flood exposure detected in current satellite pass.", "recommended_action": "Low exposure: Standard monitoring; maintain flood gate surveillance and culvert clearing.", "rank": 472 }, "geometry": { "type": "Polygon", "coordinates": [ [ [ 77.711797628337862, 8.766645161664336 ], [ 77.711863227068761, 8.775680168311577 ], [ 77.702780949122328, 8.775745351760028 ], [ 77.702715569434289, 8.766710276985048 ], [ 77.711797628337862, 8.766645161664336 ] ] ] } },
{ "type": "Feature", "properties": { "zone_id": "ZONE_R06_C09", "row": 6, "col": 9, "flooded_area_km2": 0.0, "agricultural_exposed_km2": 0.0, "buildings_exposed_count": 0, "roads_exposed_km": 0.0, "total_buildings_count": 1, "total_roads_km": 3.761, "population_exposed_proxy": 0, "land_use_breakdown": { }, "locality_name": "North Basin & Agricultural Belt (Sector 6-9)", "priority_score": 0.0, "score_infra": 0.0, "score_agri": 0.0, "rank_infra": 133, "rank_agri": 133, "exposure_class": "LOW", "class_color": "#22c55e", "contributing_factors_json": { "flood_overlap_pct": 0.0, "building_exposure_pct": 0.0, "road_disruption_pct": 0.0, "population_proxy_pct": 0.0, "cropland_loss_pct": 0.0 }, "primary_reason": "Zero flood exposure detected in current satellite pass.", "recommended_action": "Low exposure: Standard monitoring; maintain flood gate surveillance and culvert clearing.", "rank": 473 }, "geometry": { "type": "Polygon", "coordinates": [ [ [ 77.702715569434289, 8.766710276985048 ], [ 77.702780949122328, 8.775745351760028 ], [ 77.693698601191613, 8.775810317172658 ], [ 77.69363344055472, 8.766775174497802 ], [ 77.702715569434289, 8.766710276985048 ] ] ] } },
{ "type": "Feature", "properties": { "zone_id": "ZONE_R06_C08", "row": 6, "col": 8, "flooded_area_km2": 0.0, "agricultural_exposed_km2": 0.0, "buildings_exposed_count": 0, "roads_exposed_km": 0.0, "total_buildings_count": 0, "total_roads_km": 5.435, "population_exposed_proxy": 0, "land_use_breakdown": { }, "locality_name": "North Basin & Agricultural Belt (Sector 6-8)", "priority_score": 0.0, "score_infra": 0.0, "score_agri": 0.0, "rank_infra": 133, "rank_agri": 133, "exposure_class": "LOW", "class_color": "#22c55e", "contributing_factors_json": { "flood_overlap_pct": 0.0, "building_exposure_pct": 0.0, "road_disruption_pct": 0.0, "population_proxy_pct": 0.0, "cropland_loss_pct": 0.0 }, "primary_reason": "Zero flood exposure detected in current satellite pass.", "recommended_action": "Low exposure: Standard monitoring; maintain flood gate surveillance and culvert clearing.", "rank": 474 }, "geometry": { "type": "Polygon", "coordinates": [ [ [ 77.69363344055472, 8.766775174497802 ], [ 77.693698601191613, 8.775810317172658 ], [ 77.684616183511096, 8.775875064541378 ], [ 77.684551241933562, 8.766839854194519 ], [ 77.69363344055472, 8.766775174497802 ] ] ] } },
{ "type": "Feature", "properties": { "zone_id": "ZONE_R06_C07", "row": 6, "col": 7, "flooded_area_km2": 0.0, "agricultural_exposed_km2": 0.0, "buildings_exposed_count": 0, "roads_exposed_km": 0.0, "total_buildings_count": 31, "total_roads_km": 3.656, "population_exposed_proxy": 0, "land_use_breakdown": { }, "locality_name": "North Basin & Agricultural Belt (Sector 6-7)", "priority_score": 0.0, "score_infra": 0.0, "score_agri": 0.0, "rank_infra": 133, "rank_agri": 133, "exposure_class": "LOW", "class_color": "#22c55e", "contributing_factors_json": { "flood_overlap_pct": 0.0, "building_exposure_pct": 0.0, "road_disruption_pct": 0.0, "population_proxy_pct": 0.0, "cropland_loss_pct": 0.0 }, "primary_reason": "Zero flood exposure detected in current satellite pass.", "recommended_action": "Low exposure: Standard monitoring; maintain flood gate surveillance and culvert clearing.", "rank": 475 }, "geometry": { "type": "Polygon", "coordinates": [ [ [ 77.684551241933562, 8.766839854194519 ], [ 77.684616183511096, 8.775875064541378 ], [ 77.675533696315171, 8.775939593858125 ], [ 77.675468973805224, 8.766904316067137 ], [ 77.684551241933562, 8.766839854194519 ] ] ] } },
{ "type": "Feature", "properties": { "zone_id": "ZONE_R06_C06", "row": 6, "col": 6, "flooded_area_km2": 0.0, "agricultural_exposed_km2": 0.0, "buildings_exposed_count": 0, "roads_exposed_km": 0.0, "total_buildings_count": 2, "total_roads_km": 2.667, "population_exposed_proxy": 0, "land_use_breakdown": { }, "locality_name": "North Basin & Agricultural Belt (Sector 6-6)", "priority_score": 0.0, "score_infra": 0.0, "score_agri": 0.0, "rank_infra": 133, "rank_agri": 133, "exposure_class": "LOW", "class_color": "#22c55e", "contributing_factors_json": { "flood_overlap_pct": 0.0, "building_exposure_pct": 0.0, "road_disruption_pct": 0.0, "population_proxy_pct": 0.0, "cropland_loss_pct": 0.0 }, "primary_reason": "Zero flood exposure detected in current satellite pass.", "recommended_action": "Low exposure: Standard monitoring; maintain flood gate surveillance and culvert clearing.", "rank": 476 }, "geometry": { "type": "Polygon", "coordinates": [ [ [ 77.675468973805224, 8.766904316067137 ], [ 77.675533696315171, 8.775939593858125 ], [ 77.666451139838287, 8.776003905114861 ], [ 77.666386636404098, 8.766968560107632 ], [ 77.675468973805224, 8.766904316067137 ] ] ] } },
{ "type": "Feature", "properties": { "zone_id": "ZONE_R06_C04", "row": 6, "col": 4, "flooded_area_km2": 0.0, "agricultural_exposed_km2": 0.0, "buildings_exposed_count": 0, "roads_exposed_km": 0.0, "total_buildings_count": 0, "total_roads_km": 0.0, "population_exposed_proxy": 0, "land_use_breakdown": { }, "locality_name": "North Basin & Agricultural Belt (Sector 6-4)", "priority_score": 0.0, "score_infra": 0.0, "score_agri": 0.0, "rank_infra": 133, "rank_agri": 133, "exposure_class": "LOW", "class_color": "#22c55e", "contributing_factors_json": { "flood_overlap_pct": 0.0, "building_exposure_pct": 0.0, "road_disruption_pct": 0.0, "population_proxy_pct": 0.0, "cropland_loss_pct": 0.0 }, "primary_reason": "Zero flood exposure detected in current satellite pass.", "recommended_action": "Low exposure: Standard monitoring; maintain flood gate surveillance and culvert clearing.", "rank": 477 }, "geometry": { "type": "Polygon", "coordinates": [ [ [ 77.657304229964637, 8.767032586308005 ], [ 77.657368514314939, 8.776067998303576 ], [ 77.648285819979577, 8.77613187341629 ], [ 77.648221754721291, 8.767096394660276 ], [ 77.657304229964637, 8.767032586308005 ] ] ] } },
{ "type": "Feature", "properties": { "zone_id": "ZONE_R06_C03", "row": 6, "col": 3, "flooded_area_km2": 0.0, "agricultural_exposed_km2": 0.0, "buildings_exposed_count": 0, "roads_exposed_km": 0.0, "total_buildings_count": 1, "total_roads_km": 2.192, "population_exposed_proxy": 0, "land_use_breakdown": { }, "locality_name": "North Basin & Agricultural Belt (Sector 6-3)", "priority_score": 0.0, "score_infra": 0.0, "score_agri": 0.0, "rank_infra": 133, "rank_agri": 133, "exposure_class": "LOW", "class_color": "#22c55e", "contributing_factors_json": { "flood_overlap_pct": 0.0, "building_exposure_pct": 0.0, "road_disruption_pct": 0.0, "population_proxy_pct": 0.0, "cropland_loss_pct": 0.0 }, "primary_reason": "Zero flood exposure detected in current satellite pass.", "recommended_action": "Low exposure: Standard monitoring; maintain flood gate surveillance and culvert clearing.", "rank": 478 }, "geometry": { "type": "Polygon", "coordinates": [ [ [ 77.648221754721291, 8.767096394660276 ], [ 77.648285819979577, 8.77613187341629 ], [ 77.63920305706668, 8.776195530445042 ], [ 77.639139210908496, 8.767159985156502 ], [ 77.648221754721291, 8.767096394660276 ] ] ] } },
{ "type": "Feature", "properties": { "zone_id": "ZONE_R07_C06", "row": 7, "col": 6, "flooded_area_km2": 0.0, "agricultural_exposed_km2": 0.0, "buildings_exposed_count": 0, "roads_exposed_km": 0.0, "total_buildings_count": 0, "total_roads_km": 1.029, "population_exposed_proxy": 0, "land_use_breakdown": { }, "locality_name": "North Basin & Agricultural Belt (Sector 7-6)", "priority_score": 0.0, "score_infra": 0.0, "score_agri": 0.0, "rank_infra": 133, "rank_agri": 133, "exposure_class": "LOW", "class_color": "#22c55e", "contributing_factors_json": { "flood_overlap_pct": 0.0, "building_exposure_pct": 0.0, "road_disruption_pct": 0.0, "population_proxy_pct": 0.0, "cropland_loss_pct": 0.0 }, "primary_reason": "Zero flood exposure detected in current satellite pass.", "recommended_action": "Low exposure: Standard monitoring; maintain flood gate surveillance and culvert clearing.", "rank": 479 }, "geometry": { "type": "Polygon", "coordinates": [ [ [ 77.67540432056802, 8.757869033491513 ], [ 77.675468973805224, 8.766904316067137 ], [ 77.666386636404098, 8.766968560107632 ], [ 77.666322202008232, 8.75793321031888 ], [ 77.67540432056802, 8.757869033491513 ] ] ] } },
{ "type": "Feature", "properties": { "zone_id": "ZONE_R07_C08", "row": 7, "col": 8, "flooded_area_km2": 0.0, "agricultural_exposed_km2": 0.0, "buildings_exposed_count": 0, "roads_exposed_km": 0.0, "total_buildings_count": 3, "total_roads_km": 7.815, "population_exposed_proxy": 0, "land_use_breakdown": { }, "locality_name": "North Basin & Agricultural Belt (Sector 7-8)", "priority_score": 0.0, "score_infra": 0.0, "score_agri": 0.0, "rank_infra": 133, "rank_agri": 133, "exposure_class": "LOW", "class_color": "#22c55e", "contributing_factors_json": { "flood_overlap_pct": 0.0, "building_exposure_pct": 0.0, "road_disruption_pct": 0.0, "population_proxy_pct": 0.0, "cropland_loss_pct": 0.0 }, "primary_reason": "Zero flood exposure detected in current satellite pass.", "recommended_action": "Low exposure: Standard monitoring; maintain flood gate surveillance and culvert clearing.", "rank": 480 }, "geometry": { "type": "Polygon", "coordinates": [ [ [ 77.693568349659444, 8.75774002703206 ], [ 77.69363344055472, 8.766775174497802 ], [ 77.684551241933562, 8.766839854194519 ], [ 77.684486369863237, 8.757804639059902 ], [ 77.693568349659444, 8.75774002703206 ] ] ] } },
{ "type": "Feature", "properties": { "zone_id": "ZONE_R09_C18", "row": 9, "col": 18, "flooded_area_km2": 0.0, "agricultural_exposed_km2": 0.0, "buildings_exposed_count": 0, "roads_exposed_km": 0.0, "total_buildings_count": 0, "total_roads_km": 1.484, "population_exposed_proxy": 0, "land_use_breakdown": { }, "locality_name": "East Thamirabarani Basin (Sector 9-18)", "priority_score": 0.0, "score_infra": 0.0, "score_agri": 0.0, "rank_infra": 133, "rank_agri": 133, "exposure_class": "LOW", "class_color": "#22c55e", "contributing_factors_json": { "flood_overlap_pct": 0.0, "building_exposure_pct": 0.0, "road_disruption_pct": 0.0, "population_proxy_pct": 0.0, "cropland_loss_pct": 0.0 }, "primary_reason": "Zero flood exposure detected in current satellite pass.", "recommended_action": "Low exposure: Standard monitoring; maintain flood gate surveillance and culvert clearing.", "rank": 481 }, "geometry": { "type": "Polygon", "coordinates": [ [ [ 77.784249932462146, 8.7390130098036 ], [ 77.78431706700529, 8.748047477680689 ], [ 77.775236013595887, 8.748114195279953 ], [ 77.775169097325687, 8.739079657462243 ], [ 77.784249932462146, 8.7390130098036 ] ] ] } },
{ "type": "Feature", "properties": { "zone_id": "ZONE_R07_C16", "row": 7, "col": 16, "flooded_area_km2": 0.0, "agricultural_exposed_km2": 0.0, "buildings_exposed_count": 0, "roads_exposed_km": 0.0, "total_buildings_count": 0, "total_roads_km": 0.188, "population_exposed_proxy": 0, "land_use_breakdown": { }, "locality_name": "Vannarpettai & River Corridor (Sector 7-16)", "priority_score": 0.0, "score_infra": 0.0, "score_agri": 0.0, "rank_infra": 133, "rank_agri": 133, "exposure_class": "LOW", "class_color": "#22c55e", "contributing_factors_json": { "flood_overlap_pct": 0.0, "building_exposure_pct": 0.0, "road_disruption_pct": 0.0, "population_proxy_pct": 0.0, "cropland_loss_pct": 0.0 }, "primary_reason": "Zero flood exposure detected in current satellite pass.", "recommended_action": "Low exposure: Standard monitoring; maintain flood gate surveillance and culvert clearing.", "rank": 482 }, "geometry": { "type": "Polygon", "coordinates": [ [ [ 77.766221657941017, 8.757215298316408 ], [ 77.766288499137659, 8.766249896228926 ], [ 77.757206865012094, 8.766316318226155 ], [ 77.757140242573868, 8.757281650822128 ], [ 77.766221657941017, 8.757215298316408 ] ] ] } },
{ "type": "Feature", "properties": { "zone_id": "ZONE_R09_C12", "row": 9, "col": 12, "flooded_area_km2": 0.0, "agricultural_exposed_km2": 0.0, "buildings_exposed_count": 0, "roads_exposed_km": 0.0, "total_buildings_count": 0, "total_roads_km": 2.398, "population_exposed_proxy": 0, "land_use_breakdown": { }, "locality_name": "Tirunelveli Urban Core (Sector 9-12)", "priority_score": 0.0, "score_infra": 0.0, "score_agri": 0.0, "rank_infra": 133, "rank_agri": 133, "exposure_class": "LOW", "class_color": "#22c55e", "contributing_factors_json": { "flood_overlap_pct": 0.0, "building_exposure_pct": 0.0, "road_disruption_pct": 0.0, "population_proxy_pct": 0.0, "cropland_loss_pct": 0.0 }, "primary_reason": "Zero flood exposure detected in current satellite pass.", "recommended_action": "Low exposure: Standard monitoring; maintain flood gate surveillance and culvert clearing.", "rank": 483 }, "geometry": { "type": "Polygon", "coordinates": [ [ [ 77.729763848945723, 8.739409639705134 ], [ 77.729829673724993, 8.748444523809368 ], [ 77.720748192826065, 8.748509937564288 ], [ 77.720682586370032, 8.739474984886122 ], [ 77.729763848945723, 8.739409639705134 ] ] ] } },
{ "type": "Feature", "properties": { "zone_id": "ZONE_R09_C11", "row": 9, "col": 11, "flooded_area_km2": 0.0, "agricultural_exposed_km2": 0.0, "buildings_exposed_count": 0, "roads_exposed_km": 0.0, "total_buildings_count": 3, "total_roads_km": 7.672, "population_exposed_proxy": 0, "land_use_breakdown": { }, "locality_name": "Tirunelveli Urban Core (Sector 9-11)", "priority_score": 0.0, "score_infra": 0.0, "score_agri": 0.0, "rank_infra": 133, "rank_agri": 133, "exposure_class": "LOW", "class_color": "#22c55e", "contributing_factors_json": { "flood_overlap_pct": 0.0, "building_exposure_pct": 0.0, "road_disruption_pct": 0.0, "population_proxy_pct": 0.0, "cropland_loss_pct": 0.0 }, "primary_reason": "Zero flood exposure detected in current satellite pass.", "recommended_action": "Low exposure: Standard monitoring; maintain flood gate surveillance and culvert clearing.", "rank": 484 }, "geometry": { "type": "Polygon", "coordinates": [ [ [ 77.720682586370032, 8.739474984886122 ], [ 77.720748192826065, 8.748509937564288 ], [ 77.711666641498965, 8.748575133983149 ], [ 77.71160125337444, 8.739540112958869 ], [ 77.720682586370032, 8.739474984886122 ] ] ] } },
{ "type": "Feature", "properties": { "zone_id": "ZONE_R09_C05", "row": 9, "col": 5, "flooded_area_km2": 0.0, "agricultural_exposed_km2": 0.0, "buildings_exposed_count": 0, "roads_exposed_km": 0.0, "total_buildings_count": 0, "total_roads_km": 13.055, "population_exposed_proxy": 0, "land_use_breakdown": { }, "locality_name": "West Highland & Catchment (Sector 9-5)", "priority_score": 0.0, "score_infra": 0.0, "score_agri": 0.0, "rank_infra": 133, "rank_agri": 133, "exposure_class": "LOW", "class_color": "#22c55e", "contributing_factors_json": { "flood_overlap_pct": 0.0, "building_exposure_pct": 0.0, "road_disruption_pct": 0.0, "population_proxy_pct": 0.0, "cropland_loss_pct": 0.0 }, "primary_reason": "Zero flood exposure detected in current satellite pass.", "recommended_action": "Low exposure: Standard monitoring; maintain flood gate surveillance and culvert clearing.", "rank": 485 }, "geometry": { "type": "Polygon", "coordinates": [ [ [ 77.666193540298934, 8.739862496416038 ], [ 77.666257836642558, 8.748897855753405 ], [ 77.657175867667604, 8.748961747986382 ], [ 77.657111789704643, 8.739926321669955 ], [ 77.666193540298934, 8.739862496416038 ] ] ] } },
{ "type": "Feature", "properties": { "zone_id": "ZONE_R09_C01", "row": 9, "col": 1, "flooded_area_km2": 0.0, "agricultural_exposed_km2": 0.0, "buildings_exposed_count": 0, "roads_exposed_km": 0.0, "total_buildings_count": 0, "total_roads_km": 1.808, "population_exposed_proxy": 0, "land_use_breakdown": { }, "locality_name": "West Highland & Catchment (Sector 9-1)", "priority_score": 0.0, "score_infra": 0.0, "score_agri": 0.0, "rank_infra": 133, "rank_agri": 133, "exposure_class": "LOW", "class_color": "#22c55e", "contributing_factors_json": { "flood_overlap_pct": 0.0, "building_exposure_pct": 0.0, "road_disruption_pct": 0.0, "population_proxy_pct": 0.0, "cropland_loss_pct": 0.0 }, "primary_reason": "Zero flood exposure detected in current satellite pass.", "recommended_action": "Low exposure: Standard monitoring; maintain flood gate surveillance and culvert clearing.", "rank": 486 }, "geometry": { "type": "Polygon", "coordinates": [ [ [ 77.62986612618171, 8.740116494413366 ], [ 77.629929548954237, 8.749152120299691 ], [ 77.620847306234978, 8.749215142915912 ], [ 77.620784101875302, 8.740179450962072 ], [ 77.62986612618171, 8.740116494413366 ] ] ] } },
{ "type": "Feature", "properties": { "zone_id": "ZONE_R08_C22", "row": 8, "col": 22, "flooded_area_km2": 0.0, "agricultural_exposed_km2": 0.0, "buildings_exposed_count": 0, "roads_exposed_km": 0.0, "total_buildings_count": 0, "total_roads_km": 0.948, "population_exposed_proxy": 0, "land_use_breakdown": { }, "locality_name": "North Basin & Agricultural Belt (Sector 8-22)", "priority_score": 0.0, "score_infra": 0.0, "score_agri": 0.0, "rank_infra": 133, "rank_agri": 133, "exposure_class": "LOW", "class_color": "#22c55e", "contributing_factors_json": { "flood_overlap_pct": 0.0, "building_exposure_pct": 0.0, "road_disruption_pct": 0.0, "population_proxy_pct": 0.0, "cropland_loss_pct": 0.0 }, "primary_reason": "Zero flood exposure detected in current satellite pass.", "recommended_action": "Low exposure: Standard monitoring; maintain flood gate surveillance and culvert clearing.", "rank": 487 }, "geometry": { "type": "Polygon", "coordinates": [ [ [ 77.819460062456457, 8.747787233133948 ], [ 77.819528114610492, 8.756821423369095 ], [ 77.811627655969019, 8.75688027311139 ], [ 77.811559793887056, 8.747846021245419 ], [ 77.819460062456457, 8.747787233133948 ] ] ] } },
{ "type": "Feature", "properties": { "zone_id": "ZONE_R08_C21", "row": 8, "col": 21, "flooded_area_km2": 0.0, "agricultural_exposed_km2": 0.0, "buildings_exposed_count": 0, "roads_exposed_km": 0.0, "total_buildings_count": 0, "total_roads_km": 0.537, "population_exposed_proxy": 0, "land_use_breakdown": { }, "locality_name": "North Basin & Agricultural Belt (Sector 8-21)", "priority_score": 0.0, "score_infra": 0.0, "score_agri": 0.0, "rank_infra": 133, "rank_agri": 133, "exposure_class": "LOW", "class_color": "#22c55e", "contributing_factors_json": { "flood_overlap_pct": 0.0, "building_exposure_pct": 0.0, "road_disruption_pct": 0.0, "population_proxy_pct": 0.0, "cropland_loss_pct": 0.0 }, "primary_reason": "Zero flood exposure detected in current satellite pass.", "recommended_action": "Low exposure: Standard monitoring; maintain flood gate surveillance and culvert clearing.", "rank": 488 }, "geometry": { "type": "Polygon", "coordinates": [ [ [ 77.811559793887056, 8.747846021245419 ], [ 77.811627655969019, 8.75688027311139 ], [ 77.802546600985423, 8.756947713148154 ], [ 77.802478957385119, 8.747913390655075 ], [ 77.811559793887056, 8.747846021245419 ] ] ] } },
{ "type": "Feature", "properties": { "zone_id": "ZONE_R08_C20", "row": 8, "col": 20, "flooded_area_km2": 0.0, "agricultural_exposed_km2": 0.0, "buildings_exposed_count": 0, "roads_exposed_km": 0.0, "total_buildings_count": 1, "total_roads_km": 6.023, "population_exposed_proxy": 0, "land_use_breakdown": { }, "locality_name": "North Basin & Agricultural Belt (Sector 8-20)", "priority_score": 0.0, "score_infra": 0.0, "score_agri": 0.0, "rank_infra": 133, "rank_agri": 133, "exposure_class": "LOW", "class_color": "#22c55e", "contributing_factors_json": { "flood_overlap_pct": 0.0, "building_exposure_pct": 0.0, "road_disruption_pct": 0.0, "population_proxy_pct": 0.0, "cropland_loss_pct": 0.0 }, "primary_reason": "Zero flood exposure detected in current satellite pass.", "recommended_action": "Low exposure: Standard monitoring; maintain flood gate surveillance and culvert clearing.", "rank": 489 }, "geometry": { "type": "Polygon", "coordinates": [ [ [ 77.802478957385119, 8.747913390655075 ], [ 77.802546600985423, 8.756947713148154 ], [ 77.793465473456536, 8.757014935695391 ], [ 77.793398048346432, 8.747980542802949 ], [ 77.802478957385119, 8.747913390655075 ] ] ] } },
{ "type": "Feature", "properties": { "zone_id": "ZONE_R08_C19", "row": 8, "col": 19, "flooded_area_km2": 0.0, "agricultural_exposed_km2": 0.0, "buildings_exposed_count": 0, "roads_exposed_km": 0.0, "total_buildings_count": 0, "total_roads_km": 0.632, "population_exposed_proxy": 0, "land_use_breakdown": { }, "locality_name": "North Basin & Agricultural Belt (Sector 8-19)", "priority_score": 0.0, "score_infra": 0.0, "score_agri": 0.0, "rank_infra": 133, "rank_agri": 133, "exposure_class": "LOW", "class_color": "#22c55e", "contributing_factors_json": { "flood_overlap_pct": 0.0, "building_exposure_pct": 0.0, "road_disruption_pct": 0.0, "population_proxy_pct": 0.0, "cropland_loss_pct": 0.0 }, "primary_reason": "Zero flood exposure detected in current satellite pass.", "recommended_action": "Low exposure: Standard monitoring; maintain flood gate surveillance and culvert clearing.", "rank": 490 }, "geometry": { "type": "Polygon", "coordinates": [ [ [ 77.793398048346432, 8.747980542802949 ], [ 77.793465473456536, 8.757014935695391 ], [ 77.784384273616666, 8.757081940744737 ], [ 77.78431706700529, 8.748047477680689 ], [ 77.793398048346432, 8.747980542802949 ] ] ] } },
{ "type": "Feature", "properties": { "zone_id": "ZONE_R08_C18", "row": 8, "col": 18, "flooded_area_km2": 0.0, "agricultural_exposed_km2": 0.0, "buildings_exposed_count": 0, "roads_exposed_km": 0.0, "total_buildings_count": 0, "total_roads_km": 1.025, "population_exposed_proxy": 0, "land_use_breakdown": { }, "locality_name": "North Basin & Agricultural Belt (Sector 8-18)", "priority_score": 0.0, "score_infra": 0.0, "score_agri": 0.0, "rank_infra": 133, "rank_agri": 133, "exposure_class": "LOW", "class_color": "#22c55e", "contributing_factors_json": { "flood_overlap_pct": 0.0, "building_exposure_pct": 0.0, "road_disruption_pct": 0.0, "population_proxy_pct": 0.0, "cropland_loss_pct": 0.0 }, "primary_reason": "Zero flood exposure detected in current satellite pass.", "recommended_action": "Low exposure: Standard monitoring; maintain flood gate surveillance and culvert clearing.", "rank": 491 }, "geometry": { "type": "Polygon", "coordinates": [ [ [ 77.78431706700529, 8.748047477680689 ], [ 77.784384273616666, 8.757081940744737 ], [ 77.775303001700053, 8.757148728287847 ], [ 77.775236013595887, 8.748114195279953 ], [ 77.78431706700529, 8.748047477680689 ] ] ] } },
{ "type": "Feature", "properties": { "zone_id": "ZONE_R08_C09", "row": 8, "col": 9, "flooded_area_km2": 0.0, "agricultural_exposed_km2": 0.0, "buildings_exposed_count": 0, "roads_exposed_km": 0.0, "total_buildings_count": 1, "total_roads_km": 10.876, "population_exposed_proxy": 0, "land_use_breakdown": { }, "locality_name": "North Basin & Agricultural Belt (Sector 8-9)", "priority_score": 0.0, "score_infra": 0.0, "score_agri": 0.0, "rank_infra": 133, "rank_agri": 133, "exposure_class": "LOW", "class_color": "#22c55e", "contributing_factors_json": { "flood_overlap_pct": 0.0, "building_exposure_pct": 0.0, "road_disruption_pct": 0.0, "population_proxy_pct": 0.0, "cropland_loss_pct": 0.0 }, "primary_reason": "Zero flood exposure detected in current satellite pass.", "recommended_action": "Low exposure: Standard monitoring; maintain flood gate surveillance and culvert clearing.", "rank": 492 }, "geometry": { "type": "Polygon", "coordinates": [ [ [ 77.702585019978017, 8.748640113057837 ], [ 77.702650259722276, 8.757675197416043 ], [ 77.693568349659444, 8.75774002703206 ], [ 77.693503328497528, 8.748704874780259 ], [ 77.702585019978017, 8.748640113057837 ] ] ] } },
{ "type": "Feature", "properties": { "zone_id": "ZONE_R08_C08", "row": 8, "col": 8, "flooded_area_km2": 0.0, "agricultural_exposed_km2": 0.0, "buildings_exposed_count": 0, "roads_exposed_km": 0.0, "total_buildings_count": 3, "total_roads_km": 14.507, "population_exposed_proxy": 0, "land_use_breakdown": { }, "locality_name": "North Basin & Agricultural Belt (Sector 8-8)", "priority_score": 0.0, "score_infra": 0.0, "score_agri": 0.0, "rank_infra": 133, "rank_agri": 133, "exposure_class": "LOW", "class_color": "#22c55e", "contributing_factors_json": { "flood_overlap_pct": 0.0, "building_exposure_pct": 0.0, "road_disruption_pct": 0.0, "population_proxy_pct": 0.0, "cropland_loss_pct": 0.0 }, "primary_reason": "Zero flood exposure detected in current satellite pass.", "recommended_action": "Low exposure: Standard monitoring; maintain flood gate surveillance and culvert clearing.", "rank": 493 }, "geometry": { "type": "Polygon", "coordinates": [ [ [ 77.693503328497528, 8.748704874780259 ], [ 77.693568349659444, 8.75774002703206 ], [ 77.684486369863237, 8.757804639059902 ], [ 77.684421567291892, 8.748769419142347 ], [ 77.693503328497528, 8.748704874780259 ] ] ] } },
{ "type": "Feature", "properties": { "zone_id": "ZONE_R08_C07", "row": 8, "col": 7, "flooded_area_km2": 0.0, "agricultural_exposed_km2": 0.0, "buildings_exposed_count": 0, "roads_exposed_km": 0.0, "total_buildings_count": 0, "total_roads_km": 2.842, "population_exposed_proxy": 0, "land_use_breakdown": { }, "locality_name": "North Basin & Agricultural Belt (Sector 8-7)", "priority_score": 0.0, "score_infra": 0.0, "score_agri": 0.0, "rank_infra": 133, "rank_agri": 133, "exposure_class": "LOW", "class_color": "#22c55e", "contributing_factors_json": { "flood_overlap_pct": 0.0, "building_exposure_pct": 0.0, "road_disruption_pct": 0.0, "population_proxy_pct": 0.0, "cropland_loss_pct": 0.0 }, "primary_reason": "Zero flood exposure detected in current satellite pass.", "recommended_action": "Low exposure: Standard monitoring; maintain flood gate surveillance and culvert clearing.", "rank": 494 }, "geometry": { "type": "Polygon", "coordinates": [ [ [ 77.684421567291892, 8.748769419142347 ], [ 77.684486369863237, 8.757804639059902 ], [ 77.67540432056802, 8.757869033491513 ], [ 77.675339736595447, 8.748833746136066 ], [ 77.684421567291892, 8.748769419142347 ] ] ] } },
{ "type": "Feature", "properties": { "zone_id": "ZONE_R08_C06", "row": 8, "col": 6, "flooded_area_km2": 0.0, "agricultural_exposed_km2": 0.0, "buildings_exposed_count": 0, "roads_exposed_km": 0.0, "total_buildings_count": 0, "total_roads_km": 1.024, "population_exposed_proxy": 0, "land_use_breakdown": { }, "locality_name": "North Basin & Agricultural Belt (Sector 8-6)", "priority_score": 0.0, "score_infra": 0.0, "score_agri": 0.0, "rank_infra": 133, "rank_agri": 133, "exposure_class": "LOW", "class_color": "#22c55e", "contributing_factors_json": { "flood_overlap_pct": 0.0, "building_exposure_pct": 0.0, "road_disruption_pct": 0.0, "population_proxy_pct": 0.0, "cropland_loss_pct": 0.0 }, "primary_reason": "Zero flood exposure detected in current satellite pass.", "recommended_action": "Low exposure: Standard monitoring; maintain flood gate surveillance and culvert clearing.", "rank": 495 }, "geometry": { "type": "Polygon", "coordinates": [ [ [ 77.675339736595447, 8.748833746136066 ], [ 77.67540432056802, 8.757869033491513 ], [ 77.666322202008232, 8.75793321031888 ], [ 77.666257836642558, 8.748897855753405 ], [ 77.675339736595447, 8.748833746136066 ] ] ] } },
{ "type": "Feature", "properties": { "zone_id": "ZONE_R08_C05", "row": 8, "col": 5, "flooded_area_km2": 0.0, "agricultural_exposed_km2": 0.0, "buildings_exposed_count": 0, "roads_exposed_km": 0.0, "total_buildings_count": 0, "total_roads_km": 1.262, "population_exposed_proxy": 0, "land_use_breakdown": { }, "locality_name": "North Basin & Agricultural Belt (Sector 8-5)", "priority_score": 0.0, "score_infra": 0.0, "score_agri": 0.0, "rank_infra": 133, "rank_agri": 133, "exposure_class": "LOW", "class_color": "#22c55e", "contributing_factors_json": { "flood_overlap_pct": 0.0, "building_exposure_pct": 0.0, "road_disruption_pct": 0.0, "population_proxy_pct": 0.0, "cropland_loss_pct": 0.0 }, "primary_reason": "Zero flood exposure detected in current satellite pass.", "recommended_action": "Low exposure: Standard monitoring; maintain flood gate surveillance and culvert clearing.", "rank": 496 }, "geometry": { "type": "Polygon", "coordinates": [ [ [ 77.666257836642558, 8.748897855753405 ], [ 77.666322202008232, 8.75793321031888 ], [ 77.657240014418221, 8.757997169534004 ], [ 77.657175867667604, 8.748961747986382 ], [ 77.666257836642558, 8.748897855753405 ] ] ] } },
{ "type": "Feature", "properties": { "zone_id": "ZONE_R08_C04", "row": 8, "col": 4, "flooded_area_km2": 0.0, "agricultural_exposed_km2": 0.0, "buildings_exposed_count": 0, "roads_exposed_km": 0.0, "total_buildings_count": 0, "total_roads_km": 4.619, "population_exposed_proxy": 0, "land_use_breakdown": { }, "locality_name": "North Basin & Agricultural Belt (Sector 8-4)", "priority_score": 0.0, "score_infra": 0.0, "score_agri": 0.0, "rank_infra": 133, "rank_agri": 133, "exposure_class": "LOW", "class_color": "#22c55e", "contributing_factors_json": { "flood_overlap_pct": 0.0, "building_exposure_pct": 0.0, "road_disruption_pct": 0.0, "population_proxy_pct": 0.0, "cropland_loss_pct": 0.0 }, "primary_reason": "Zero flood exposure detected in current satellite pass.", "recommended_action": "Low exposure: Standard monitoring; maintain flood gate surveillance and culvert clearing.", "rank": 497 }, "geometry": { "type": "Polygon", "coordinates": [ [ [ 77.657175867667604, 8.748961747986382 ], [ 77.657240014418221, 8.757997169534004 ], [ 77.64815775803244, 8.758060911128924 ], [ 77.648093829904951, 8.749025422827039 ], [ 77.657175867667604, 8.748961747986382 ] ] ] } },
{ "type": "Feature", "properties": { "zone_id": "ZONE_R08_C03", "row": 8, "col": 3, "flooded_area_km2": 0.0, "agricultural_exposed_km2": 0.0, "buildings_exposed_count": 0, "roads_exposed_km": 0.0, "total_buildings_count": 0, "total_roads_km": 2.33, "population_exposed_proxy": 0, "land_use_breakdown": { }, "locality_name": "North Basin & Agricultural Belt (Sector 8-3)", "priority_score": 0.0, "score_infra": 0.0, "score_agri": 0.0, "rank_infra": 133, "rank_agri": 133, "exposure_class": "LOW", "class_color": "#22c55e", "contributing_factors_json": { "flood_overlap_pct": 0.0, "building_exposure_pct": 0.0, "road_disruption_pct": 0.0, "population_proxy_pct": 0.0, "cropland_loss_pct": 0.0 }, "primary_reason": "Zero flood exposure detected in current satellite pass.", "recommended_action": "Low exposure: Standard monitoring; maintain flood gate surveillance and culvert clearing.", "rank": 498 }, "geometry": { "type": "Polygon", "coordinates": [ [ [ 77.648093829904951, 8.749025422827039 ], [ 77.64815775803244, 8.758060911128924 ], [ 77.63907543308531, 8.758124435095702 ], [ 77.639011723589036, 8.749088880267442 ], [ 77.648093829904951, 8.749025422827039 ] ] ] } },
{ "type": "Feature", "properties": { "zone_id": "ZONE_R08_C02", "row": 8, "col": 2, "flooded_area_km2": 0.0, "agricultural_exposed_km2": 0.0, "buildings_exposed_count": 0, "roads_exposed_km": 0.0, "total_buildings_count": 0, "total_roads_km": 3.968, "population_exposed_proxy": 0, "land_use_breakdown": { }, "locality_name": "North Basin & Agricultural Belt (Sector 8-2)", "priority_score": 0.0, "score_infra": 0.0, "score_agri": 0.0, "rank_infra": 133, "rank_agri": 133, "exposure_class": "LOW", "class_color": "#22c55e", "contributing_factors_json": { "flood_overlap_pct": 0.0, "building_exposure_pct": 0.0, "road_disruption_pct": 0.0, "population_proxy_pct": 0.0, "cropland_loss_pct": 0.0 }, "primary_reason": "Zero flood exposure detected in current satellite pass.", "recommended_action": "Low exposure: Standard monitoring; maintain flood gate surveillance and culvert clearing.", "rank": 499 }, "geometry": { "type": "Polygon", "coordinates": [ [ [ 77.639011723589036, 8.749088880267442 ], [ 77.63907543308531, 8.758124435095702 ], [ 77.629993039811239, 8.758187741426426 ], [ 77.629929548954237, 8.749152120299691 ], [ 77.639011723589036, 8.749088880267442 ] ] ] } },
{ "type": "Feature", "properties": { "zone_id": "ZONE_R07_C22", "row": 7, "col": 22, "flooded_area_km2": 0.0, "agricultural_exposed_km2": 0.0, "buildings_exposed_count": 0, "roads_exposed_km": 0.0, "total_buildings_count": 0, "total_roads_km": 1.86, "population_exposed_proxy": 0, "land_use_breakdown": { }, "locality_name": "North Basin & Agricultural Belt (Sector 7-22)", "priority_score": 0.0, "score_infra": 0.0, "score_agri": 0.0, "rank_infra": 133, "rank_agri": 133, "exposure_class": "LOW", "class_color": "#22c55e", "contributing_factors_json": { "flood_overlap_pct": 0.0, "building_exposure_pct": 0.0, "road_disruption_pct": 0.0, "population_proxy_pct": 0.0, "cropland_loss_pct": 0.0 }, "primary_reason": "Zero flood exposure detected in current satellite pass.", "recommended_action": "Low exposure: Standard monitoring; maintain flood gate surveillance and culvert clearing.", "rank": 500 }, "geometry": { "type": "Polygon", "coordinates": [ [ [ 77.819528114610492, 8.756821423369095 ], [ 77.819596239747881, 8.765855608773725 ], [ 77.811695590830524, 8.765914520149702 ], [ 77.811627655969019, 8.75688027311139 ], [ 77.819528114610492, 8.756821423369095 ] ] ] } },
{ "type": "Feature", "properties": { "zone_id": "ZONE_R07_C21", "row": 7, "col": 21, "flooded_area_km2": 0.0, "agricultural_exposed_km2": 0.0, "buildings_exposed_count": 0, "roads_exposed_km": 0.0, "total_buildings_count": 0, "total_roads_km": 2.837, "population_exposed_proxy": 0, "land_use_breakdown": { }, "locality_name": "North Basin & Agricultural Belt (Sector 7-21)", "priority_score": 0.0, "score_infra": 0.0, "score_agri": 0.0, "rank_infra": 133, "rank_agri": 133, "exposure_class": "LOW", "class_color": "#22c55e", "contributing_factors_json": { "flood_overlap_pct": 0.0, "building_exposure_pct": 0.0, "road_disruption_pct": 0.0, "population_proxy_pct": 0.0, "cropland_loss_pct": 0.0 }, "primary_reason": "Zero flood exposure detected in current satellite pass.", "recommended_action": "Low exposure: Standard monitoring; maintain flood gate surveillance and culvert clearing.", "rank": 501 }, "geometry": { "type": "Polygon", "coordinates": [ [ [ 77.811627655969019, 8.75688027311139 ], [ 77.811695590830524, 8.765914520149702 ], [ 77.802614317131003, 8.765982030816827 ], [ 77.802546600985423, 8.756947713148154 ], [ 77.811627655969019, 8.75688027311139 ] ] ] } },
{ "type": "Feature", "properties": { "zone_id": "ZONE_R07_C20", "row": 7, "col": 20, "flooded_area_km2": 0.0, "agricultural_exposed_km2": 0.0, "buildings_exposed_count": 0, "roads_exposed_km": 0.0, "total_buildings_count": 0, "total_roads_km": 2.967, "population_exposed_proxy": 0, "land_use_breakdown": { }, "locality_name": "North Basin & Agricultural Belt (Sector 7-20)", "priority_score": 0.0, "score_infra": 0.0, "score_agri": 0.0, "rank_infra": 133, "rank_agri": 133, "exposure_class": "LOW", "class_color": "#22c55e", "contributing_factors_json": { "flood_overlap_pct": 0.0, "building_exposure_pct": 0.0, "road_disruption_pct": 0.0, "population_proxy_pct": 0.0, "cropland_loss_pct": 0.0 }, "primary_reason": "Zero flood exposure detected in current satellite pass.", "recommended_action": "Low exposure: Standard monitoring; maintain flood gate surveillance and culvert clearing.", "rank": 502 }, "geometry": { "type": "Polygon", "coordinates": [ [ [ 77.802546600985423, 8.756947713148154 ], [ 77.802614317131003, 8.765982030816827 ], [ 77.793532970877635, 8.76604932376668 ], [ 77.793465473456536, 8.757014935695391 ], [ 77.802546600985423, 8.756947713148154 ] ] ] } },
{ "type": "Feature", "properties": { "zone_id": "ZONE_R07_C19", "row": 7, "col": 19, "flooded_area_km2": 0.0, "agricultural_exposed_km2": 0.0, "buildings_exposed_count": 0, "roads_exposed_km": 0.0, "total_buildings_count": 0, "total_roads_km": 1.603, "population_exposed_proxy": 0, "land_use_breakdown": { }, "locality_name": "North Basin & Agricultural Belt (Sector 7-19)", "priority_score": 0.0, "score_infra": 0.0, "score_agri": 0.0, "rank_infra": 133, "rank_agri": 133, "exposure_class": "LOW", "class_color": "#22c55e", "contributing_factors_json": { "flood_overlap_pct": 0.0, "building_exposure_pct": 0.0, "road_disruption_pct": 0.0, "population_proxy_pct": 0.0, "cropland_loss_pct": 0.0 }, "primary_reason": "Zero flood exposure detected in current satellite pass.", "recommended_action": "Low exposure: Standard monitoring; maintain flood gate surveillance and culvert clearing.", "rank": 503 }, "geometry": { "type": "Polygon", "coordinates": [ [ [ 77.793465473456536, 8.757014935695391 ], [ 77.793532970877635, 8.76604932376668 ], [ 77.784451552304759, 8.766116398990876 ], [ 77.784384273616666, 8.757081940744737 ], [ 77.793465473456536, 8.757014935695391 ] ] ] } },
{ "type": "Feature", "properties": { "zone_id": "ZONE_R07_C18", "row": 7, "col": 18, "flooded_area_km2": 0.0, "agricultural_exposed_km2": 0.0, "buildings_exposed_count": 0, "roads_exposed_km": 0.0, "total_buildings_count": 0, "total_roads_km": 6.431, "population_exposed_proxy": 0, "land_use_breakdown": { }, "locality_name": "North Basin & Agricultural Belt (Sector 7-18)", "priority_score": 0.0, "score_infra": 0.0, "score_agri": 0.0, "rank_infra": 133, "rank_agri": 133, "exposure_class": "LOW", "class_color": "#22c55e", "contributing_factors_json": { "flood_overlap_pct": 0.0, "building_exposure_pct": 0.0, "road_disruption_pct": 0.0, "population_proxy_pct": 0.0, "cropland_loss_pct": 0.0 }, "primary_reason": "Zero flood exposure detected in current satellite pass.", "recommended_action": "Low exposure: Standard monitoring; maintain flood gate surveillance and culvert clearing.", "rank": 504 }, "geometry": { "type": "Polygon", "coordinates": [ [ [ 77.784384273616666, 8.757081940744737 ], [ 77.784451552304759, 8.766116398990876 ], [ 77.775370061646655, 8.766183256481064 ], [ 77.775303001700053, 8.757148728287847 ], [ 77.784384273616666, 8.757081940744737 ] ] ] } },
{ "type": "Feature", "properties": { "zone_id": "ZONE_R07_C17", "row": 7, "col": 17, "flooded_area_km2": 0.0, "agricultural_exposed_km2": 0.0, "buildings_exposed_count": 0, "roads_exposed_km": 0.0, "total_buildings_count": 0, "total_roads_km": 1.282, "population_exposed_proxy": 0, "land_use_breakdown": { }, "locality_name": "Vannarpettai & River Corridor (Sector 7-17)", "priority_score": 0.0, "score_infra": 0.0, "score_agri": 0.0, "rank_infra": 133, "rank_agri": 133, "exposure_class": "LOW", "class_color": "#22c55e", "contributing_factors_json": { "flood_overlap_pct": 0.0, "building_exposure_pct": 0.0, "road_disruption_pct": 0.0, "population_proxy_pct": 0.0, "cropland_loss_pct": 0.0 }, "primary_reason": "Zero flood exposure detected in current satellite pass.", "recommended_action": "Low exposure: Standard monitoring; maintain flood gate surveillance and culvert clearing.", "rank": 505 }, "geometry": { "type": "Polygon", "coordinates": [ [ [ 77.775303001700053, 8.757148728287847 ], [ 77.775370061646655, 8.766183256481064 ], [ 77.766288499137659, 8.766249896228926 ], [ 77.766221657941017, 8.757215298316408 ], [ 77.775303001700053, 8.757148728287847 ] ] ] } },
{ "type": "Feature", "properties": { "zone_id": "ZONE_R23_C22", "row": 23, "col": 22, "flooded_area_km2": 0.0, "agricultural_exposed_km2": 0.0, "buildings_exposed_count": 0, "roads_exposed_km": 0.0, "total_buildings_count": 0, "total_roads_km": 0.0, "population_exposed_proxy": 0, "land_use_breakdown": { }, "locality_name": "South Agricultural Basin (Sector 23-22)", "priority_score": 0.0, "score_infra": 0.0, "score_agri": 0.0, "rank_infra": 133, "rank_agri": 133, "exposure_class": "LOW", "class_color": "#22c55e", "contributing_factors_json": { "flood_overlap_pct": 0.0, "building_exposure_pct": 0.0, "road_disruption_pct": 0.0, "population_proxy_pct": 0.0, "cropland_loss_pct": 0.0 }, "primary_reason": "Zero flood exposure detected in current satellite pass.", "recommended_action": "Low exposure: Standard monitoring; maintain flood gate surveillance and culvert clearing.", "rank": 506 }, "geometry": { "type": "Polygon", "coordinates": [ [ [ 77.818494225851254, 8.618507444624472 ], [ 77.818514990755972, 8.621308065369245 ], [ 77.810617361809918, 8.62136599094627 ], [ 77.810596654902525, 8.618565351108758 ], [ 77.818494225851254, 8.618507444624472 ] ] ] } }
]
}
